Workbook

Sheet Instructions
A2: INSTRUCTION on How to USE this report
A3: 1) Enter all FML claim details in "Data Report Sheet" TAB - make sure all Invoice number is correct
A4: 2) Paste the report downloaded from fml on "PDI report", FSC report and" Warranty report" TABS
A5: 3) Make sure that duplication data is not pasted on the report sheet
A6: 4) Goto "DATA" in menu - Click on "Refresh All"

Sheet Data Report sheet
A1: GAPL Claim invoice number | B1: GAPL Internal Claim No | C1: GAPL Invoice Date | D1: Invoice Value | E1: Type of Claim (PDI/Warranty/Service Campaign/Breakdown/Others) | F1: Claim status | G1: Claim Passed Amount | H1: Rejected Amount | I1: Payment Date | J1: Remarks | K1: Claim Month | L1: Claim Year
A2: WCI25C000102 | B2: 356 | C2: 45743 | D2: 2765 | E2: Warranty | F2: Accepted | G2: 2765 | H2: =IF(ISERROR(VLOOKUP(A2,Report!A:D,4,FALSE)),"NOT FOUND",VLOOKUP(A2,Report!A:D,4,FALSE)) -> NOT FOUND | I2: 45813 | K2: =MONTH(C2) -> 3 | L2: =YEAR(C2) -> 2025
A3: WCI25C000103 | B3: 357 | C3: 45743 | D3: 2588 | E3: Warranty | F3: Accepted | G3: 2588 | H3: =IF(ISERROR(VLOOKUP(A3,Report!A:D,4,FALSE)),"NOT FOUND",VLOOKUP(A3,Report!A:D,4,FALSE)) -> NOT FOUND | I3: 45813 | K3: =MONTH(C3) -> 3 | L3: =YEAR(C3) -> 2025
A4: WCI26C000001 | B4: 358 | C4: 45777 | D4: 1465 | E4: Warranty | F4: REJECTED | G4: =IF(ISERROR(VLOOKUP(A4,Report!A:D,3,FALSE)),"NOT FOUND",VLOOKUP(A4,Report!A:D,3,FALSE)) -> 0 | H4: =IF(ISERROR(VLOOKUP(A4,Report!A:D,4,FALSE)),"NOT FOUND",VLOOKUP(A4,Report!A:D,4,FALSE)) -> 1464.91 | I4: =IF(ISERROR(VLOOKUP(A4,Report!A:D,2,FALSE)),"NOT FOUND",VLOOKUP(A4,Report!A:D,2,FALSE)) -> 29-05-2025 | K4: =MONTH(C4) -> 4 | L4: =YEAR(C4) -> 2025
A5: WCI26C000002 | B5: 359 | C5: 45777 | D5: 2187 | E5: Warranty | F5: =IF((D5-G5)<10,"Accepted","Partial/Rejected") -> Accepted | G5: =IF(ISERROR(VLOOKUP(A5,Report!A:D,3,FALSE)),"NOT FOUND",VLOOKUP(A5,Report!A:D,3,FALSE)) -> 2186.85 | H5: =IF(ISERROR(VLOOKUP(A5,Report!A:D,4,FALSE)),"NOT FOUND",VLOOKUP(A5,Report!A:D,4,FALSE)) -> 0 | I5: =IF(ISERROR(VLOOKUP(A5,Report!A:D,2,FALSE)),"NOT FOUND",VLOOKUP(A5,Report!A:D,2,FALSE)) -> 29-05-2025 | K5: =MONTH(C5) -> 4 | L5: =YEAR(C5) -> 2025
A6: PCI26C000001 | C6: 45770 | D6: 7375 | E6: REMOTE SERVICE CAMP | F6: =IF((D6-G6)<10,"Accepted","Partial/Rejected") -> Accepted | G6: 7375 | H6: =IF(ISERROR(VLOOKUP(A6,Report!A:D,4,FALSE)),"NOT FOUND",VLOOKUP(A6,Report!A:D,4,FALSE)) -> NOT FOUND | I6: 45831 | K6: =MONTH(C6) -> 4 | L6: =YEAR(C6) -> 2025
A7: PCI26C000002 | C7: 45770 | D7: 8661 | E7: REMOTE SERVICE CAMP | F7: =IF((D7-G7)<10,"Accepted","Partial/Rejected") -> Accepted | G7: 8661.2 | H7: =IF(ISERROR(VLOOKUP(A7,Report!A:D,4,FALSE)),"NOT FOUND",VLOOKUP(A7,Report!A:D,4,FALSE)) -> NOT FOUND | I7: 45831 | K7: =MONTH(C7) -> 4 | L7: =YEAR(C7) -> 2025
A8: PCI26C000003 | C8: 45777 | D8: 8685 | E8: REMOTE SERVICE CAMP | F8: =IF((D8-G8)<10,"Accepted","Partial/Rejected") -> Accepted | G8: 8684.8 | H8: =IF(ISERROR(VLOOKUP(A8,Report!A:D,4,FALSE)),"NOT FOUND",VLOOKUP(A8,Report!A:D,4,FALSE)) -> NOT FOUND | I8: 45868 | K8: =MONTH(C8) -> 4 | L8: =YEAR(C8) -> 2025
A9: PCI26C000004 | C9: 45777 | D9: 8484 | E9: REMOTE SERVICE CAMP | F9: =IF((D9-G9)<10,"Accepted","Partial/Rejected") -> Partial/Rejected | G9: 8340.2 | H9: =IF(ISERROR(VLOOKUP(A9,Report!A:D,4,FALSE)),"NOT FOUND",VLOOKUP(A9,Report!A:D,4,FALSE)) -> NOT FOUND | I9: 45869 | K9: =MONTH(C9) -> 4 | L9: =YEAR(C9) -> 2025
A10: PCI26C000005 | C10: 45777 | D10: 142876 | E10: MAHAKUMBH MELA | F10: =IF((D10-G10)<10,"Accepted","Partial/Rejected") -> Accepted | G10: 142875.58 | H10: =IF(ISERROR(VLOOKUP(A10,Report!A:D,4,FALSE)),"NOT FOUND",VLOOKUP(A10,Report!A:D,4,FALSE)) -> NOT FOUND | I10: 45868 | K10: =MONTH(C10) -> 4 | L10: =YEAR(C10) -> 2025
A11: PCI26C000006 | C11: 45777 | D11: 8832 | E11: REMOTE SERVICE CAMP | F11: =IF((D11-G11)<10,"Accepted","Partial/Rejected") -> Partial/Rejected | G11: 8682.3 | H11: =IF(ISERROR(VLOOKUP(A11,Report!A:D,4,FALSE)),"NOT FOUND",VLOOKUP(A11,Report!A:D,4,FALSE)) -> NOT FOUND | I11: 45868 | K11: =MONTH(C11) -> 4 | L11: =YEAR(C11) -> 2025
A12: PCI26E000001 | C12: 45808 | D12: 7776 | E12: REMOTE SERVICE CAMP | F12: =IF((D12-G12)<10,"Accepted","Partial/Rejected") -> Partial/Rejected | G12: 7644.2 | H12: =IF(ISERROR(VLOOKUP(A12,Report!A:D,4,FALSE)),"NOT FOUND",VLOOKUP(A12,Report!A:D,4,FALSE)) -> NOT FOUND | I12: 45869 | K12: =MONTH(C12) -> 5 | L12: =YEAR(C12) -> 2025
A13: PCI26E000002 | C13: 45808 | D13: 8838 | E13: REMOTE SERVICE CAMP | F13: =IF((D13-G13)<10,"Accepted","Partial/Rejected") -> Partial/Rejected | G13: 8688.2 | H13: =IF(ISERROR(VLOOKUP(A13,Report!A:D,4,FALSE)),"NOT FOUND",VLOOKUP(A13,Report!A:D,4,FALSE)) -> NOT FOUND | I13: 45869 | K13: =MONTH(C13) -> 5 | L13: =YEAR(C13) -> 2025
A14: SCI26E000007 | C14: 45839 | D14: 159064 | E14: FREE SERVICE CLAIM | F14: =IF((D14-G14)<10,"Accepted","Partial/Rejected") -> Accepted | G14: =IF(ISERROR(VLOOKUP(A14,Report!A:D,3,FALSE)),"NOT FOUND",VLOOKUP(A14,Report!A:D,3,FALSE)) -> 159064 | H14: =IF(ISERROR(VLOOKUP(A14,Report!A:D,4,FALSE)),"NOT FOUND",VLOOKUP(A14,Report!A:D,4,FALSE)) -> 3750 | I14: =IF(ISERROR(VLOOKUP(A14,Report!A:D,2,FALSE)),"NOT FOUND",VLOOKUP(A14,Report!A:D,2,FALSE)) -> 21-Aug-25 | K14: =MONTH(C14) -> 7 | L14: =YEAR(C14) -> 2025
A15: SCI26E000008 | C15: 45839 | D15: 34751 | E15: PDI COUPON CLAIM | F15: =IF((D15-G15)<10,"Accepted","Partial/Rejected") -> Accepted | G15: =IF(ISERROR(VLOOKUP(A15,Report!A:D,3,FALSE)),"NOT FOUND",VLOOKUP(A15,Report!A:D,3,FALSE)) -> 34751 | H15: =IF(ISERROR(VLOOKUP(A15,Report!A:D,4,FALSE)),"NOT FOUND",VLOOKUP(A15,Report!A:D,4,FALSE)) -> 0 | I15: =IF(ISERROR(VLOOKUP(A15,Report!A:D,2,FALSE)),"NOT FOUND",VLOOKUP(A15,Report!A:D,2,FALSE)) -> 20-Aug-25 | K15: =MONTH(C15) -> 7 | L15: =YEAR(C15) -> 2025
A16: SCI26D000002 | C16: 45839 | D16: 1239 | E16: PDI COUPON CLAIM | F16: =IF((D16-G16)<10,"Accepted","Partial/Rejected") -> Accepted | G16: =IF(ISERROR(VLOOKUP(A16,Report!A:D,3,FALSE)),"NOT FOUND",VLOOKUP(A16,Report!A:D,3,FALSE)) -> 1239 | H16: =IF(ISERROR(VLOOKUP(A16,Report!A:D,4,FALSE)),"NOT FOUND",VLOOKUP(A16,Report!A:D,4,FALSE)) -> 0 | I16: =IF(ISERROR(VLOOKUP(A16,Report!A:D,2,FALSE)),"NOT FOUND",VLOOKUP(A16,Report!A:D,2,FALSE)) -> 13-Aug-25 | K16: =MONTH(C16) -> 7 | L16: =YEAR(C16) -> 2025
A17: WCI26E000011 | C17: 45839 | D17: 53 | E17: Warranty | F17: =IF((D17-G17)<10,"Accepted","Partial/Rejected") -> Accepted | G17: =IF(ISERROR(VLOOKUP(A17,Report!A:D,3,FALSE)),"NOT FOUND",VLOOKUP(A17,Report!A:D,3,FALSE)) -> 53.1 | H17: =IF(ISERROR(VLOOKUP(A17,Report!A:D,4,FALSE)),"NOT FOUND",VLOOKUP(A17,Report!A:D,4,FALSE)) -> 0 | I17: =IF(ISERROR(VLOOKUP(A17,Report!A:D,2,FALSE)),"NOT FOUND",VLOOKUP(A17,Report!A:D,2,FALSE)) -> 23-07-2025 | K17: =MONTH(C17) -> 7 | L17: =YEAR(C17) -> 2025
A18: WCI26E000012 | C18: 45839 | D18: 53 | E18: Warranty | F18: =IF((D18-G18)<10,"Accepted","Partial/Rejected") -> Accepted | G18: =IF(ISERROR(VLOOKUP(A18,Report!A:D,3,FALSE)),"NOT FOUND",VLOOKUP(A18,Report!A:D,3,FALSE)) -> 53.1 | H18: =IF(ISERROR(VLOOKUP(A18,Report!A:D,4,FALSE)),"NOT FOUND",VLOOKUP(A18,Report!A:D,4,FALSE)) -> 0 | I18: =IF(ISERROR(VLOOKUP(A18,Report!A:D,2,FALSE)),"NOT FOUND",VLOOKUP(A18,Report!A:D,2,FALSE)) -> 23-07-2025 | K18: =MONTH(C18) -> 7 | L18: =YEAR(C18) -> 2025
A19: WCI26E000013 | C19: 45839 | D19: 53 | E19: Warranty | F19: =IF((D19-G19)<10,"Accepted","Partial/Rejected") -> Accepted | G19: =IF(ISERROR(VLOOKUP(A19,Report!A:D,3,FALSE)),"NOT FOUND",VLOOKUP(A19,Report!A:D,3,FALSE)) -> 53.1 | H19: =IF(ISERROR(VLOOKUP(A19,Report!A:D,4,FALSE)),"NOT FOUND",VLOOKUP(A19,Report!A:D,4,FALSE)) -> 0 | I19: =IF(ISERROR(VLOOKUP(A19,Report!A:D,2,FALSE)),"NOT FOUND",VLOOKUP(A19,Report!A:D,2,FALSE)) -> 23-07-2025 | K19: =MONTH(C19) -> 7 | L19: =YEAR(C19) -> 2025
A20: WCI26E000014 | C20: 45839 | D20: 53 | E20: Warranty | F20: =IF((D20-G20)<10,"Accepted","Partial/Rejected") -> Accepted | G20: =IF(ISERROR(VLOOKUP(A20,Report!A:D,3,FALSE)),"NOT FOUND",VLOOKUP(A20,Report!A:D,3,FALSE)) -> 53.1 | H20: =IF(ISERROR(VLOOKUP(A20,Report!A:D,4,FALSE)),"NOT FOUND",VLOOKUP(A20,Report!A:D,4,FALSE)) -> 0 | I20: =IF(ISERROR(VLOOKUP(A20,Report!A:D,2,FALSE)),"NOT FOUND",VLOOKUP(A20,Report!A:D,2,FALSE)) -> 23-07-2025 | K20: =MONTH(C20) -> 7 | L20: =YEAR(C20) -> 2025
A21: WCI26E000015 | C21: 45839 | D21: 53 | E21: Warranty | F21: =IF((D21-G21)<10,"Accepted","Partial/Rejected") -> Accepted | G21: =IF(ISERROR(VLOOKUP(A21,Report!A:D,3,FALSE)),"NOT FOUND",VLOOKUP(A21,Report!A:D,3,FALSE)) -> 53.1 | H21: =IF(ISERROR(VLOOKUP(A21,Report!A:D,4,FALSE)),"NOT FOUND",VLOOKUP(A21,Report!A:D,4,FALSE)) -> 0 | I21: =IF(ISERROR(VLOOKUP(A21,Report!A:D,2,FALSE)),"NOT FOUND",VLOOKUP(A21,Report!A:D,2,FALSE)) -> 23-07-2025 | K21: =MONTH(C21) -> 7 | L21: =YEAR(C21) -> 2025
A22: WCI26E000016 | C22: 45839 | D22: 53 | E22: Warranty | F22: =IF((D22-G22)<10,"Accepted","Partial/Rejected") -> Accepted | G22: =IF(ISERROR(VLOOKUP(A22,Report!A:D,3,FALSE)),"NOT FOUND",VLOOKUP(A22,Report!A:D,3,FALSE)) -> 53.1 | H22: =IF(ISERROR(VLOOKUP(A22,Report!A:D,4,FALSE)),"NOT FOUND",VLOOKUP(A22,Report!A:D,4,FALSE)) -> 0 | I22: =IF(ISERROR(VLOOKUP(A22,Report!A:D,2,FALSE)),"NOT FOUND",VLOOKUP(A22,Report!A:D,2,FALSE)) -> 23-07-2025 | K22: =MONTH(C22) -> 7 | L22: =YEAR(C22) -> 2025
A23: WCI26E000017 | C23: 45839 | D23: 53 | E23: Warranty | F23: =IF((D23-G23)<10,"Accepted","Partial/Rejected") -> Accepted | G23: =IF(ISERROR(VLOOKUP(A23,Report!A:D,3,FALSE)),"NOT FOUND",VLOOKUP(A23,Report!A:D,3,FALSE)) -> 53.1 | H23: =IF(ISERROR(VLOOKUP(A23,Report!A:D,4,FALSE)),"NOT FOUND",VLOOKUP(A23,Report!A:D,4,FALSE)) -> 0 | I23: =IF(ISERROR(VLOOKUP(A23,Report!A:D,2,FALSE)),"NOT FOUND",VLOOKUP(A23,Report!A:D,2,FALSE)) -> 23-07-2025 | K23: =MONTH(C23) -> 7 | L23: =YEAR(C23) -> 2025
A24: WCI26E000018 | C24: 45839 | D24: 53 | E24: Warranty | F24: =IF((D24-G24)<10,"Accepted","Partial/Rejected") -> Accepted | G24: =IF(ISERROR(VLOOKUP(A24,Report!A:D,3,FALSE)),"NOT FOUND",VLOOKUP(A24,Report!A:D,3,FALSE)) -> 53.1 | H24: =IF(ISERROR(VLOOKUP(A24,Report!A:D,4,FALSE)),"NOT FOUND",VLOOKUP(A24,Report!A:D,4,FALSE)) -> 0 | I24: =IF(ISERROR(VLOOKUP(A24,Report!A:D,2,FALSE)),"NOT FOUND",VLOOKUP(A24,Report!A:D,2,FALSE)) -> 23-07-2025 | K24: =MONTH(C24) -> 7 | L24: =YEAR(C24) -> 2025
A25: WCI26E000019 | C25: 45839 | D25: 53 | E25: Warranty | F25: =IF((D25-G25)<10,"Accepted","Partial/Rejected") -> Accepted | G25: =IF(ISERROR(VLOOKUP(A25,Report!A:D,3,FALSE)),"NOT FOUND",VLOOKUP(A25,Report!A:D,3,FALSE)) -> 53.1 | H25: =IF(ISERROR(VLOOKUP(A25,Report!A:D,4,FALSE)),"NOT FOUND",VLOOKUP(A25,Report!A:D,4,FALSE)) -> 0 | I25: =IF(ISERROR(VLOOKUP(A25,Report!A:D,2,FALSE)),"NOT FOUND",VLOOKUP(A25,Report!A:D,2,FALSE)) -> 23-07-2025 | K25: =MONTH(C25) -> 7 | L25: =YEAR(C25) -> 2025
... A107: WCI26E000101 | C107: 45839 | D107: 62 | E107: Warranty | F107: =IF((D107-G107)<10,"Accepted","Partial/Rejected") -> Accepted | G107: =IF(ISERROR(VLOOKUP(A107,Report!A:D,3,FALSE)),"NOT FOUND",VLOOKUP(A107,Report!A:D,3,FALSE)) -> 61.95 | H107: =IF(ISERROR(VLOOKUP(A107,Report!A:D,4,FALSE)),"NOT FOUND",VLOOKUP(A107,Report!A:D,4,FALSE)) -> 0 | I107: =IF(ISERROR(VLOOKUP(A107,Report!A:D,2,FALSE)),"NOT FOUND",VLOOKUP(A107,Report!A:D,2,FALSE)) -> 31-07-2025 | K107: =MONTH(C107) -> 7 | L107: =YEAR(C107) -> 2025
A108: WCI26E000103 | B108: 360 | C108: 45869 | D108: 88274 | E108: Warranty | F108: =IF((D108-G108)<10,"Accepted","Partial/Rejected") -> Accepted | G108: =IF(ISERROR(VLOOKUP(A108,Report!A:D,3,FALSE)),"NOT FOUND",VLOOKUP(A108,Report!A:D,3,FALSE)) -> 88274.19 | H108: =IF(ISERROR(VLOOKUP(A108,Report!A:D,4,FALSE)),"NOT FOUND",VLOOKUP(A108,Report!A:D,4,FALSE)) -> 0 | I108: =IF(ISERROR(VLOOKUP(A108,Report!A:D,2,FALSE)),"NOT FOUND",VLOOKUP(A108,Report!A:D,2,FALSE)) -> 30-09-2025 | K108: =MONTH(C108) -> 7 | L108: =YEAR(C108) -> 2025
A109: WCI26C000003 | B109: 361 | C109: 45777 | D109: 4471 | E109: Warranty | F109: =IF((D109-G109)<10,"Accepted","Partial/Rejected") -> Accepted | G109: =IF(ISERROR(VLOOKUP(A109,Report!A:D,3,FALSE)),"NOT FOUND",VLOOKUP(A109,Report!A:D,3,FALSE)) -> 4470.63 | H109: =IF(ISERROR(VLOOKUP(A109,Report!A:D,4,FALSE)),"NOT FOUND",VLOOKUP(A109,Report!A:D,4,FALSE)) -> 0 | I109: =IF(ISERROR(VLOOKUP(A109,Report!A:D,2,FALSE)),"NOT FOUND",VLOOKUP(A109,Report!A:D,2,FALSE)) -> 29-05-2025 | K109: =MONTH(C109) -> 4 | L109: =YEAR(C109) -> 2025
A110: WCI26C000004 | B110: 362 | C110: 45777 | D110: 2765 | E110: Warranty | F110: =IF((D110-G110)<10,"Accepted","Partial/Rejected") -> Accepted | G110: =IF(ISERROR(VLOOKUP(A110,Report!A:D,3,FALSE)),"NOT FOUND",VLOOKUP(A110,Report!A:D,3,FALSE)) -> 2765.42 | H110: =IF(ISERROR(VLOOKUP(A110,Report!A:D,4,FALSE)),"NOT FOUND",VLOOKUP(A110,Report!A:D,4,FALSE)) -> 0 | I110: =IF(ISERROR(VLOOKUP(A110,Report!A:D,2,FALSE)),"NOT FOUND",VLOOKUP(A110,Report!A:D,2,FALSE)) -> 29-05-2025 | K110: =MONTH(C110) -> 4 | L110: =YEAR(C110) -> 2025
A111: WCI26C000005 | B111: 363 | C111: 45777 | D111: 3419 | E111: Warranty | F111: =IF((D111-G111)<10,"Accepted","Partial/Rejected") -> Accepted | G111: =IF(ISERROR(VLOOKUP(A111,Report!A:D,3,FALSE)),"NOT FOUND",VLOOKUP(A111,Report!A:D,3,FALSE)) -> 3419.35 | H111: =IF(ISERROR(VLOOKUP(A111,Report!A:D,4,FALSE)),"NOT FOUND",VLOOKUP(A111,Report!A:D,4,FALSE)) -> 0 | I111: =IF(ISERROR(VLOOKUP(A111,Report!A:D,2,FALSE)),"NOT FOUND",VLOOKUP(A111,Report!A:D,2,FALSE)) -> 29-05-2025 | K111: =MONTH(C111) -> 4 | L111: =YEAR(C111) -> 2025
A112: WCI26C000006 | B112: 364 | C112: 45777 | D112: 2916 | E112: Warranty | F112: =IF((D112-G112)<10,"Accepted","Partial/Rejected") -> Accepted | G112: =IF(ISERROR(VLOOKUP(A112,Report!A:D,3,FALSE)),"NOT FOUND",VLOOKUP(A112,Report!A:D,3,FALSE)) -> 2916.44 | H112: =IF(ISERROR(VLOOKUP(A112,Report!A:D,4,FALSE)),"NOT FOUND",VLOOKUP(A112,Report!A:D,4,FALSE)) -> 0 | I112: =IF(ISERROR(VLOOKUP(A112,Report!A:D,2,FALSE)),"NOT FOUND",VLOOKUP(A112,Report!A:D,2,FALSE)) -> 29-05-2025 | K112: =MONTH(C112) -> 4 | L112: =YEAR(C112) -> 2025
A113: WCI26C000007 | B113: 365 | C113: 45777 | D113: 8418 | E113: Warranty | F113: =IF((D113-G113)<10,"Accepted","Partial/Rejected") -> Accepted | G113: =IF(ISERROR(VLOOKUP(A113,Report!A:D,3,FALSE)),"NOT FOUND",VLOOKUP(A113,Report!A:D,3,FALSE)) -> 8418.35 | H113: =IF(ISERROR(VLOOKUP(A113,Report!A:D,4,FALSE)),"NOT FOUND",VLOOKUP(A113,Report!A:D,4,FALSE)) -> 0 | I113: =IF(ISERROR(VLOOKUP(A113,Report!A:D,2,FALSE)),"NOT FOUND",VLOOKUP(A113,Report!A:D,2,FALSE)) -> 29-05-2025 | K113: =MONTH(C113) -> 4 | L113: =YEAR(C113) -> 2025
A114: CANCELL | B114: 366 | F114: =IF((D114-G114)<10,"Accepted","Partial/Rejected") -> #VALUE! | G114: =IF(ISERROR(VLOOKUP(A114,Report!A:D,3,FALSE)),"NOT FOUND",VLOOKUP(A114,Report!A:D,3,FALSE)) -> NOT FOUND | H114: =IF(ISERROR(VLOOKUP(A114,Report!A:D,4,FALSE)),"NOT FOUND",VLOOKUP(A114,Report!A:D,4,FALSE)) -> NOT FOUND | I114: =IF(ISERROR(VLOOKUP(A114,Report!A:D,2,FALSE)),"NOT FOUND",VLOOKUP(A114,Report!A:D,2,FALSE)) -> NOT FOUND | K114: =MONTH(C114) -> 1 | L114: =YEAR(C114) -> 1900
A115: WCI26C000008 | B115: 367 | C115: 45777 | D115: 1927 | E115: Warranty | F115: =IF((D115-G115)<10,"Accepted","Partial/Rejected") -> Accepted | G115: =IF(ISERROR(VLOOKUP(A115,Report!A:D,3,FALSE)),"NOT FOUND",VLOOKUP(A115,Report!A:D,3,FALSE)) -> 1926.94 | H115: =IF(ISERROR(VLOOKUP(A115,Report!A:D,4,FALSE)),"NOT FOUND",VLOOKUP(A115,Report!A:D,4,FALSE)) -> 0 | I115: =IF(ISERROR(VLOOKUP(A115,Report!A:D,2,FALSE)),"NOT FOUND",VLOOKUP(A115,Report!A:D,2,FALSE)) -> 29-05-2025 | K115: =MONTH(C115) -> 4 | L115: =YEAR(C115) -> 2025
B116: 368 | F116: =IF((D116-G116)<10,"Accepted","Partial/Rejected") -> #VALUE! | G116: =IF(ISERROR(VLOOKUP(A116,Report!A:D,3,FALSE)),"NOT FOUND",VLOOKUP(A116,Report!A:D,3,FALSE)) -> NOT FOUND | H116: =IF(ISERROR(VLOOKUP(A116,Report!A:D,4,FALSE)),"NOT FOUND",VLOOKUP(A116,Report!A:D,4,FALSE)) -> NOT FOUND | I116: =IF(ISERROR(VLOOKUP(A116,Report!A:D,2,FALSE)),"NOT FOUND",VLOOKUP(A116,Report!A:D,2,FALSE)) -> NOT FOUND | J116: WORNG CLAIM/NOT WARRANTY/PARTS BILLING OUTSIDE | K116: =MONTH(C116) -> 1 | L116: =YEAR(C116) -> 1900
A117: WCI26C000009 | B117: 369 | C117: 45777 | D117: 11953 | E117: Warranty | F117: =IF((D117-G117)<10,"Accepted","Partial/Rejected") -> Accepted | G117: =IF(ISERROR(VLOOKUP(A117,Report!A:D,3,FALSE)),"NOT FOUND",VLOOKUP(A117,Report!A:D,3,FALSE)) -> 11952.71 | H117: =IF(ISERROR(VLOOKUP(A117,Report!A:D,4,FALSE)),"NOT FOUND",VLOOKUP(A117,Report!A:D,4,FALSE)) -> 0 | I117: =IF(ISERROR(VLOOKUP(A117,Report!A:D,2,FALSE)),"NOT FOUND",VLOOKUP(A117,Report!A:D,2,FALSE)) -> 29-05-2025 | K117: =MONTH(C117) -> 4 | L117: =YEAR(C117) -> 2025
A118: WCI26E000002 | B118: 370 | C118: 45808 | D118: 689 | E118: Warranty | F118: =IF((D118-G118)<10,"Accepted","Partial/Rejected") -> Accepted | G118: =IF(ISERROR(VLOOKUP(A118,Report!A:D,3,FALSE)),"NOT FOUND",VLOOKUP(A118,Report!A:D,3,FALSE)) -> 689.36 | H118: =IF(ISERROR(VLOOKUP(A118,Report!A:D,4,FALSE)),"NOT FOUND",VLOOKUP(A118,Report!A:D,4,FALSE)) -> 0 | I118: =IF(ISERROR(VLOOKUP(A118,Report!A:D,2,FALSE)),"NOT FOUND",VLOOKUP(A118,Report!A:D,2,FALSE)) -> 23-07-2025 | K118: =MONTH(C118) -> 5 | L118: =YEAR(C118) -> 2025
A119: WCI26E000003 | B119: 371 | C119: 45808 | D119: 7636 | E119: Warranty | F119: =IF((D119-G119)<10,"Accepted","Partial/Rejected") -> Accepted | G119: =IF(ISERROR(VLOOKUP(A119,Report!A:D,3,FALSE)),"NOT FOUND",VLOOKUP(A119,Report!A:D,3,FALSE)) -> 7635.58 | H119: =IF(ISERROR(VLOOKUP(A119,Report!A:D,4,FALSE)),"NOT FOUND",VLOOKUP(A119,Report!A:D,4,FALSE)) -> 0 | I119: =IF(ISERROR(VLOOKUP(A119,Report!A:D,2,FALSE)),"NOT FOUND",VLOOKUP(A119,Report!A:D,2,FALSE)) -> 23-07-2025 | K119: =MONTH(C119) -> 5 | L119: =YEAR(C119) -> 2025
A120: WCI26E000003 | B120: 371 | C120: 45808 | D120: 7636 | E120: Warranty | F120: =IF((D120-G120)<10,"Accepted","Partial/Rejected") -> Accepted | G120: =IF(ISERROR(VLOOKUP(A120,Report!A:D,3,FALSE)),"NOT FOUND",VLOOKUP(A120,Report!A:D,3,FALSE)) -> 7635.58 | H120: =IF(ISERROR(VLOOKUP(A120,Report!A:D,4,FALSE)),"NOT FOUND",VLOOKUP(A120,Report!A:D,4,FALSE)) -> 0 | I120: =IF(ISERROR(VLOOKUP(A120,Report!A:D,2,FALSE)),"NOT FOUND",VLOOKUP(A120,Report!A:D,2,FALSE)) -> 23-07-2025 | K120: =MONTH(C120) -> 5 | L120: =YEAR(C120) -> 2025
A121: WCI26E000004 | B121: 372 | C121: 45808 | D121: 3419 | E121: Warranty | F121: =IF((D121-G121)<10,"Accepted","Partial/Rejected") -> Accepted | G121: =IF(ISERROR(VLOOKUP(A121,Report!A:D,3,FALSE)),"NOT FOUND",VLOOKUP(A121,Report!A:D,3,FALSE)) -> 3419.35 | H121: =IF(ISERROR(VLOOKUP(A121,Report!A:D,4,FALSE)),"NOT FOUND",VLOOKUP(A121,Report!A:D,4,FALSE)) -> 0 | I121: =IF(ISERROR(VLOOKUP(A121,Report!A:D,2,FALSE)),"NOT FOUND",VLOOKUP(A121,Report!A:D,2,FALSE)) -> 23-07-2025 | K121: =MONTH(C121) -> 5 | L121: =YEAR(C121) -> 2025
A122: WCI26E000005 | B122: 373 | C122: 45808 | D122: 2049 | E122: Warranty | F122: =IF((D122-G122)<10,"Accepted","Partial/Rejected") -> Accepted | G122: =IF(ISERROR(VLOOKUP(A122,Report!A:D,3,FALSE)),"NOT FOUND",VLOOKUP(A122,Report!A:D,3,FALSE)) -> 2049.08 | H122: =IF(ISERROR(VLOOKUP(A122,Report!A:D,4,FALSE)),"NOT FOUND",VLOOKUP(A122,Report!A:D,4,FALSE)) -> 0 | I122: =IF(ISERROR(VLOOKUP(A122,Report!A:D,2,FALSE)),"NOT FOUND",VLOOKUP(A122,Report!A:D,2,FALSE)) -> 23-07-2025 | K122: =MONTH(C122) -> 5 | L122: =YEAR(C122) -> 2025
A123: WCI26E000010 | B123: 374 | C123: 45836 | D123: 3186 | E123: Warranty | F123: =IF((D123-G123)<10,"Accepted","Partial/Rejected") -> Accepted | G123: =IF(ISERROR(VLOOKUP(A123,Report!A:D,3,FALSE)),"NOT FOUND",VLOOKUP(A123,Report!A:D,3,FALSE)) -> 3186 | H123: =IF(ISERROR(VLOOKUP(A123,Report!A:D,4,FALSE)),"NOT FOUND",VLOOKUP(A123,Report!A:D,4,FALSE)) -> 0 | I123: =IF(ISERROR(VLOOKUP(A123,Report!A:D,2,FALSE)),"NOT FOUND",VLOOKUP(A123,Report!A:D,2,FALSE)) -> 25-07-2025 | K123: =MONTH(C123) -> 6 | L123: =YEAR(C123) -> 2025
A124: WCI26E000009 | B124: 375 | C124: 45836 | D124: 2965 | E124: Warranty | F124: =IF((D124-G124)<10,"Accepted","Partial/Rejected") -> Accepted | G124: =IF(ISERROR(VLOOKUP(A124,Report!A:D,3,FALSE)),"NOT FOUND",VLOOKUP(A124,Report!A:D,3,FALSE)) -> 2964.75 | H124: =IF(ISERROR(VLOOKUP(A124,Report!A:D,4,FALSE)),"NOT FOUND",VLOOKUP(A124,Report!A:D,4,FALSE)) -> 0 | I124: =IF(ISERROR(VLOOKUP(A124,Report!A:D,2,FALSE)),"NOT FOUND",VLOOKUP(A124,Report!A:D,2,FALSE)) -> 25-07-2025 | K124: =MONTH(C124) -> 6 | L124: =YEAR(C124) -> 2025
A125: WCI26E000006 | B125: 376 | C125: 45836 | D125: 8045 | E125: Warranty | F125: =IF((D125-G125)<10,"Accepted","Partial/Rejected") -> Accepted | G125: =IF(ISERROR(VLOOKUP(A125,Report!A:D,3,FALSE)),"NOT FOUND",VLOOKUP(A125,Report!A:D,3,FALSE)) -> 8045.09 | H125: =IF(ISERROR(VLOOKUP(A125,Report!A:D,4,FALSE)),"NOT FOUND",VLOOKUP(A125,Report!A:D,4,FALSE)) -> 0 | I125: =IF(ISERROR(VLOOKUP(A125,Report!A:D,2,FALSE)),"NOT FOUND",VLOOKUP(A125,Report!A:D,2,FALSE)) -> 23-07-2025 | K125: =MONTH(C125) -> 6 | L125: =YEAR(C125) -> 2025
A126: WCI26E000006 | B126: 376 | C126: 45836 | E126: Warranty | F126: =IF((D126-G126)<10,"Accepted","Partial/Rejected") -> Accepted | G126: =IF(ISERROR(VLOOKUP(A126,Report!A:D,3,FALSE)),"NOT FOUND",VLOOKUP(A126,Report!A:D,3,FALSE)) -> 8045.09 | H126: =IF(ISERROR(VLOOKUP(A126,Report!A:D,4,FALSE)),"NOT FOUND",VLOOKUP(A126,Report!A:D,4,FALSE)) -> 0 | I126: =IF(ISERROR(VLOOKUP(A126,Report!A:D,2,FALSE)),"NOT FOUND",VLOOKUP(A126,Report!A:D,2,FALSE)) -> 23-07-2025 | K126: =MONTH(C126) -> 6 | L126: =YEAR(C126) -> 2025
A127: WCI26E000007 | B127: 377 | C127: 45836 | D127: 396 | E127: Warranty | F127: =IF((D127-G127)<10,"Accepted","Partial/Rejected") -> Accepted | G127: =IF(ISERROR(VLOOKUP(A127,Report!A:D,3,FALSE)),"NOT FOUND",VLOOKUP(A127,Report!A:D,3,FALSE)) -> 396.47 | H127: =IF(ISERROR(VLOOKUP(A127,Report!A:D,4,FALSE)),"NOT FOUND",VLOOKUP(A127,Report!A:D,4,FALSE)) -> 0 | I127: =IF(ISERROR(VLOOKUP(A127,Report!A:D,2,FALSE)),"NOT FOUND",VLOOKUP(A127,Report!A:D,2,FALSE)) -> 23-07-2025 | K127: =MONTH(C127) -> 6 | L127: =YEAR(C127) -> 2025
A128: WCI26E000008 | B128: 378 | C128: 45836 | D128: 7105 | E128: Warranty | F128: =IF((D128-G128)<10,"Accepted","Partial/Rejected") -> Accepted | G128: =IF(ISERROR(VLOOKUP(A128,Report!A:D,3,FALSE)),"NOT FOUND",VLOOKUP(A128,Report!A:D,3,FALSE)) -> 7104.77 | H128: =IF(ISERROR(VLOOKUP(A128,Report!A:D,4,FALSE)),"NOT FOUND",VLOOKUP(A128,Report!A:D,4,FALSE)) -> 0 | I128: =IF(ISERROR(VLOOKUP(A128,Report!A:D,2,FALSE)),"NOT FOUND",VLOOKUP(A128,Report!A:D,2,FALSE)) -> 23-07-2025 | K128: =MONTH(C128) -> 6 | L128: =YEAR(C128) -> 2025
A129: WCI26E000102 | B129: 379 | C129: 45869 | D129: 2539 | E129: Warranty | F129: =IF((D129-G129)<10,"Accepted","Partial/Rejected") -> Accepted | G129: =IF(ISERROR(VLOOKUP(A129,Report!A:D,3,FALSE)),"NOT FOUND",VLOOKUP(A129,Report!A:D,3,FALSE)) -> 2538.69 | H129: =IF(ISERROR(VLOOKUP(A129,Report!A:D,4,FALSE)),"NOT FOUND",VLOOKUP(A129,Report!A:D,4,FALSE)) -> 0 | I129: =IF(ISERROR(VLOOKUP(A129,Report!A:D,2,FALSE)),"NOT FOUND",VLOOKUP(A129,Report!A:D,2,FALSE)) -> 30-09-2025 | K129: =MONTH(C129) -> 7 | L129: =YEAR(C129) -> 2025
A130: WCI26E000104 | B130: 380 | C130: 45869 | D130: 14960 | E130: Warranty | F130: =IF((D130-G130)<10,"Accepted","Partial/Rejected") -> Partial/Rejected | G130: =IF(ISERROR(VLOOKUP(A130,Report!A:D,3,FALSE)),"NOT FOUND",VLOOKUP(A130,Report!A:D,3,FALSE)) -> 11164.7 | H130: =IF(ISERROR(VLOOKUP(A130,Report!A:D,4,FALSE)),"NOT FOUND",VLOOKUP(A130,Report!A:D,4,FALSE)) -> 3794.88 | I130: =IF(ISERROR(VLOOKUP(A130,Report!A:D,2,FALSE)),"NOT FOUND",VLOOKUP(A130,Report!A:D,2,FALSE)) -> 30-09-2025 | K130: =MONTH(C130) -> 7 | L130: =YEAR(C130) -> 2025
A131: WCI26E000105 | B131: 381 | C131: 45869 | D131: 11795 | E131: Warranty | F131: =IF((D131-G131)<10,"Accepted","Partial/Rejected") -> Accepted | G131: =IF(ISERROR(VLOOKUP(A131,Report!A:D,3,FALSE)),"NOT FOUND",VLOOKUP(A131,Report!A:D,3,FALSE)) -> 11794.92 | H131: =IF(ISERROR(VLOOKUP(A131,Report!A:D,4,FALSE)),"NOT FOUND",VLOOKUP(A131,Report!A:D,4,FALSE)) -> 0 | I131: =IF(ISERROR(VLOOKUP(A131,Report!A:D,2,FALSE)),"NOT FOUND",VLOOKUP(A131,Report!A:D,2,FALSE)) -> 30-09-2025 | K131: =MONTH(C131) -> 7 | L131: =YEAR(C131) -> 2025
A132: WCI26E000106 | B132: 382 | C132: 45869 | D132: 8539 | E132: Warranty | F132: =IF((D132-G132)<10,"Accepted","Partial/Rejected") -> Accepted | G132: =IF(ISERROR(VLOOKUP(A132,Report!A:D,3,FALSE)),"NOT FOUND",VLOOKUP(A132,Report!A:D,3,FALSE)) -> 8539.08 | H132: =IF(ISERROR(VLOOKUP(A132,Report!A:D,4,FALSE)),"NOT FOUND",VLOOKUP(A132,Report!A:D,4,FALSE)) -> 0 | I132: =IF(ISERROR(VLOOKUP(A132,Report!A:D,2,FALSE)),"NOT FOUND",VLOOKUP(A132,Report!A:D,2,FALSE)) -> 30-09-2025 | K132: =MONTH(C132) -> 7 | L132: =YEAR(C132) -> 2025
A133: SCI26E000009 | C133: 45869 | D133: 45489 | E133: PDI COUPON CLAIM | F133: =IF((D133-G133)<10,"Accepted","Partial/Rejected") -> Accepted | G133: =IF(ISERROR(VLOOKUP(A133,Report!A:D,3,FALSE)),"NOT FOUND",VLOOKUP(A133,Report!A:D,3,FALSE)) -> 45489 | H133: =IF(ISERROR(VLOOKUP(A133,Report!A:D,4,FALSE)),"NOT FOUND",VLOOKUP(A133,Report!A:D,4,FALSE)) -> 0 | I133: =IF(ISERROR(VLOOKUP(A133,Report!A:D,2,FALSE)),"NOT FOUND",VLOOKUP(A133,Report!A:D,2,FALSE)) -> 12-Sep-25 | K133: =MONTH(C133) -> 7 | L133: =YEAR(C133) -> 2025
A134: SCI26E000010 | C134: 45869 | D134: 118295 | E134: FREE SERVICE CLAIM | F134: =IF((D134-G134)<10,"Accepted","Partial/Rejected") -> Accepted | G134: =IF(ISERROR(VLOOKUP(A134,Report!A:D,3,FALSE)),"NOT FOUND",VLOOKUP(A134,Report!A:D,3,FALSE)) -> 118295 | H134: =IF(ISERROR(VLOOKUP(A134,Report!A:D,4,FALSE)),"NOT FOUND",VLOOKUP(A134,Report!A:D,4,FALSE)) -> 5320 | I134: =IF(ISERROR(VLOOKUP(A134,Report!A:D,2,FALSE)),"NOT FOUND",VLOOKUP(A134,Report!A:D,2,FALSE)) -> 23-Sep-25 | K134: =MONTH(C134) -> 7 | L134: =YEAR(C134) -> 2025
A135: WCI26E000192 | B135: 383 | C135: 45961 | D135: 31147 | E135: Warranty | F135: =IF((D135-G135)<10,"Accepted","Partial/Rejected") -> Accepted | G135: =IF(ISERROR(VLOOKUP(A135,Report!A:D,3,FALSE)),"NOT FOUND",VLOOKUP(A135,Report!A:D,3,FALSE)) -> 31147.13 | H135: =IF(ISERROR(VLOOKUP(A135,Report!A:D,4,FALSE)),"NOT FOUND",VLOOKUP(A135,Report!A:D,4,FALSE)) -> 0 | I135: =IF(ISERROR(VLOOKUP(A135,Report!A:D,2,FALSE)),"NOT FOUND",VLOOKUP(A135,Report!A:D,2,FALSE)) -> 16-02-2026 | K135: =MONTH(C135) -> 10 | L135: =YEAR(C135) -> 2025
A136: WCI26E000107 | B136: 384 | C136: 45894 | D136: 2539 | E136: Warranty | F136: =IF((D136-G136)<10,"Accepted","Partial/Rejected") -> Accepted | G136: =IF(ISERROR(VLOOKUP(A136,Report!A:D,3,FALSE)),"NOT FOUND",VLOOKUP(A136,Report!A:D,3,FALSE)) -> 2881.94 | H136: =IF(ISERROR(VLOOKUP(A136,Report!A:D,4,FALSE)),"NOT FOUND",VLOOKUP(A136,Report!A:D,4,FALSE)) -> 0 | I136: =IF(ISERROR(VLOOKUP(A136,Report!A:D,2,FALSE)),"NOT FOUND",VLOOKUP(A136,Report!A:D,2,FALSE)) -> 30-09-2025 | K136: =MONTH(C136) -> 8 | L136: =YEAR(C136) -> 2025
B137: 385 | E137: Warranty | F137: =IF((D137-G137)<10,"Accepted","Partial/Rejected") -> #VALUE! | G137: =IF(ISERROR(VLOOKUP(A137,Report!A:D,3,FALSE)),"NOT FOUND",VLOOKUP(A137,Report!A:D,3,FALSE)) -> NOT FOUND | H137: =IF(ISERROR(VLOOKUP(A137,Report!A:D,4,FALSE)),"NOT FOUND",VLOOKUP(A137,Report!A:D,4,FALSE)) -> NOT FOUND | I137: =IF(ISERROR(VLOOKUP(A137,Report!A:D,2,FALSE)),"NOT FOUND",VLOOKUP(A137,Report!A:D,2,FALSE)) -> NOT FOUND | J137: FDMS ERROR MAIL TO FML | K137: =MONTH(C137) -> 1 | L137: =YEAR(C137) -> 1900
A138: WCI26D000001 | B138: 386 | C138: 45894 | D138: 29238 | E138: Warranty | F138: =IF((D138-G138)<10,"Accepted","Partial/Rejected") -> Partial/Rejected | G138: =IF(ISERROR(VLOOKUP(A138,Report!A:D,3,FALSE)),"NOT FOUND",VLOOKUP(A138,Report!A:D,3,FALSE)) -> 0 | H138: =IF(ISERROR(VLOOKUP(A138,Report!A:D,4,FALSE)),"NOT FOUND",VLOOKUP(A138,Report!A:D,4,FALSE)) -> 29237.72 | I138: =IF(ISERROR(VLOOKUP(A138,Report!A:D,2,FALSE)),"NOT FOUND",VLOOKUP(A138,Report!A:D,2,FALSE)) -> 30-09-2025 | K138: =MONTH(C138) -> 8 | L138: =YEAR(C138) -> 2025
A139: WCI26E000108 | B139: 387 | C139: 45894 | D139: 5720 | E139: Warranty | F139: =IF((D139-G139)<10,"Accepted","Partial/Rejected") -> Accepted | G139: =IF(ISERROR(VLOOKUP(A139,Report!A:D,3,FALSE)),"NOT FOUND",VLOOKUP(A139,Report!A:D,3,FALSE)) -> 5719.86 | H139: =IF(ISERROR(VLOOKUP(A139,Report!A:D,4,FALSE)),"NOT FOUND",VLOOKUP(A139,Report!A:D,4,FALSE)) -> 0 | I139: =IF(ISERROR(VLOOKUP(A139,Report!A:D,2,FALSE)),"NOT FOUND",VLOOKUP(A139,Report!A:D,2,FALSE)) -> 30-09-2025 | K139: =MONTH(C139) -> 8 | L139: =YEAR(C139) -> 2025
A140: WCI26E000167 | B140: 388 | C140: 45894 | D140: 2938 | E140: Warranty | F140: =IF((D140-G140)<10,"Accepted","Partial/Rejected") -> Accepted | G140: =IF(ISERROR(VLOOKUP(A140,Report!A:D,3,FALSE)),"NOT FOUND",VLOOKUP(A140,Report!A:D,3,FALSE)) -> 2937.77 | H140: =IF(ISERROR(VLOOKUP(A140,Report!A:D,4,FALSE)),"NOT FOUND",VLOOKUP(A140,Report!A:D,4,FALSE)) -> 0 | I140: =IF(ISERROR(VLOOKUP(A140,Report!A:D,2,FALSE)),"NOT FOUND",VLOOKUP(A140,Report!A:D,2,FALSE)) -> 11-11-2025 | K140: =MONTH(C140) -> 8 | L140: =YEAR(C140) -> 2025
A141: WCI26E000161 | B141: 389 | C141: 45894 | D141: 300 | E141: Warranty | F141: =IF((D141-G141)<10,"Accepted","Partial/Rejected") -> Accepted | G141: =IF(ISERROR(VLOOKUP(A141,Report!A:D,3,FALSE)),"NOT FOUND",VLOOKUP(A141,Report!A:D,3,FALSE)) -> 299.79 | H141: =IF(ISERROR(VLOOKUP(A141,Report!A:D,4,FALSE)),"NOT FOUND",VLOOKUP(A141,Report!A:D,4,FALSE)) -> 0 | I141: =IF(ISERROR(VLOOKUP(A141,Report!A:D,2,FALSE)),"NOT FOUND",VLOOKUP(A141,Report!A:D,2,FALSE)) -> 11-11-2025 | K141: =MONTH(C141) -> 8 | L141: =YEAR(C141) -> 2025
A142: WCI26E000162 | B142: 390 | C142: 45894 | D142: 669 | E142: Warranty | F142: =IF((D142-G142)<10,"Accepted","Partial/Rejected") -> Accepted | G142: =IF(ISERROR(VLOOKUP(A142,Report!A:D,3,FALSE)),"NOT FOUND",VLOOKUP(A142,Report!A:D,3,FALSE)) -> 669.04 | H142: =IF(ISERROR(VLOOKUP(A142,Report!A:D,4,FALSE)),"NOT FOUND",VLOOKUP(A142,Report!A:D,4,FALSE)) -> 0 | I142: =IF(ISERROR(VLOOKUP(A142,Report!A:D,2,FALSE)),"NOT FOUND",VLOOKUP(A142,Report!A:D,2,FALSE)) -> 11-11-2025 | K142: =MONTH(C142) -> 8 | L142: =YEAR(C142) -> 2025
B143: 391 | E143: Warranty | F143: =IF((D143-G143)<10,"Accepted","Partial/Rejected") -> #VALUE! | G143: =IF(ISERROR(VLOOKUP(A143,Report!A:D,3,FALSE)),"NOT FOUND",VLOOKUP(A143,Report!A:D,3,FALSE)) -> NOT FOUND | H143: =IF(ISERROR(VLOOKUP(A143,Report!A:D,4,FALSE)),"NOT FOUND",VLOOKUP(A143,Report!A:D,4,FALSE)) -> NOT FOUND | I143: =IF(ISERROR(VLOOKUP(A143,Report!A:D,2,FALSE)),"NOT FOUND",VLOOKUP(A143,Report!A:D,2,FALSE)) -> NOT FOUND | J143: WORNG CLAIM | K143: =MONTH(C143) -> 1 | L143: =YEAR(C143) -> 1900
A144: WCI26E000170 | B144: 392 | C144: 45895 | E144: Warranty | F144: =IF((D144-G144)<10,"Accepted","Partial/Rejected") -> Accepted | G144: =IF(ISERROR(VLOOKUP(A144,Report!A:D,3,FALSE)),"NOT FOUND",VLOOKUP(A144,Report!A:D,3,FALSE)) -> 2588.42 | H144: =IF(ISERROR(VLOOKUP(A144,Report!A:D,4,FALSE)),"NOT FOUND",VLOOKUP(A144,Report!A:D,4,FALSE)) -> 0 | I144: =IF(ISERROR(VLOOKUP(A144,Report!A:D,2,FALSE)),"NOT FOUND",VLOOKUP(A144,Report!A:D,2,FALSE)) -> 01-12-2025 | K144: =MONTH(C144) -> 8 | L144: =YEAR(C144) -> 2025
A145: WCI26E000163 | B145: 393 | C145: 45894 | D145: 1120 | E145: Warranty | F145: =IF((D145-G145)<10,"Accepted","Partial/Rejected") -> Accepted | G145: =IF(ISERROR(VLOOKUP(A145,Report!A:D,3,FALSE)),"NOT FOUND",VLOOKUP(A145,Report!A:D,3,FALSE)) -> 1120.11 | H145: =IF(ISERROR(VLOOKUP(A145,Report!A:D,4,FALSE)),"NOT FOUND",VLOOKUP(A145,Report!A:D,4,FALSE)) -> 0 | I145: =IF(ISERROR(VLOOKUP(A145,Report!A:D,2,FALSE)),"NOT FOUND",VLOOKUP(A145,Report!A:D,2,FALSE)) -> 11-11-2025 | K145: =MONTH(C145) -> 8 | L145: =YEAR(C145) -> 2025
B146: 393 | C146: 45894 | E146: Warranty | F146: =IF((D146-G146)<10,"Accepted","Partial/Rejected") -> #VALUE! | G146: =IF(ISERROR(VLOOKUP(A146,Report!A:D,3,FALSE)),"NOT FOUND",VLOOKUP(A146,Report!A:D,3,FALSE)) -> NOT FOUND | H146: =IF(ISERROR(VLOOKUP(A146,Report!A:D,4,FALSE)),"NOT FOUND",VLOOKUP(A146,Report!A:D,4,FALSE)) -> NOT FOUND | I146: =IF(ISERROR(VLOOKUP(A146,Report!A:D,2,FALSE)),"NOT FOUND",VLOOKUP(A146,Report!A:D,2,FALSE)) -> NOT FOUND | K146: =MONTH(C146) -> 8 | L146: =YEAR(C146) -> 2025
A147: CANCELL | B147: 394 | E147: Warranty | F147: =IF((D147-G147)<10,"Accepted","Partial/Rejected") -> #VALUE! | G147: =IF(ISERROR(VLOOKUP(A147,Report!A:D,3,FALSE)),"NOT FOUND",VLOOKUP(A147,Report!A:D,3,FALSE)) -> NOT FOUND | H147: =IF(ISERROR(VLOOKUP(A147,Report!A:D,4,FALSE)),"NOT FOUND",VLOOKUP(A147,Report!A:D,4,FALSE)) -> NOT FOUND | I147: =IF(ISERROR(VLOOKUP(A147,Report!A:D,2,FALSE)),"NOT FOUND",VLOOKUP(A147,Report!A:D,2,FALSE)) -> NOT FOUND | J147: NOT WARRANTY/PARTS HANDOVER TO CUSTOMER ON PAID BASIS | K147: =MONTH(C147) -> 1 | L147: =YEAR(C147) -> 1900
A148: WCI26E000164 | B148: 395 | C148: 45894 | D148: 717 | E148: Warranty | F148: =IF((D148-G148)<10,"Accepted","Partial/Rejected") -> Accepted | G148: =IF(ISERROR(VLOOKUP(A148,Report!A:D,3,FALSE)),"NOT FOUND",VLOOKUP(A148,Report!A:D,3,FALSE)) -> 717.27 | H148: =IF(ISERROR(VLOOKUP(A148,Report!A:D,4,FALSE)),"NOT FOUND",VLOOKUP(A148,Report!A:D,4,FALSE)) -> 0 | I148: =IF(ISERROR(VLOOKUP(A148,Report!A:D,2,FALSE)),"NOT FOUND",VLOOKUP(A148,Report!A:D,2,FALSE)) -> 02-12-2025 | K148: =MONTH(C148) -> 8 | L148: =YEAR(C148) -> 2025
B149: 395 | C149: 45894 | E149: Warranty | F149: =IF((D149-G149)<10,"Accepted","Partial/Rejected") -> #VALUE! | G149: =IF(ISERROR(VLOOKUP(A149,Report!A:D,3,FALSE)),"NOT FOUND",VLOOKUP(A149,Report!A:D,3,FALSE)) -> NOT FOUND | H149: =IF(ISERROR(VLOOKUP(A149,Report!A:D,4,FALSE)),"NOT FOUND",VLOOKUP(A149,Report!A:D,4,FALSE)) -> NOT FOUND | I149: =IF(ISERROR(VLOOKUP(A149,Report!A:D,2,FALSE)),"NOT FOUND",VLOOKUP(A149,Report!A:D,2,FALSE)) -> NOT FOUND | K149: =MONTH(C149) -> 8 | L149: =YEAR(C149) -> 2025
A150: WCI26E000174 | B150: 396 | C150: 45959 | D150: 21166 | E150: Warranty | F150: =IF((D150-G150)<10,"Accepted","Partial/Rejected") -> Partial/Rejected | G150: =IF(ISERROR(VLOOKUP(A150,Report!A:D,3,FALSE)),"NOT FOUND",VLOOKUP(A150,Report!A:D,3,FALSE)) -> 0 | H150: =IF(ISERROR(VLOOKUP(A150,Report!A:D,4,FALSE)),"NOT FOUND",VLOOKUP(A150,Report!A:D,4,FALSE)) -> 21666.44 | I150: =IF(ISERROR(VLOOKUP(A150,Report!A:D,2,FALSE)),"NOT FOUND",VLOOKUP(A150,Report!A:D,2,FALSE)) -> 01-12-2025 | K150: =MONTH(C150) -> 10 | L150: =YEAR(C150) -> 2025
A151: WCI26E000109 | B151: 397 | C151: 45894 | D151: 1447 | E151: Warranty | F151: =IF((D151-G151)<10,"Accepted","Partial/Rejected") -> Accepted | G151: =IF(ISERROR(VLOOKUP(A151,Report!A:D,3,FALSE)),"NOT FOUND",VLOOKUP(A151,Report!A:D,3,FALSE)) -> 1446.86 | H151: =IF(ISERROR(VLOOKUP(A151,Report!A:D,4,FALSE)),"NOT FOUND",VLOOKUP(A151,Report!A:D,4,FALSE)) -> 0 | I151: =IF(ISERROR(VLOOKUP(A151,Report!A:D,2,FALSE)),"NOT FOUND",VLOOKUP(A151,Report!A:D,2,FALSE)) -> 30-09-2025 | K151: =MONTH(C151) -> 8 | L151: =YEAR(C151) -> 2025
A152: WCI26E000165 | B152: 398 | C152: 45894 | D152: 1990 | E152: Warranty | F152: =IF((D152-G152)<10,"Accepted","Partial/Rejected") -> Accepted | G152: =IF(ISERROR(VLOOKUP(A152,Report!A:D,3,FALSE)),"NOT FOUND",VLOOKUP(A152,Report!A:D,3,FALSE)) -> 1989.73 | H152: =IF(ISERROR(VLOOKUP(A152,Report!A:D,4,FALSE)),"NOT FOUND",VLOOKUP(A152,Report!A:D,4,FALSE)) -> 0 | I152: =IF(ISERROR(VLOOKUP(A152,Report!A:D,2,FALSE)),"NOT FOUND",VLOOKUP(A152,Report!A:D,2,FALSE)) -> 11-11-2025 | K152: =MONTH(C152) -> 8 | L152: =YEAR(C152) -> 2025
A153: WCI26E000110 | C153: 45900 | D153: 62 | E153: Warranty | F153: =IF((D153-G153)<10,"Accepted","Partial/Rejected") -> Accepted | G153: =IF(ISERROR(VLOOKUP(A153,Report!A:D,3,FALSE)),"NOT FOUND",VLOOKUP(A153,Report!A:D,3,FALSE)) -> 61.95 | H153: =IF(ISERROR(VLOOKUP(A153,Report!A:D,4,FALSE)),"NOT FOUND",VLOOKUP(A153,Report!A:D,4,FALSE)) -> 0 | I153: =IF(ISERROR(VLOOKUP(A153,Report!A:D,2,FALSE)),"NOT FOUND",VLOOKUP(A153,Report!A:D,2,FALSE)) -> 11-09-2025 | K153: =MONTH(C153) -> 8 | L153: =YEAR(C153) -> 2025
A154: WCI26E000111 | C154: 45900 | D154: 62 | E154: Warranty | F154: =IF((D154-G154)<10,"Accepted","Partial/Rejected") -> Accepted | G154: =IF(ISERROR(VLOOKUP(A154,Report!A:D,3,FALSE)),"NOT FOUND",VLOOKUP(A154,Report!A:D,3,FALSE)) -> 61.95 | H154: =IF(ISERROR(VLOOKUP(A154,Report!A:D,4,FALSE)),"NOT FOUND",VLOOKUP(A154,Report!A:D,4,FALSE)) -> 0 | I154: =IF(ISERROR(VLOOKUP(A154,Report!A:D,2,FALSE)),"NOT FOUND",VLOOKUP(A154,Report!A:D,2,FALSE)) -> 11-09-2025 | K154: =MONTH(C154) -> 8 | L154: =YEAR(C154) -> 2025
A155: WCI26E000112 | C155: 45900 | D155: 62 | E155: Warranty | F155: =IF((D155-G155)<10,"Accepted","Partial/Rejected") -> Accepted | G155: =IF(ISERROR(VLOOKUP(A155,Report!A:D,3,FALSE)),"NOT FOUND",VLOOKUP(A155,Report!A:D,3,FALSE)) -> 61.95 | H155: =IF(ISERROR(VLOOKUP(A155,Report!A:D,4,FALSE)),"NOT FOUND",VLOOKUP(A155,Report!A:D,4,FALSE)) -> 0 | I155: =IF(ISERROR(VLOOKUP(A155,Report!A:D,2,FALSE)),"NOT FOUND",VLOOKUP(A155,Report!A:D,2,FALSE)) -> 11-09-2025 | K155: =MONTH(C155) -> 8 | L155: =YEAR(C155) -> 2025
A156: WCI26E000113 | C156: 45900 | D156: 62 | E156: Warranty | F156: =IF((D156-G156)<10,"Accepted","Partial/Rejected") -> Accepted | G156: =IF(ISERROR(VLOOKUP(A156,Report!A:D,3,FALSE)),"NOT FOUND",VLOOKUP(A156,Report!A:D,3,FALSE)) -> 61.95 | H156: =IF(ISERROR(VLOOKUP(A156,Report!A:D,4,FALSE)),"NOT FOUND",VLOOKUP(A156,Report!A:D,4,FALSE)) -> 0 | I156: =IF(ISERROR(VLOOKUP(A156,Report!A:D,2,FALSE)),"NOT FOUND",VLOOKUP(A156,Report!A:D,2,FALSE)) -> 11-09-2025 | K156: =MONTH(C156) -> 8 | L156: =YEAR(C156) -> 2025
A157: WCI26E000114 | C157: 45900 | D157: 62 | E157: Warranty | F157: =IF((D157-G157)<10,"Accepted","Partial/Rejected") -> Accepted | G157: =IF(ISERROR(VLOOKUP(A157,Report!A:D,3,FALSE)),"NOT FOUND",VLOOKUP(A157,Report!A:D,3,FALSE)) -> 61.95 | H157: =IF(ISERROR(VLOOKUP(A157,Report!A:D,4,FALSE)),"NOT FOUND",VLOOKUP(A157,Report!A:D,4,FALSE)) -> 0 | I157: =IF(ISERROR(VLOOKUP(A157,Report!A:D,2,FALSE)),"NOT FOUND",VLOOKUP(A157,Report!A:D,2,FALSE)) -> 11-09-2025 | K157: =MONTH(C157) -> 8 | L157: =YEAR(C157) -> 2025
A158: WCI26E000115 | C158: 45900 | D158: 62 | E158: Warranty | F158: =IF((D158-G158)<10,"Accepted","Partial/Rejected") -> Accepted | G158: =IF(ISERROR(VLOOKUP(A158,Report!A:D,3,FALSE)),"NOT FOUND",VLOOKUP(A158,Report!A:D,3,FALSE)) -> 61.95 | H158: =IF(ISERROR(VLOOKUP(A158,Report!A:D,4,FALSE)),"NOT FOUND",VLOOKUP(A158,Report!A:D,4,FALSE)) -> 0 | I158: =IF(ISERROR(VLOOKUP(A158,Report!A:D,2,FALSE)),"NOT FOUND",VLOOKUP(A158,Report!A:D,2,FALSE)) -> 11-09-2025 | K158: =MONTH(C158) -> 8 | L158: =YEAR(C158) -> 2025
A159: WCI26E000116 | C159: 45900 | D159: 62 | E159: Warranty | F159: =IF((D159-G159)<10,"Accepted","Partial/Rejected") -> Accepted | G159: =IF(ISERROR(VLOOKUP(A159,Report!A:D,3,FALSE)),"NOT FOUND",VLOOKUP(A159,Report!A:D,3,FALSE)) -> 61.95 | H159: =IF(ISERROR(VLOOKUP(A159,Report!A:D,4,FALSE)),"NOT FOUND",VLOOKUP(A159,Report!A:D,4,FALSE)) -> 0 | I159: =IF(ISERROR(VLOOKUP(A159,Report!A:D,2,FALSE)),"NOT FOUND",VLOOKUP(A159,Report!A:D,2,FALSE)) -> 11-09-2025 | K159: =MONTH(C159) -> 8 | L159: =YEAR(C159) -> 2025
A160: WCI26E000117 | C160: 45900 | D160: 62 | E160: Warranty | F160: =IF((D160-G160)<10,"Accepted","Partial/Rejected") -> Accepted | G160: =IF(ISERROR(VLOOKUP(A160,Report!A:D,3,FALSE)),"NOT FOUND",VLOOKUP(A160,Report!A:D,3,FALSE)) -> 61.95 | H160: =IF(ISERROR(VLOOKUP(A160,Report!A:D,4,FALSE)),"NOT FOUND",VLOOKUP(A160,Report!A:D,4,FALSE)) -> 0 | I160: =IF(ISERROR(VLOOKUP(A160,Report!A:D,2,FALSE)),"NOT FOUND",VLOOKUP(A160,Report!A:D,2,FALSE)) -> 11-09-2025 | K160: =MONTH(C160) -> 8 | L160: =YEAR(C160) -> 2025
A161: WCI26E000118 | C161: 45900 | D161: 62 | E161: Warranty | F161: =IF((D161-G161)<10,"Accepted","Partial/Rejected") -> Accepted | G161: =IF(ISERROR(VLOOKUP(A161,Report!A:D,3,FALSE)),"NOT FOUND",VLOOKUP(A161,Report!A:D,3,FALSE)) -> 61.95 | H161: =IF(ISERROR(VLOOKUP(A161,Report!A:D,4,FALSE)),"NOT FOUND",VLOOKUP(A161,Report!A:D,4,FALSE)) -> 0 | I161: =IF(ISERROR(VLOOKUP(A161,Report!A:D,2,FALSE)),"NOT FOUND",VLOOKUP(A161,Report!A:D,2,FALSE)) -> 11-09-2025 | K161: =MONTH(C161) -> 8 | L161: =YEAR(C161) -> 2025
A162: WCI26E000119 | C162: 45900 | D162: 62 | E162: Warranty | F162: =IF((D162-G162)<10,"Accepted","Partial/Rejected") -> Accepted | G162: =IF(ISERROR(VLOOKUP(A162,Report!A:D,3,FALSE)),"NOT FOUND",VLOOKUP(A162,Report!A:D,3,FALSE)) -> 61.95 | H162: =IF(ISERROR(VLOOKUP(A162,Report!A:D,4,FALSE)),"NOT FOUND",VLOOKUP(A162,Report!A:D,4,FALSE)) -> 0 | I162: =IF(ISERROR(VLOOKUP(A162,Report!A:D,2,FALSE)),"NOT FOUND",VLOOKUP(A162,Report!A:D,2,FALSE)) -> 11-09-2025 | K162: =MONTH(C162) -> 8 | L162: =YEAR(C162) -> 2025
A163: WCI26E000120 | C163: 45900 | D163: 62 | E163: Warranty | F163: =IF((D163-G163)<10,"Accepted","Partial/Rejected") -> Accepted | G163: =IF(ISERROR(VLOOKUP(A163,Report!A:D,3,FALSE)),"NOT FOUND",VLOOKUP(A163,Report!A:D,3,FALSE)) -> 61.95 | H163: =IF(ISERROR(VLOOKUP(A163,Report!A:D,4,FALSE)),"NOT FOUND",VLOOKUP(A163,Report!A:D,4,FALSE)) -> 0 | I163: =IF(ISERROR(VLOOKUP(A163,Report!A:D,2,FALSE)),"NOT FOUND",VLOOKUP(A163,Report!A:D,2,FALSE)) -> 11-09-2025 | K163: =MONTH(C163) -> 8 | L163: =YEAR(C163) -> 2025
A164: WCI26E000121 | C164: 45900 | D164: 62 | E164: Warranty | F164: =IF((D164-G164)<10,"Accepted","Partial/Rejected") -> Accepted | G164: =IF(ISERROR(VLOOKUP(A164,Report!A:D,3,FALSE)),"NOT FOUND",VLOOKUP(A164,Report!A:D,3,FALSE)) -> 61.95 | H164: =IF(ISERROR(VLOOKUP(A164,Report!A:D,4,FALSE)),"NOT FOUND",VLOOKUP(A164,Report!A:D,4,FALSE)) -> 0 | I164: =IF(ISERROR(VLOOKUP(A164,Report!A:D,2,FALSE)),"NOT FOUND",VLOOKUP(A164,Report!A:D,2,FALSE)) -> 11-09-2025 | K164: =MONTH(C164) -> 8 | L164: =YEAR(C164) -> 2025
... A208: SCI26E000015 | C208: 45898 | D208: 10325 | E208: FREE SERVICE CLAIM | F208: =IF((D208-G208)<10,"Accepted","Partial/Rejected") -> Accepted | G208: =IF(ISERROR(VLOOKUP(A208,Report!A:D,3,FALSE)),"NOT FOUND",VLOOKUP(A208,Report!A:D,3,FALSE)) -> 10325 | H208: =IF(ISERROR(VLOOKUP(A208,Report!A:D,4,FALSE)),"NOT FOUND",VLOOKUP(A208,Report!A:D,4,FALSE)) -> 500 | I208: =IF(ISERROR(VLOOKUP(A208,Report!A:D,2,FALSE)),"NOT FOUND",VLOOKUP(A208,Report!A:D,2,FALSE)) -> 30-Oct-25 | K208: =MONTH(C208) -> 8 | L208: =YEAR(C208) -> 2025
A209: WCI26E000167 | B209: 399 | C209: 45913 | D209: 2938 | E209: Warranty | F209: =IF((D209-G209)<10,"Accepted","Partial/Rejected") -> Accepted | G209: =IF(ISERROR(VLOOKUP(A209,Report!A:D,3,FALSE)),"NOT FOUND",VLOOKUP(A209,Report!A:D,3,FALSE)) -> 2937.77 | H209: =IF(ISERROR(VLOOKUP(A209,Report!A:D,4,FALSE)),"NOT FOUND",VLOOKUP(A209,Report!A:D,4,FALSE)) -> 0 | I209: =IF(ISERROR(VLOOKUP(A209,Report!A:D,2,FALSE)),"NOT FOUND",VLOOKUP(A209,Report!A:D,2,FALSE)) -> 11-11-2025 | K209: =MONTH(C209) -> 9 | L209: =YEAR(C209) -> 2025
A210: WCI26E000171 | B210: 400 | C210: 45913 | D210: 1327 | E210: Warranty | F210: =IF((D210-G210)<10,"Accepted","Partial/Rejected") -> Partial/Rejected | G210: =IF(ISERROR(VLOOKUP(A210,Report!A:D,3,FALSE)),"NOT FOUND",VLOOKUP(A210,Report!A:D,3,FALSE)) -> 0 | H210: =IF(ISERROR(VLOOKUP(A210,Report!A:D,4,FALSE)),"NOT FOUND",VLOOKUP(A210,Report!A:D,4,FALSE)) -> 1327.45 | I210: =IF(ISERROR(VLOOKUP(A210,Report!A:D,2,FALSE)),"NOT FOUND",VLOOKUP(A210,Report!A:D,2,FALSE)) -> 01-12-2025 | K210: =MONTH(C210) -> 9 | L210: =YEAR(C210) -> 2025
A211: WCI26E000168 | B211: 401 | C211: 45925 | D211: 11506 | E211: Warranty | F211: =IF((D211-G211)<10,"Accepted","Partial/Rejected") -> Accepted | G211: =IF(ISERROR(VLOOKUP(A211,Report!A:D,3,FALSE)),"NOT FOUND",VLOOKUP(A211,Report!A:D,3,FALSE)) -> 11505.64 | H211: =IF(ISERROR(VLOOKUP(A211,Report!A:D,4,FALSE)),"NOT FOUND",VLOOKUP(A211,Report!A:D,4,FALSE)) -> 0 | I211: =IF(ISERROR(VLOOKUP(A211,Report!A:D,2,FALSE)),"NOT FOUND",VLOOKUP(A211,Report!A:D,2,FALSE)) -> 11-11-2025 | K211: =MONTH(C211) -> 9 | L211: =YEAR(C211) -> 2025
A212: WCI26E000169 | B212: 402 | C212: 45925 | D212: 13667 | E212: Warranty | F212: =IF((D212-G212)<10,"Accepted","Partial/Rejected") -> Accepted | G212: =IF(ISERROR(VLOOKUP(A212,Report!A:D,3,FALSE)),"NOT FOUND",VLOOKUP(A212,Report!A:D,3,FALSE)) -> 13666.75 | H212: =IF(ISERROR(VLOOKUP(A212,Report!A:D,4,FALSE)),"NOT FOUND",VLOOKUP(A212,Report!A:D,4,FALSE)) -> 0 | I212: =IF(ISERROR(VLOOKUP(A212,Report!A:D,2,FALSE)),"NOT FOUND",VLOOKUP(A212,Report!A:D,2,FALSE)) -> 11-11-2025 | K212: =MONTH(C212) -> 9 | L212: =YEAR(C212) -> 2025
A213: WCI26E000177 | B213: 403 | C213: 45886 | D213: 1701 | E213: Warranty | F213: =IF((D213-G213)<10,"Accepted","Partial/Rejected") -> Accepted | G213: =IF(ISERROR(VLOOKUP(A213,Report!A:D,3,FALSE)),"NOT FOUND",VLOOKUP(A213,Report!A:D,3,FALSE)) -> 1700.53 | H213: =IF(ISERROR(VLOOKUP(A213,Report!A:D,4,FALSE)),"NOT FOUND",VLOOKUP(A213,Report!A:D,4,FALSE)) -> 0 | I213: =IF(ISERROR(VLOOKUP(A213,Report!A:D,2,FALSE)),"NOT FOUND",VLOOKUP(A213,Report!A:D,2,FALSE)) -> 01-12-2025 | K213: =MONTH(C213) -> 8 | L213: =YEAR(C213) -> 2025
A214: CANCELL | B214: 404 | F214: =IF((D214-G214)<10,"Accepted","Partial/Rejected") -> #VALUE! | G214: =IF(ISERROR(VLOOKUP(A214,Report!A:D,3,FALSE)),"NOT FOUND",VLOOKUP(A214,Report!A:D,3,FALSE)) -> NOT FOUND | H214: =IF(ISERROR(VLOOKUP(A214,Report!A:D,4,FALSE)),"NOT FOUND",VLOOKUP(A214,Report!A:D,4,FALSE)) -> NOT FOUND | I214: =IF(ISERROR(VLOOKUP(A214,Report!A:D,2,FALSE)),"NOT FOUND",VLOOKUP(A214,Report!A:D,2,FALSE)) -> NOT FOUND | K214: =MONTH(C214) -> 1 | L214: =YEAR(C214) -> 1900
A215: WCI26E000178 | B215: 405 | C215: 45895 | D215: 3985 | E215: Warranty | F215: =IF((D215-G215)<10,"Accepted","Partial/Rejected") -> Accepted | G215: =IF(ISERROR(VLOOKUP(A215,Report!A:D,3,FALSE)),"NOT FOUND",VLOOKUP(A215,Report!A:D,3,FALSE)) -> 3985.48 | H215: =IF(ISERROR(VLOOKUP(A215,Report!A:D,4,FALSE)),"NOT FOUND",VLOOKUP(A215,Report!A:D,4,FALSE)) -> 0 | I215: =IF(ISERROR(VLOOKUP(A215,Report!A:D,2,FALSE)),"NOT FOUND",VLOOKUP(A215,Report!A:D,2,FALSE)) -> 01-12-2025 | K215: =MONTH(C215) -> 8 | L215: =YEAR(C215) -> 2025
A216: WCI26E000173 | B216: 406 | C216: 45961 | D216: 4048 | E216: Warranty | F216: =IF((D216-G216)<10,"Accepted","Partial/Rejected") -> Accepted | G216: =IF(ISERROR(VLOOKUP(A216,Report!A:D,3,FALSE)),"NOT FOUND",VLOOKUP(A216,Report!A:D,3,FALSE)) -> 4047.94 | H216: =IF(ISERROR(VLOOKUP(A216,Report!A:D,4,FALSE)),"NOT FOUND",VLOOKUP(A216,Report!A:D,4,FALSE)) -> 0 | I216: =IF(ISERROR(VLOOKUP(A216,Report!A:D,2,FALSE)),"NOT FOUND",VLOOKUP(A216,Report!A:D,2,FALSE)) -> 01-12-2025 | K216: =MONTH(C216) -> 10 | L216: =YEAR(C216) -> 2025
A217: MWCI26E000002 | B217: 407 | C217: 45961 | D217: 17700 | E217: CSI CLAIM | F217: =IF((D217-G217)<10,"Accepted","Partial/Rejected") -> #VALUE! | G217: =IF(ISERROR(VLOOKUP(A217,Report!A:D,3,FALSE)),"NOT FOUND",VLOOKUP(A217,Report!A:D,3,FALSE)) -> NOT FOUND | H217: =IF(ISERROR(VLOOKUP(A217,Report!A:D,4,FALSE)),"NOT FOUND",VLOOKUP(A217,Report!A:D,4,FALSE)) -> NOT FOUND | I217: =IF(ISERROR(VLOOKUP(A217,Report!A:D,2,FALSE)),"NOT FOUND",VLOOKUP(A217,Report!A:D,2,FALSE)) -> NOT FOUND | K217: =MONTH(C217) -> 10 | L217: =YEAR(C217) -> 2025
A218: CANCELL | B218: 408 | F218: =IF((D218-G218)<10,"Accepted","Partial/Rejected") -> #VALUE! | G218: =IF(ISERROR(VLOOKUP(A218,Report!A:D,3,FALSE)),"NOT FOUND",VLOOKUP(A218,Report!A:D,3,FALSE)) -> NOT FOUND | H218: =IF(ISERROR(VLOOKUP(A218,Report!A:D,4,FALSE)),"NOT FOUND",VLOOKUP(A218,Report!A:D,4,FALSE)) -> NOT FOUND | I218: =IF(ISERROR(VLOOKUP(A218,Report!A:D,2,FALSE)),"NOT FOUND",VLOOKUP(A218,Report!A:D,2,FALSE)) -> NOT FOUND | K218: =MONTH(C218) -> 1 | L218: =YEAR(C218) -> 1900
B219: 409 | C219: 45900 | F219: =IF((D219-G219)<10,"Accepted","Partial/Rejected") -> #VALUE! | G219: =IF(ISERROR(VLOOKUP(A219,Report!A:D,3,FALSE)),"NOT FOUND",VLOOKUP(A219,Report!A:D,3,FALSE)) -> NOT FOUND | H219: =IF(ISERROR(VLOOKUP(A219,Report!A:D,4,FALSE)),"NOT FOUND",VLOOKUP(A219,Report!A:D,4,FALSE)) -> NOT FOUND | I219: =IF(ISERROR(VLOOKUP(A219,Report!A:D,2,FALSE)),"NOT FOUND",VLOOKUP(A219,Report!A:D,2,FALSE)) -> NOT FOUND | K219: =MONTH(C219) -> 8 | L219: =YEAR(C219) -> 2025
B220: 410 | F220: =IF((D220-G220)<10,"Accepted","Partial/Rejected") -> #VALUE! | G220: =IF(ISERROR(VLOOKUP(A220,Report!A:D,3,FALSE)),"NOT FOUND",VLOOKUP(A220,Report!A:D,3,FALSE)) -> NOT FOUND | H220: =IF(ISERROR(VLOOKUP(A220,Report!A:D,4,FALSE)),"NOT FOUND",VLOOKUP(A220,Report!A:D,4,FALSE)) -> NOT FOUND | I220: =IF(ISERROR(VLOOKUP(A220,Report!A:D,2,FALSE)),"NOT FOUND",VLOOKUP(A220,Report!A:D,2,FALSE)) -> NOT FOUND | K220: =MONTH(C220) -> 1 | L220: =YEAR(C220) -> 1900
A221: WCI26E000175 | B221: 411 | C221: 45961 | D221: 3404 | E221: Warranty | F221: =IF((D221-G221)<10,"Accepted","Partial/Rejected") -> Partial/Rejected | G221: =IF(ISERROR(VLOOKUP(A221,Report!A:D,3,FALSE)),"NOT FOUND",VLOOKUP(A221,Report!A:D,3,FALSE)) -> 0 | H221: =IF(ISERROR(VLOOKUP(A221,Report!A:D,4,FALSE)),"NOT FOUND",VLOOKUP(A221,Report!A:D,4,FALSE)) -> 3404.01 | I221: =IF(ISERROR(VLOOKUP(A221,Report!A:D,2,FALSE)),"NOT FOUND",VLOOKUP(A221,Report!A:D,2,FALSE)) -> 01-12-2025 | K221: =MONTH(C221) -> 10 | L221: =YEAR(C221) -> 2025
A222: WCI26E000176 | B222: 412 | C222: 45961 | D222: 10956 | E222: Warranty | F222: =IF((D222-G222)<10,"Accepted","Partial/Rejected") -> Accepted | G222: =IF(ISERROR(VLOOKUP(A222,Report!A:D,3,FALSE)),"NOT FOUND",VLOOKUP(A222,Report!A:D,3,FALSE)) -> 10956.32 | H222: =IF(ISERROR(VLOOKUP(A222,Report!A:D,4,FALSE)),"NOT FOUND",VLOOKUP(A222,Report!A:D,4,FALSE)) -> 0 | I222: =IF(ISERROR(VLOOKUP(A222,Report!A:D,2,FALSE)),"NOT FOUND",VLOOKUP(A222,Report!A:D,2,FALSE)) -> 01-12-2025 | K222: =MONTH(C222) -> 10 | L222: =YEAR(C222) -> 2025
A223: MWCI26E000003 | B223: 413 | C223: 46039 | D223: 9167 | E223: CSI CLAIM | F223: =IF((D223-G223)<10,"Accepted","Partial/Rejected") -> #VALUE! | G223: =IF(ISERROR(VLOOKUP(A223,Report!A:D,3,FALSE)),"NOT FOUND",VLOOKUP(A223,Report!A:D,3,FALSE)) -> NOT FOUND | H223: =IF(ISERROR(VLOOKUP(A223,Report!A:D,4,FALSE)),"NOT FOUND",VLOOKUP(A223,Report!A:D,4,FALSE)) -> NOT FOUND | I223: =IF(ISERROR(VLOOKUP(A223,Report!A:D,2,FALSE)),"NOT FOUND",VLOOKUP(A223,Report!A:D,2,FALSE)) -> NOT FOUND | K223: =MONTH(C223) -> 1 | L223: =YEAR(C223) -> 2026
A224: MWCI26E000004 | B224: 414 | C224: 46039 | D224: 3940 | E224: CSI CLAIM | F224: =IF((D224-G224)<10,"Accepted","Partial/Rejected") -> #VALUE! | G224: =IF(ISERROR(VLOOKUP(A224,Report!A:D,3,FALSE)),"NOT FOUND",VLOOKUP(A224,Report!A:D,3,FALSE)) -> NOT FOUND | H224: =IF(ISERROR(VLOOKUP(A224,Report!A:D,4,FALSE)),"NOT FOUND",VLOOKUP(A224,Report!A:D,4,FALSE)) -> NOT FOUND | I224: =IF(ISERROR(VLOOKUP(A224,Report!A:D,2,FALSE)),"NOT FOUND",VLOOKUP(A224,Report!A:D,2,FALSE)) -> NOT FOUND | K224: =MONTH(C224) -> 1 | L224: =YEAR(C224) -> 2026
...

Sheet Claim Summary
A2: Claim Month | B2: (All)
A4: Claim Year | B4: Type of Claim (PDI/Warranty/Service Campaign/Breakdown/Others) | C4: Sum of Invoice Value | D4: Sum of Claim Passed Amount | E4: Sum of Rejected Amount | F4: Percentage of rejection
A5: 2025 | B5: CSI CLAIM | C5: 17700 | D5: 0 | E5: 0
B6: FREE SERVICE CLAIM | C6: 1059522 | D6: 1059522 | E6: 58690 | F6: =E6/D6 -> 0.055392904
B7: MAHAKUMBH MELA | C7: 142876 | D7: 142875.58 | E7: 0 | F7: =E7/D7 -> 0
B8: PDI COUPON CLAIM | C8: 247741 | D8: 247741 | E8: 0 | F8: =E8/D8 -> 0
B9: REMOTE SERVICE CAMP | C9: 82203.8 | D9: 58075.9 | E9: 0 | F9: =E9/D9 -> 0
B10: Warranty | C10: 899680 | D10: 843824.7 | E10: 74756.99 | F10: =E10/D10 -> 0.088593034
A11: 2025 Total | C11: 2449722.8 | D11: 2352039.2 | E11: 133446.99 | F11: =E11/D11 -> 0.056736721
A12: 2026 | B12: CSI CLAIM | C12: 94477.31 | D12: 0 | E12: 0 | F12: =E12/D12 -> #DIV/0!
B13: FREE SERVICE CLAIM | C13: 135877 | D13: 131924 | E13: 16860 | F13: =E13/D13 -> 0.12780086
B14: PDI COUPON CLAIM | C14: 29205 | D14: 0 | E14: 0 | F14: =E14/D14 -> #DIV/0!
B15: Warranty | C15: 51753 | D15: 50021.45 | E15: 0 | F15: =E15/D15 -> 0
A16: 2026 Total | C16: 311312.31 | D16: 181945.45 | E16: 16860 | F16: =E16/D16 -> 0.092665137
A17: Grand Total | C17: 2761035.1 | D17: 2533984.6 | E17: 150306.99

Sheet PDI report
A1: Sr. No. | B1: Zone | C1: State | D1: Dealer Code | E1: Dealer Name | F1: Dealer Location | G1: Scheme | H1: Sale Date | I1: Sale Kms/Hrs. | J1: Coupon No. | K1: Chassis No. | L1: Engine No. | M1: Vehicle Type | N1: Invoice No. | O1: INVOICE_DATE | P1: Settlement Date | Q1: Invoice Amount | R1: Credit Amount | S1: GST Amount | T1: Net Amount | U1: Credit Note No. | V1: Credit Note Date | W1: Debit Amount | X1: Debit Note No. | Y1: Debit Note Date | Z1: FI Doc No Credit | AA1: FI Doc No Debit | AB1: Rejection Code | AC1: Rejection Desc. | AD1: Rejection Percent
A2: 1 | B2: NORTH | C2: UTTAR PRADESH | D2: 7134 | E2: M/S GOENKA AUTO PRIVATE LIMITED. | F2: VARANASI | G2: S | H2: 30-Mar-25 | I2: 1165 | J2: 00327606 | K2: MC1D4DBA3SP107505 | L2: D72019127 | M2: TRAX | N2: SCI25C000040 | O2: 19-Mar-2025 | P2: 23-Apr-25 | Q2: 1150 | R2: 1150 | S2: 207 | T2: 1357 | U2: 620984 | V2: 03-Jun-25 | W2: 0 | X2: 32237 | Y2: 03-Jun-25
A3: 2 | B3: NORTH | C3: UTTAR PRADESH | D3: 7134 | E3: M/S GOENKA AUTO PRIVATE LIMITED. | F3: VARANASI | G3: S | H3: 29-Mar-25 | I3: 1165 | J3: 00781693 | K3: MC1E4EFA1RP013332 | L3: D71057281 | M3: T-1 | N3: SCI25C000040 | O3: 18-Jul-2024 | P3: 23-Apr-25 | Q3: 1150 | R3: 1150 | S3: 207 | T3: 1357 | U3: 620984 | V3: 03-Jun-25 | W3: 0 | X3: 32237 | Y3: 03-Jun-25
A4: 3 | B4: NORTH | C4: UTTAR PRADESH | D4: 7134 | E4: M/S GOENKA AUTO PRIVATE LIMITED. | F4: VARANASI | G4: S | H4: 30-Mar-25 | I4: 1165 | J4: 00327605 | K4: MC1D4DBA2SP107513 | L4: D72019118 | M4: TRAX | N4: SCI25C000040 | O4: 19-Mar-2025 | P4: 23-Apr-25 | Q4: 1150 | R4: 1150 | S4: 207 | T4: 1357 | U4: 620984 | V4: 03-Jun-25 | W4: 0 | X4: 32237 | Y4: 03-Jun-25
A5: 4 | B5: NORTH | C5: UTTAR PRADESH | D5: 7134 | E5: M/S GOENKA AUTO PRIVATE LIMITED. | F5: VARANASI | G5: S | H5: 13-Mar-25 | I5: 1165 | J5: 00797216 | K5: MC1E4DAA1SP055796 | L5: D71068659 | M5: T-1 | N5: SCI25C000040 | O5: 31-Jan-2025 | P5: 23-Apr-25 | Q5: 1150 | R5: 1150 | S5: 207 | T5: 1357 | U5: 620984 | V5: 03-Jun-25 | W5: 0 | X5: 32237 | Y5: 03-Jun-25
A6: 5 | B6: NORTH | C6: UTTAR PRADESH | D6: 7134 | E6: M/S GOENKA AUTO PRIVATE LIMITED. | F6: VARANASI | G6: S | H6: 30-Mar-25 | I6: 1165 | J6: 00327607 | K6: MC1D4DBA8SP107483 | L6: D72019091 | M6: TRAX | N6: SCI25C000040 | O6: 19-Mar-2025 | P6: 23-Apr-25 | Q6: 1150 | R6: 1150 | S6: 207 | T6: 1357 | U6: 620984 | V6: 03-Jun-25 | W6: 0 | X6: 32237 | Y6: 03-Jun-25
A7: 6 | B7: NORTH | C7: UTTAR PRADESH | D7: 7134 | E7: M/S GOENKA AUTO PRIVATE LIMITED. | F7: VARANASI | G7: S | H7: 29-Mar-25 | I7: 1165 | J7: 00006960 | K7: MC1M4ACA2SP003858 | L7: D71076103 | M7: T1N | N7: SCI25C000040 | O7: 25-Mar-2025 | P7: 23-Apr-25 | Q7: 1500 | R7: 1500 | S7: 270 | T7: 1770 | U7: 620984 | V7: 03-Jun-25 | W7: 0 | X7: 32237 | Y7: 03-Jun-25
A8: 7 | B8: NORTH | C8: UTTAR PRADESH | D8: 7134 | E8: M/S GOENKA AUTO PRIVATE LIMITED. | F8: VARANASI | G8: S | H8: 06-Mar-25 | I8: 1165 | J8: 00327885 | K8: MC1D4DAA9SP107140 | L8: D72018775 | M8: TRAX | N8: SCI25C000040 | O8: 15-Feb-2025 | P8: 23-Apr-25 | Q8: 1150 | R8: 1150 | S8: 207 | T8: 1357 | U8: 620984 | V8: 03-Jun-25 | W8: 0 | X8: 32237 | Y8: 03-Jun-25
A9: 8 | B9: NORTH | C9: UTTAR PRADESH | D9: 7134 | E9: M/S GOENKA AUTO PRIVATE LIMITED. | F9: VARANASI | G9: S | H9: 17-Mar-25 | I9: 1165 | J9: 00784362 | K9: MC1E4FAA3SP022049 | L9: D71067216 | M9: T26 | N9: SCI25C000040 | O9: 16-Jan-2025 | P9: 23-Apr-25 | Q9: 1150 | R9: 1150 | S9: 207 | T9: 1357 | U9: 620984 | V9: 03-Jun-25 | W9: 0 | X9: 32237 | Y9: 03-Jun-25
A10: 9 | B10: NORTH | C10: UTTAR PRADESH | D10: 7134 | E10: M/S GOENKA AUTO PRIVATE LIMITED. | F10: VARANASI | G10: S | H10: 29-Mar-25 | I10: 1160 | J10: 00784698 | K10: MC1E4FBA0SP022668 | L10: D71071710 | M10: T26 | N10: SCI25C000040 | O10: 12-Mar-2025 | P10: 23-Apr-25 | Q10: 1150 | R10: 1150 | S10: 207 | T10: 1357 | U10: 620984 | V10: 03-Jun-25 | W10: 0 | X10: 32237 | Y10: 03-Jun-25
A11: 10 | B11: NORTH | C11: UTTAR PRADESH | D11: 7134 | E11: M/S GOENKA AUTO PRIVATE LIMITED. | F11: VARANASI | G11: S | H11: 21-Mar-25 | I11: 1165 | J11: 00784731 | K11: MC1E4FAA2SP022334 | L11: D71069755 | M11: T26 | N11: SCI25C000040 | O11: 27-Feb-2025 | P11: 23-Apr-25 | Q11: 1150 | R11: 1150 | S11: 207 | T11: 1357 | U11: 620984 | V11: 03-Jun-25 | W11: 0 | X11: 32237 | Y11: 03-Jun-25
A12: 11 | B12: NORTH | C12: UTTAR PRADESH | D12: 7134 | E12: M/S GOENKA AUTO PRIVATE LIMITED. | F12: VARANASI | G12: S | H12: 24-Mar-25 | I12: 1165 | J12: 00797196 | K12: MC1E4DBA0SP055996 | L12: D71071829 | M12: T-1 | N12: SCI25C000040 | O12: 05-Mar-2025 | P12: 23-Apr-25 | Q12: 1150 | R12: 1150 | S12: 207 | T12: 1357 | U12: 620984 | V12: 03-Jun-25 | W12: 0 | X12: 32237 | Y12: 03-Jun-25
A13: 12 | B13: NORTH | C13: UTTAR PRADESH | D13: 7134 | E13: M/S GOENKA AUTO PRIVATE LIMITED. | F13: VARANASI | G13: S | H13: 18-Mar-25 | I13: 1165 | J13: 00327338 | K13: MC1D4DBA4SP107271 | L13: D72018874 | M13: TRAX | N13: SCI25C000040 | O13: 26-Feb-2025 | P13: 23-Apr-25 | Q13: 1150 | R13: 1150 | S13: 207 | T13: 1357 | U13: 620984 | V13: 03-Jun-25 | W13: 0 | X13: 32237 | Y13: 03-Jun-25
... A19: 18 | B19: NORTH | C19: UTTAR PRADESH | D19: 7134 | E19: M/S GOENKA AUTO PRIVATE LIMITED. | F19: VARANASI | G19: S | H19: 29-Mar-25 | I19: 1165 | J19: 00788228 | K19: MC1L4BGA5SP000738 | L19: D71058742 | M19: T3 | N19: SCI25C000040 | O19: 04-Oct-2024 | P19: 23-Apr-25 | Q19: 1150 | R19: 1150 | S19: 207 | T19: 1357 | U19: 620984 | V19: 03-Jun-25 | W19: 0 | X19: 32237 | Y19: 03-Jun-25
A20: 19 | B20: NORTH | C20: UTTAR PRADESH | D20: 7134 | E20: M/S GOENKA AUTO PRIVATE LIMITED. | F20: VARANASI | G20: S | H20: 31-Mar-25 | I20: 1165 | J20: 00789040 | K20: MC1E4FCA2SP023142 | L20: D71076641 | M20: T26 | N20: SCI25C000040 | O20: 29-Mar-2025 | P20: 23-Apr-25 | Q20: 1150 | R20: 0 | S20: 207 | T20: 1357 | U20: 620984 | V20: 03-Jun-25 | W20: 1150 | X20: 32237 | Y20: 03-Jun-25 | AB20: 022 | AC20: PDI COUPON HARD COPY NOT RECEIVED | AD20: 100
A21: 20 | B21: NORTH | C21: UTTAR PRADESH | D21: 7134 | E21: M/S GOENKA AUTO PRIVATE LIMITED. | F21: VARANASI | G21: S | H21: 31-Mar-25 | I21: 1165 | J21: 00796243 | K21: MC1E5DAA6SP000614 | L21: D73001641 | M21: T-1 | N21: SCI25C000040 | O21: 24-Jan-2025 | P21: 23-Apr-25 | Q21: 1150 | R21: 0 | S21: 207 | T21: 1357 | U21: 620984 | V21: 03-Jun-25 | W21: 1150 | X21: 32237 | Y21: 03-Jun-25 | AB21: 022 | AC21: PDI COUPON HARD COPY NOT RECEIVED | AD21: 100
A22: 21 | B22: NORTH | C22: UTTAR PRADESH | D22: 7134 | E22: M/S GOENKA AUTO PRIVATE LIMITED. | F22: VARANASI | G22: S | H22: 29-Mar-25 | I22: 1165 | J22: 00327424 | K22: MC1D4DCA3SP107776 | L22: D72019387 | M22: TRAX | N22: SCI25C000040 | O22: 07-Mar-2025 | P22: 23-Apr-25 | Q22: 1150 | R22: 1150 | S22: 207 | T22: 1357 | U22: 620984 | V22: 03-Jun-25 | W22: 0 | X22: 32237 | Y22: 03-Jun-25
A23: 22 | B23: NORTH | C23: UTTAR PRADESH | D23: 7134 | E23: M/S GOENKA AUTO PRIVATE LIMITED. | F23: VARANASI | G23: S | H23: 21-Mar-25 | I23: 1165 | J23: 00327821 | K23: MC1D4DAA3SP107117 | L23: D72018790 | M23: TRAX | N23: SCI25C000040 | O23: 19-Feb-2025 | P23: 23-Apr-25 | Q23: 1150 | R23: 1150 | S23: 207 | T23: 1357 | U23: 620984 | V23: 03-Jun-25 | W23: 0 | X23: 32237 | Y23: 03-Jun-25
A24: 23 | B24: NORTH | C24: UTTAR PRADESH | D24: 7134 | E24: M/S GOENKA AUTO PRIVATE LIMITED. | F24: VARANASI | G24: S | H24: 25-Mar-25 | I24: 1165 | J24: 00327825 | K24: MC1D4DAA4SP107109 | L24: D72018744 | M24: TRAX | N24: SCI25C000040 | O24: 19-Feb-2025 | P24: 23-Apr-25 | Q24: 1150 | R24: 1150 | S24: 207 | T24: 1357 | U24: 620984 | V24: 03-Jun-25 | W24: 0 | X24: 32237 | Y24: 03-Jun-25
A25: 24 | B25: NORTH | C25: UTTAR PRADESH | D25: 7134 | E25: M/S GOENKA AUTO PRIVATE LIMITED. | F25: VARANASI | G25: S | H25: 22-Mar-25 | I25: 1165 | J25: 00328028 | K25: MC1D1DBA7SP001616 | L25: D72018969 | M25: TRAX | N25: SCI25C000040 | O25: 11-Mar-2025 | P25: 23-Apr-25 | Q25: 1150 | R25: 1150 | S25: 207 | T25: 1357 | U25: 620984 | V25: 03-Jun-25 | W25: 0 | X25: 32237 | Y25: 03-Jun-25
A26: 25 | B26: NORTH | C26: UTTAR PRADESH | D26: 7134 | E26: M/S GOENKA AUTO PRIVATE LIMITED. | F26: VARANASI | G26: S | H26: 21-Mar-25 | I26: 1165 | J26: 00795278 | K26: MC1E4DBA8SP056040 | L26: D71072655 | M26: T-1 | N26: SCI25C000040 | O26: 07-Mar-2025 | P26: 23-Apr-25 | Q26: 1150 | R26: 1150 | S26: 207 | T26: 1357 | U26: 620984 | V26: 03-Jun-25 | W26: 0 | X26: 32237 | Y26: 03-Jun-25
A27: 26 | B27: NORTH | C27: UTTAR PRADESH | D27: 7134 | E27: M/S GOENKA AUTO PRIVATE LIMITED. | F27: VARANASI | G27: S | H27: 25-Mar-25 | I27: 1165 | J27: 00785188 | K27: MC1E4EBA7SP015419 | L27: D71073629 | M27: T-1 | N27: SCI25C000040 | O27: 28-Feb-2025 | P27: 23-Apr-25 | Q27: 1150 | R27: 1150 | S27: 207 | T27: 1357 | U27: 620984 | V27: 03-Jun-25 | W27: 0 | X27: 32237 | Y27: 03-Jun-25
A28: 27 | B28: NORTH | C28: UTTAR PRADESH | D28: 7134 | E28: M/S GOENKA AUTO PRIVATE LIMITED. | F28: VARANASI | G28: S | H28: 30-Mar-25 | I28: 1165 | J28: 00796641 | K28: MC1E4DCA0SP056225 | L28: D71074854 | M28: T-1 | N28: SCI25C000040 | O28: 19-Mar-2025 | P28: 23-Apr-25 | Q28: 1150 | R28: 1150 | S28: 207 | T28: 1357 | U28: 620984 | V28: 03-Jun-25 | W28: 0 | X28: 32237 | Y28: 03-Jun-25
A29: 28 | B29: NORTH | C29: UTTAR PRADESH | D29: 7134 | E29: M/S GOENKA AUTO PRIVATE LIMITED. | F29: VARANASI | G29: S | H29: 31-Mar-25 | I29: 1165 | J29: 00327370 | K29: MC1D4DCA0SP107864 | L29: D72019478 | M29: TRAX | N29: SCI25C000040 | O29: 19-Mar-2025 | P29: 23-Apr-25 | Q29: 1150 | R29: 1150 | S29: 207 | T29: 1357 | U29: 620984 | V29: 03-Jun-25 | W29: 0 | X29: 32237 | Y29: 03-Jun-25
A30: 29 | B30: NORTH | C30: UTTAR PRADESH | D30: 7134 | E30: M/S GOENKA AUTO PRIVATE LIMITED. | F30: VARANASI | G30: S | H30: 08-Mar-25 | I30: 1165 | J30: 00327879 | K30: MC1D4DAA2SP107111 | L30: D72018740 | M30: TRAX | N30: SCI25C000040 | O30: 15-Feb-2025 | P30: 23-Apr-25 | Q30: 1150 | R30: 1150 | S30: 207 | T30: 1357 | U30: 620984 | V30: 03-Jun-25 | W30: 0 | X30: 32237 | Y30: 03-Jun-25
A31: 30 | B31: NORTH | C31: UTTAR PRADESH | D31: 7134 | E31: M/S GOENKA AUTO PRIVATE LIMITED. | F31: VARANASI | G31: S | H31: 30-Mar-25 | I31: 1165 | J31: 00796637 | K31: MC1E4DCA4SP056163 | L31: D71074480 | M31: T-1 | N31: SCI25C000040 | O31: 19-Mar-2025 | P31: 23-Apr-25 | Q31: 1150 | R31: 1150 | S31: 207 | T31: 1357 | U31: 620984 | V31: 03-Jun-25 | W31: 0 | X31: 32237 | Y31: 03-Jun-25
A32: 31 | B32: NORTH | C32: UTTAR PRADESH | D32: 7134 | E32: M/S GOENKA AUTO PRIVATE LIMITED. | F32: VARANASI | G32: S | H32: 26-Mar-25 | I32: 1165 | J32: 00801400 | K32: MC1E4DCA0SP056435 | L32: D71075442 | M32: T-1 | N32: SCI25C000040 | O32: 17-Mar-2025 | P32: 23-Apr-25 | Q32: 1150 | R32: 1150 | S32: 207 | T32: 1357 | U32: 620984 | V32: 03-Jun-25 | W32: 0 | X32: 32237 | Y32: 03-Jun-25
A33: 32 | B33: NORTH | C33: UTTAR PRADESH | D33: 7134 | E33: M/S GOENKA AUTO PRIVATE LIMITED. | F33: VARANASI | G33: S | H33: 11-Mar-25 | I33: 1165 | J33: 00797921 | K33: MC1E4DAA2SP055855 | L33: D71070759 | M33: T-1 | N33: SCI25C000040 | O33: 19-Feb-2025 | P33: 23-Apr-25 | Q33: 1150 | R33: 1150 | S33: 207 | T33: 1357 | U33: 620984 | V33: 03-Jun-25 | W33: 0 | X33: 32237 | Y33: 03-Jun-25
... A40: 39 | B40: NORTH | C40: UTTAR PRADESH | D40: 7134 | E40: M/S GOENKA AUTO PRIVATE LIMITED. | F40: VARANASI | G40: S | H40: 21-Mar-25 | I40: 1165 | J40: 00798847 | K40: MC1E4DAA5SP055932 | L40: D71069296 | M40: T-1 | N40: SCI25C000040 | O40: 26-Feb-2025 | P40: 23-Apr-25 | Q40: 1150 | R40: 1150 | S40: 207 | T40: 1357 | U40: 620984 | V40: 03-Jun-25 | W40: 0 | X40: 32237 | Y40: 03-Jun-25
A41: 40 | B41: NORTH | C41: UTTAR PRADESH | D41: 7134 | E41: M/S GOENKA AUTO PRIVATE LIMITED. | F41: VARANASI | G41: S | H41: 05-Mar-25 | I41: 1165 | J41: 00795726 | K41: MC1E4DAA9SP055836 | L41: D71069019 | M41: T-1 | N41: SCI26E000001 | O41: 13-Feb-2025 | P41: 09-Jul-25 | Q41: 1150 | R41: 0 | S41: 207 | T41: 1357 | U41: 621504 | V41: 19-Aug-25 | W41: 1150 | X41: 32757 | Y41: 19-Aug-25 | AB41: 010 | AC41: LATE SUBMISSION | AD41: 100
A42: 41 | B42: NORTH | C42: UTTAR PRADESH | D42: 7134 | E42: M/S GOENKA AUTO PRIVATE LIMITED. | F42: VARANASI | G42: S | H42: 27-Feb-25 | I42: 1165 | J42: 00785025 | K42: MC1E4EBA2SP015313 | L42: D71072545 | M42: T-1 | N42: SCI26E000001 | O42: 25-Feb-2025 | P42: 09-Jul-25 | Q42: 1150 | R42: 0 | S42: 207 | T42: 1357 | U42: 621504 | V42: 19-Aug-25 | W42: 1150 | X42: 32757 | Y42: 19-Aug-25 | AB42: 010 | AC42: LATE SUBMISSION | AD42: 100
A43: 42 | B43: NORTH | C43: UTTAR PRADESH | D43: 7134 | E43: M/S GOENKA AUTO PRIVATE LIMITED. | F43: VARANASI | G43: S | H43: 07-Mar-25 | I43: 1165 | J43: 00789309 | K43: MC1E4FLA7SP021807 | L43: D71066302 | M43: T26 | N43: SCI26E000001 | O43: 25-Dec-2024 | P43: 09-Jul-25 | Q43: 1150 | R43: 0 | S43: 207 | T43: 1357 | U43: 621504 | V43: 19-Aug-25 | W43: 1150 | X43: 32757 | Y43: 19-Aug-25 | AB43: 010 | AC43: LATE SUBMISSION | AD43: 100
A44: 43 | B44: NORTH | C44: UTTAR PRADESH | D44: 7134 | E44: M/S GOENKA AUTO PRIVATE LIMITED. | F44: VARANASI | G44: S | H44: 13-Mar-25 | I44: 1165 | J44: 00006118 | K44: MC1M4ALA8SP002956 | L44: D71066667 | M44: T1N | N44: SCI26E000001 | O44: 31-Dec-2024 | P44: 09-Jul-25 | Q44: 1500 | R44: 0 | S44: 270 | T44: 1770 | U44: 621504 | V44: 19-Aug-25 | W44: 1500 | X44: 32757 | Y44: 19-Aug-25 | AB44: 010 | AC44: LATE SUBMISSION | AD44: 100
A45: 44 | B45: NORTH | C45: UTTAR PRADESH | D45: 7134 | E45: M/S GOENKA AUTO PRIVATE LIMITED. | F45: VARANASI | G45: S | H45: 05-Mar-25 | I45: 1165 | J45: 00795725 | K45: MC1E4DAA1SP055832 | L45: D71068928 | M45: T-1 | N45: SCI26E000001 | O45: 13-Feb-2025 | P45: 09-Jul-25 | Q45: 1150 | R45: 0 | S45: 207 | T45: 1357 | U45: 621504 | V45: 19-Aug-25 | W45: 1150 | X45: 32757 | Y45: 19-Aug-25 | AB45: 010 | AC45: LATE SUBMISSION | AD45: 100
A46: 45 | B46: NORTH | C46: UTTAR PRADESH | D46: 7134 | E46: M/S GOENKA AUTO PRIVATE LIMITED. | F46: VARANASI | G46: S | H46: 13-Feb-25 | I46: 1165 | J46: 00326051 | K46: MC1D4DKA2SP105924 | L46: D72017397 | M46: TRAX | N46: SCI26E000001 | O46: 30-Nov-2024 | P46: 09-Jul-25 | Q46: 1150 | R46: 0 | S46: 207 | T46: 1357 | U46: 621504 | V46: 19-Aug-25 | W46: 1150 | X46: 32757 | Y46: 19-Aug-25 | AB46: 010 | AC46: LATE SUBMISSION | AD46: 100
A47: 46 | B47: NORTH | C47: UTTAR PRADESH | D47: 7134 | E47: M/S GOENKA AUTO PRIVATE LIMITED. | F47: VARANASI | G47: S | H47: 30-Mar-25 | I47: 1165 | J47: 00789038 | K47: MC1E4FCAXSP023177 | L47: D71076546 | M47: T26 | N47: SCI26E000002 | O47: 28-Mar-2025 | P47: 09-Jul-25 | Q47: 1150 | R47: 1150 | S47: 207 | T47: 1357 | U47: 621505 | V47: 19-Aug-25 | W47: 0 | X47: 32758 | Y47: 19-Aug-25
A48: 47 | B48: NORTH | C48: UTTAR PRADESH | D48: 7134 | E48: M/S GOENKA AUTO PRIVATE LIMITED. | F48: VARANASI | G48: S | H48: 22-Mar-25 | I48: 1160 | J48: 00801727 | K48: MC1E4DCA7SP056335 | L48: D71075083 | M48: T-1 | N48: SCI26E000002 | O48: 19-Mar-2025 | P48: 09-Jul-25 | Q48: 1150 | R48: 1150 | S48: 207 | T48: 1357 | U48: 621505 | V48: 19-Aug-25 | W48: 0 | X48: 32758 | Y48: 19-Aug-25
A49: 48 | B49: NORTH | C49: UTTAR PRADESH | D49: 7134 | E49: M/S GOENKA AUTO PRIVATE LIMITED. | F49: VARANASI | G49: S | H49: 18-Mar-25 | I49: 1165 | J49: 00789530 | K49: MC1E4FBA3SP022860 | L49: D71074009 | M49: T26 | N49: SCI26E000002 | O49: 12-Mar-2025 | P49: 09-Jul-25 | Q49: 1150 | R49: 1150 | S49: 207 | T49: 1357 | U49: 621505 | V49: 19-Aug-25 | W49: 0 | X49: 32758 | Y49: 19-Aug-25
A50: 49 | B50: NORTH | C50: UTTAR PRADESH | D50: 7134 | E50: M/S GOENKA AUTO PRIVATE LIMITED. | F50: VARANASI | G50: S | H50: 30-Mar-25 | I50: 1165 | J50: 00789023 | K50: MC1E4FCA2SP023089 | L50: D71076495 | M50: T26 | N50: SCI26E000002 | O50: 28-Mar-2025 | P50: 09-Jul-25 | Q50: 1150 | R50: 1150 | S50: 207 | T50: 1357 | U50: 621505 | V50: 19-Aug-25 | W50: 0 | X50: 32758 | Y50: 19-Aug-25
A51: 50 | B51: NORTH | C51: UTTAR PRADESH | D51: 7134 | E51: M/S GOENKA AUTO PRIVATE LIMITED. | F51: VARANASI | G51: S | H51: 30-Mar-25 | I51: 1165 | J51: 00798838 | K51: MC1E4DAA5SP055929 | L51: D71070921 | M51: T-1 | N51: SCI26E000002 | O51: 26-Feb-2025 | P51: 09-Jul-25 | Q51: 1150 | R51: 1150 | S51: 207 | T51: 1357 | U51: 621505 | V51: 19-Aug-25 | W51: 0 | X51: 32758 | Y51: 19-Aug-25
A52: 51 | B52: NORTH | C52: UTTAR PRADESH | D52: 7134 | E52: M/S GOENKA AUTO PRIVATE LIMITED. | F52: VARANASI | G52: S | H52: 29-Mar-25 | I52: 1165 | J52: 00789022 | K52: MC1E4FCA1SP023116 | L52: D71076361 | M52: T26 | N52: SCI26E000002 | O52: 28-Mar-2025 | P52: 09-Jul-25 | Q52: 1150 | R52: 1150 | S52: 207 | T52: 1357 | U52: 621505 | V52: 19-Aug-25 | W52: 0 | X52: 32758 | Y52: 19-Aug-25
A53: 52 | B53: NORTH | C53: UTTAR PRADESH | D53: 7134 | E53: M/S GOENKA AUTO PRIVATE LIMITED. | F53: VARANASI | G53: S | H53: 29-Mar-25 | I53: 1165 | J53: 00789021 | K53: MC1E4FCA0SP023088 | L53: D71076373 | M53: T26 | N53: SCI26E000002 | O53: 28-Mar-2025 | P53: 09-Jul-25 | Q53: 1150 | R53: 1150 | S53: 207 | T53: 1357 | U53: 621505 | V53: 19-Aug-25 | W53: 0 | X53: 32758 | Y53: 19-Aug-25
A54: 53 | B54: NORTH | C54: UTTAR PRADESH | D54: 7134 | E54: M/S GOENKA AUTO PRIVATE LIMITED. | F54: VARANASI | G54: S | H54: 31-Mar-25 | I54: 1165 | J54: 00793736 | K54: MC1E4FCA8SP022920 | L54: D71074369 | M54: T26 | N54: SCI26E000002 | O54: 29-Mar-2025 | P54: 09-Jul-25 | Q54: 1150 | R54: 1150 | S54: 207 | T54: 1357 | U54: 621505 | V54: 19-Aug-25 | W54: 0 | X54: 32758 | Y54: 19-Aug-25
A55: 54 | B55: NORTH | C55: UTTAR PRADESH | D55: 7134 | E55: M/S GOENKA AUTO PRIVATE LIMITED. | F55: VARANASI | G55: S | H55: 29-Mar-25 | I55: 1165 | J55: 00789025 | K55: MC1E4FCA8SP023176 | L55: D71076538 | M55: T26 | N55: SCI26E000002 | O55: 28-Mar-2025 | P55: 09-Jul-25 | Q55: 1150 | R55: 1150 | S55: 207 | T55: 1357 | U55: 621505 | V55: 19-Aug-25 | W55: 0 | X55: 32758 | Y55: 19-Aug-25
A56: 55 | B56: NORTH | C56: UTTAR PRADESH | D56: 7134 | E56: M/S GOENKA AUTO PRIVATE LIMITED. | F56: VARANASI | G56: S | H56: 22-Mar-25 | I56: 1165 | J56: 00789361 | K56: MC1E4FCA3SP023022 | L56: D71075605 | M56: T26 | N56: SCI26E000002 | O56: 21-Mar-2025 | P56: 09-Jul-25 | Q56: 1150 | R56: 1150 | S56: 207 | T56: 1357 | U56: 621505 | V56: 19-Aug-25 | W56: 0 | X56: 32758 | Y56: 19-Aug-25
A57: 56 | B57: NORTH | C57: UTTAR PRADESH | D57: 7134 | E57: M/S GOENKA AUTO PRIVATE LIMITED. | F57: VARANASI | G57: S | H57: 26-Mar-25 | I57: 1165 | J57: 00796920 | K57: MC1E4DAA2SP055953 | L57: D71072071 | M57: T-1 | N57: SCI26E000002 | O57: 06-Mar-2025 | P57: 09-Jul-25 | Q57: 1150 | R57: 1150 | S57: 207 | T57: 1357 | U57: 621505 | V57: 19-Aug-25 | W57: 0 | X57: 32758 | Y57: 19-Aug-25
A58: 57 | B58: NORTH | C58: UTTAR PRADESH | D58: 7134 | E58: M/S GOENKA AUTO PRIVATE LIMITED. | F58: VARANASI | G58: S | H58: 26-Mar-25 | I58: 1165 | J58: 91005790 | K58: MC1M4ABA8SP003414 | L58: D71072338 | M58: T1N | N58: SCI26E000002 | O58: 13-Feb-2025 | P58: 09-Jul-25 | Q58: 1500 | R58: 1500 | S58: 270 | T58: 1770 | U58: 621505 | V58: 19-Aug-25 | W58: 0 | X58: 32758 | Y58: 19-Aug-25
A59: 58 | B59: NORTH | C59: UTTAR PRADESH | D59: 7134 | E59: M/S GOENKA AUTO PRIVATE LIMITED. | F59: VARANASI | G59: S | H59: 24-Mar-25 | I59: 1165 | J59: 00794595 | K59: MC1E4FCA6SP023063 | L59: D71075908 | M59: T26 | N59: SCI26E000002 | O59: 22-Mar-2025 | P59: 09-Jul-25 | Q59: 1150 | R59: 1150 | S59: 207 | T59: 1357 | U59: 621505 | V59: 19-Aug-25 | W59: 0 | X59: 32758 | Y59: 19-Aug-25
A60: 59 | B60: NORTH | C60: UTTAR PRADESH | D60: 7134 | E60: M/S GOENKA AUTO PRIVATE LIMITED. | F60: VARANASI | G60: S | H60: 29-Mar-25 | I60: 1165 | J60: 00789024 | K60: MC1E4FCA4SP023093 | L60: D71076443 | M60: T26 | N60: SCI26E000002 | O60: 28-Mar-2025 | P60: 09-Jul-25 | Q60: 1150 | R60: 1150 | S60: 207 | T60: 1357 | U60: 621505 | V60: 19-Aug-25 | W60: 0 | X60: 32758 | Y60: 19-Aug-25
A61: 60 | B61: NORTH | C61: UTTAR PRADESH | D61: 7134 | E61: M/S GOENKA AUTO PRIVATE LIMITED. | F61: VARANASI | G61: S | H61: 22-Mar-25 | I61: 1165 | J61: 00800870 | K61: MC1E4ECA7SP015645 | L61: D71075726 | M61: T-1 | N61: SCI26E000002 | O61: 20-Mar-2025 | P61: 09-Jul-25 | Q61: 1150 | R61: 1150 | S61: 207 | T61: 1357 | U61: 621505 | V61: 19-Aug-25 | W61: 0 | X61: 32758 | Y61: 19-Aug-25
A62: 61 | B62: NORTH | C62: UTTAR PRADESH | D62: 7134 | E62: M/S GOENKA AUTO PRIVATE LIMITED. | F62: VARANASI | G62: S | H62: 20-Mar-25 | I62: 1165 | J62: 00000001 | K62: MC1D4DAA9SP106862 | L62: D72018463 | M62: TRAX | N62: SCI26E000002 | O62: 24-Jan-2025 | P62: 09-Jul-25 | Q62: 1150 | R62: 1150 | S62: 207 | T62: 1357 | U62: 621505 | V62: 19-Aug-25 | W62: 0 | X62: 32758 | Y62: 19-Aug-25
A63: 62 | B63: NORTH | C63: UTTAR PRADESH | D63: 7134 | E63: M/S GOENKA AUTO PRIVATE LIMITED. | F63: VARANASI | G63: S | H63: 31-Mar-25 | I63: 1165 | J63: 00789037 | K63: MC1E4FCAXSP023146 | L63: D71076503 | M63: T26 | N63: SCI26E000002 | O63: 28-Mar-2025 | P63: 09-Jul-25 | Q63: 1150 | R63: 1150 | S63: 207 | T63: 1357 | U63: 621505 | V63: 19-Aug-25 | W63: 0 | X63: 32758 | Y63: 19-Aug-25
A64: 63 | B64: NORTH | C64: UTTAR PRADESH | D64: 7134 | E64: M/S GOENKA AUTO PRIVATE LIMITED. | F64: VARANASI | G64: S | H64: 29-Mar-25 | I64: 1165 | J64: 00801496 | K64: MC1E4ECA8SP015718 | L64: D71076194 | M64: T-1 | N64: SCI26E000002 | O64: 25-Mar-2025 | P64: 09-Jul-25 | Q64: 1150 | R64: 1150 | S64: 207 | T64: 1357 | U64: 621505 | V64: 19-Aug-25 | W64: 0 | X64: 32758 | Y64: 19-Aug-25
A65: 64 | B65: NORTH | C65: UTTAR PRADESH | D65: 7134 | E65: M/S GOENKA AUTO PRIVATE LIMITED. | F65: VARANASI | G65: S | H65: 24-Mar-25 | I65: 1165 | J65: 00794594 | K65: MC1E4FCA4SP023076 | L65: D71075966 | M65: T26 | N65: SCI26E000002 | O65: 22-Mar-2025 | P65: 09-Jul-25 | Q65: 1150 | R65: 1150 | S65: 207 | T65: 1357 | U65: 621505 | V65: 19-Aug-25 | W65: 0 | X65: 32758 | Y65: 19-Aug-25
A66: 65 | B66: NORTH | C66: UTTAR PRADESH | D66: 7134 | E66: M/S GOENKA AUTO PRIVATE LIMITED. | F66: VARANASI | G66: S | H66: 26-Apr-25 | I66: 1165 | J66: 00798248 | K66: MC1E4DDA5SP056784 | L66: D71077983 | M66: T-1 | N66: SCI26E000003 | O66: 18-Apr-2025 | P66: 09-Jul-25 | Q66: 1150 | R66: 1150 | S66: 207 | T66: 1357 | U66: 621506 | V66: 19-Aug-25 | W66: 0 | X66: 32759 | Y66: 19-Aug-25
A67: 66 | B67: NORTH | C67: UTTAR PRADESH | D67: 7134 | E67: M/S GOENKA AUTO PRIVATE LIMITED. | F67: VARANASI | G67: S | H67: 30-Apr-25 | I67: 1165 | J67: 00798249 | K67: MC1E4DDA7SP056723 | L67: D71078029 | M67: T-1 | N67: SCI26E000003 | O67: 18-Apr-2025 | P67: 09-Jul-25 | Q67: 1150 | R67: 1150 | S67: 207 | T67: 1357 | U67: 621506 | V67: 19-Aug-25 | W67: 0 | X67: 32759 | Y67: 19-Aug-25
A68: 67 | B68: NORTH | C68: UTTAR PRADESH | D68: 7134 | E68: M/S GOENKA AUTO PRIVATE LIMITED. | F68: VARANASI | G68: S | H68: 28-Apr-25 | I68: 1165 | J68: 00798272 | K68: MC1E4CCA9SP086446 | L68: D71074379 | M68: T-1 | N68: SCI26E000003 | O68: 15-Apr-2025 | P68: 09-Jul-25 | Q68: 1150 | R68: 1150 | S68: 207 | T68: 1357 | U68: 621506 | V68: 19-Aug-25 | W68: 0 | X68: 32759 | Y68: 19-Aug-25
A69: 68 | B69: NORTH | C69: UTTAR PRADESH | D69: 7134 | E69: M/S GOENKA AUTO PRIVATE LIMITED. | F69: VARANASI | G69: S | H69: 14-Apr-25 | I69: 1165 | J69: 00327377 | K69: MC1D4DBA9SP107444 | L69: D72019051 | M69: TRAX | N69: SCI26E000003 | O69: 19-Mar-2025 | P69: 09-Jul-25 | Q69: 1150 | R69: 1150 | S69: 207 | T69: 1357 | U69: 621506 | V69: 19-Aug-25 | W69: 0 | X69: 32759 | Y69: 19-Aug-25
A70: 69 | B70: NORTH | C70: UTTAR PRADESH | D70: 7134 | E70: M/S GOENKA AUTO PRIVATE LIMITED. | F70: VARANASI | G70: S | H70: 18-Apr-25 | I70: 1165 | J70: 00796643 | K70: MC1E4DCA0SP056340 | L70: D71075044 | M70: T-1 | N70: SCI26E000003 | O70: 19-Mar-2025 | P70: 09-Jul-25 | Q70: 1150 | R70: 1150 | S70: 207 | T70: 1357 | U70: 621506 | V70: 19-Aug-25 | W70: 0 | X70: 32759 | Y70: 19-Aug-25
... A262: 261 | B262: NORTH | C262: UTTAR PRADESH | D262: 7134 | E262: M/S GOENKA AUTO PRIVATE LIMITED. | F262: VARANASI | G262: S | H262: 22-Nov-25 | I262: 1165 | J262: 00009957 | K262: MC1M4ALA2TP007202 | L262: D71094077 | M262: T1N | N262: SCI26E000022 | O262: 17-Nov-2025 | P262: 22-Jan-26 | Q262: 1500 | R262: 1500 | S262: 270 | T262: 1770 | U262: 622941 | V262: 16-Feb-26 | W262: 0 | X262: 34194 | Y262: 16-Feb-26
A263: 262 | B263: NORTH | C263: UTTAR PRADESH | D263: 7134 | E263: M/S GOENKA AUTO PRIVATE LIMITED. | F263: VARANASI | G263: S | H263: 29-Nov-25 | I263: 1165 | J263: 00000001 | K263: MC1D4DJA4TP110724 | L263: D72022655 | M263: TRAX | N263: SCI26E000023 | O263: 17-Oct-2025 | P263: 13-Feb-26 | Q263: 1150 | R263: 1150 | S263: 207 | T263: 1357 | U263: 0 | W263: 0 | X263: 0
A264: 263 | B264: NORTH | C264: UTTAR PRADESH | D264: 7134 | E264: M/S GOENKA AUTO PRIVATE LIMITED. | F264: VARANASI | G264: S | H264: 27-Nov-25 | I264: 1165 | J264: 00803730 | K264: MC1E4DGA9TP058194 | L264: D71086056 | M264: T-1 | N264: SCI26E000023 | O264: 31-Jul-2025 | P264: 13-Feb-26 | Q264: 1150 | R264: 1150 | S264: 207 | T264: 1357 | U264: 0 | W264: 0 | X264: 0
A265: 264 | B265: NORTH | C265: UTTAR PRADESH | D265: 7134 | E265: M/S GOENKA AUTO PRIVATE LIMITED. | F265: VARANASI | G265: S | H265: 31-Oct-25 | I265: 1165 | J265: 00809682 | K265: MC1E4EJA3TP017798 | L265: D71091613 | M265: T-1 | N265: SCI26E000023 | O265: 30-Oct-2025 | P265: 13-Feb-26 | Q265: 1150 | R265: 1150 | S265: 207 | T265: 1357 | U265: 0 | W265: 0 | X265: 0
A266: 265 | B266: NORTH | C266: UTTAR PRADESH | D266: 7134 | E266: M/S GOENKA AUTO PRIVATE LIMITED. | F266: VARANASI | G266: S | H266: 28-Oct-25 | I266: 1165 | J266: 00333667 | K266: MC1D4DKA5TP110875 | L266: D72022685 | M266: TRAX | N266: SCI26E000024 | O266: 19-Oct-2025 | P266: 13-Feb-26 | Q266: 1150 | R266: 1150 | S266: 207 | T266: 1357 | U266: 0 | W266: 0 | X266: 0
A267: 266 | B267: NORTH | C267: UTTAR PRADESH | D267: 7134 | E267: M/S GOENKA AUTO PRIVATE LIMITED. | F267: VARANASI | G267: S | H267: 26-Dec-25 | I267: 1165 | J267: 00784221 | K267: MC1E4FFA4SP024112 | L267: D71084175 | M267: T26 | N267: SCI26E000024 | O267: 30-Jun-2025 | P267: 13-Feb-26 | Q267: 1150 | R267: 1150 | S267: 207 | T267: 1357 | U267: 0 | W267: 0 | X267: 0
A268: 267 | B268: NORTH | C268: UTTAR PRADESH | D268: 7134 | E268: M/S GOENKA AUTO PRIVATE LIMITED. | F268: VARANASI | G268: S | H268: 17-Nov-25 | I268: 1165 | J268: 00810392 | K268: MC1E4EKA6TP017874 | L268: D71091802 | M268: T-1 | N268: SCI26E000024 | O268: 12-Nov-2025 | P268: 13-Feb-26 | Q268: 1150 | R268: 1150 | S268: 207 | T268: 1357 | U268: 0 | W268: 0 | X268: 0
A269: 268 | B269: NORTH | C269: UTTAR PRADESH | D269: 7134 | E269: M/S GOENKA AUTO PRIVATE LIMITED. | F269: VARANASI | G269: S | H269: 31-Dec-25 | I269: 1165 | J269: 00011018 | K269: MC1M4ALA8TP007351 | L269: D71094809 | M269: T1N | N269: SCI26E000025 | O269: 17-Dec-2025 | P269: 13-Feb-26 | Q269: 1500 | R269: 1500 | S269: 270 | T269: 1770 | U269: 0 | W269: 0 | X269: 0
A270: 269 | B270: NORTH | C270: UTTAR PRADESH | D270: 7134 | E270: M/S GOENKA AUTO PRIVATE LIMITED. | F270: VARANASI | G270: S | H270: 17-Dec-25 | I270: 1165 | J270: 00807595 | K270: MC1E4DHA0TP058566 | L270: D71087921 | M270: T-1 | N270: SCI26E000025 | O270: 24-Nov-2025 | P270: 13-Feb-26 | Q270: 1150 | R270: 1150 | S270: 207 | T270: 1357 | U270: 0 | W270: 0 | X270: 0
A271: 270 | B271: NORTH | C271: UTTAR PRADESH | D271: 7134 | E271: M/S GOENKA AUTO PRIVATE LIMITED. | F271: VARANASI | G271: S | H271: 23-Dec-25 | I271: 1165 | J271: 00807803 | K271: MC1L4ALA9TP003210 | L271: D71094471 | M271: T3 | N271: SCI26E000025 | O271: 30-Nov-2025 | P271: 13-Feb-26 | Q271: 1150 | R271: 1150 | S271: 207 | T271: 1357 | U271: 0 | W271: 0 | X271: 0
A272: 271 | B272: NORTH | C272: UTTAR PRADESH | D272: 7134 | E272: M/S GOENKA AUTO PRIVATE LIMITED. | F272: VARANASI | G272: S | H272: 17-Dec-25 | I272: 1165 | J272: 00810865 | K272: MC1E4ELA5TP018027 | L272: D71093717 | M272: T-1 | N272: SCI26E000025 | O272: 30-Nov-2025 | P272: 13-Feb-26 | Q272: 1150 | R272: 1150 | S272: 207 | T272: 1357 | U272: 0 | W272: 0 | X272: 0
A273: 272 | B273: NORTH | C273: UTTAR PRADESH | D273: 7134 | E273: M/S GOENKA AUTO PRIVATE LIMITED. | F273: VARANASI | G273: S | H273: 31-Dec-25 | I273: 1165 | J273: 00809314 | K273: MC1E4FGA5TP024300 | L273: D71086135 | M273: T26 | N273: SCI26E000025 | O273: 19-Dec-2025 | P273: 13-Feb-26 | Q273: 1150 | R273: 1150 | S273: 207 | T273: 1357 | U273: 0 | W273: 0 | X273: 0
A274: 273 | B274: NORTH | C274: UTTAR PRADESH | D274: 7134 | E274: M/S GOENKA AUTO PRIVATE LIMITED. | F274: VARANASI | G274: S | H274: 17-Dec-25 | I274: 1165 | J274: 00813844 | K274: MC1E4EKA9TP017982 | L274: D71091386 | M274: T-1 | N274: SCI26E000025 | O274: 29-Nov-2025 | P274: 13-Feb-26 | Q274: 1150 | R274: 1150 | S274: 207 | T274: 1357 | U274: 0 | W274: 0 | X274: 0
... A281: 280 | B281: NORTH | C281: UTTAR PRADESH | D281: 7134 | E281: M/S GOENKA AUTO PRIVATE LIMITED. | F281: VARANASI | G281: S | H281: 31-Dec-25 | I281: 1165 | J281: 00011767 | K281: MC1M4ALA5TP007260 | L281: D71094481 | M281: T1N | N281: SCI26E000025 | O281: 10-Dec-2025 | P281: 13-Feb-26 | Q281: 1500 | R281: 1500 | S281: 270 | T281: 1770 | U281: 0 | W281: 0 | X281: 0
A282: 281 | B282: NORTH | C282: UTTAR PRADESH | D282: 7160 | E282: M/S GOENKA AUTO PVT LTD | F282: VARANASI | G282: S | H282: 30-Jun-25 | I282: 1165 | J282: 00107479 | K282: MC1D4GHA8SP000314 | L282: D72016659 | M282: GURKHA | N282: SCI26D000002 | O282: 19-Nov-2024 | P282: 13-Aug-25 | Q282: 1050 | R282: 1050 | S282: 189 | T282: 1239 | U282: 621885 | V282: 16-Sep-25 | W282: 0 | X282: 33138 | Y282: 16-Sep-25

Sheet FSC report
A1: Sr. No. | B1: Zone | C1: State | D1: Dealer Code | E1: Dealer Name | F1: Location | G1: Sale Date | H1: Service Date | I1: Sale KMS/Hrs | J1: Service KMS/Hrs | K1: Service No. | L1: Scheme | M1: Vehicle Type | N1: Coupon No. | O1: Chassis No. | P1: Engine No. | Q1: Rejection Code | R1: Rejection Desc. | S1: GST Invoice No. | T1: Invoice Date | U1: Settlement Date | V1: Invoice Amount | W1: Credit Note No. | X1: Credit Note Date | Y1: Credit Amount | Z1: Net Amount | AA1: GST Amount | AB1: Debit Note No. | AC1: Debit Note Date | AD1: Debit Amount | AE1: FI Doc No Credit | AF1: FI Doc No Debit | AG1: Vehicle Sub Type | AH1: Division | AI1: Coupon Type
A2: 1 | B2: NORTH | C2: UTTAR PRADESH | D2: 7134 | E2: M/S GOENKA AUTO PRIVATE LIMITED. | F2: VARANASI | G2: 24-Jul-24 | H2: 14-Jul-25 | I2: 1165 | J2: 41684 | K2: 6 | L2: S | M2: T-1 | N2: 70774079 | O2: MC1E4DFA8RP053465 | P2: D71057531 | S2: 7134-20250923 | T2: 23-Sep-25 | U2: 23-Sep-25 | V2: 0 | W2: 0 | Y2: 0 | Z2: 0 | AA2: 0 | AB2: 0 | AD2: 0 | AG2: T1BS6 | AH2: CVD | AI2: P
A3: 2 | B3: NORTH | C3: UTTAR PRADESH | D3: 7134 | E3: M/S GOENKA AUTO PRIVATE LIMITED. | F3: VARANASI | G3: 25-Jan-24 | H3: 04-Feb-25 | I3: 1165 | J3: 68850 | K3: 7 | L3: S | M3: T-1 | N3: 761864 | O3: MC1E4EAA2RP011497 | P3: D71045143 | S3: SCI25C000036 | T3: 28-Feb-25 | U3: 15-Apr-25 | V3: 0 | W3: 587586 | X3: 03-Jun-25 | Y3: 0 | Z3: 0 | AA3: 0 | AB3: 111053 | AC3: 03-Jun-25 | AD3: 0 | AG3: T1BS6 | AH3: CVD | AI3: P
A4: 3 | B4: NORTH | C4: UTTAR PRADESH | D4: 7134 | E4: M/S GOENKA AUTO PRIVATE LIMITED. | F4: VARANASI | G4: 30-Oct-24 | H4: 28-Feb-25 | I4: 983 | J4: 8340 | K4: 2 | L4: S | M4: T26 | N4: 789173 | O4: MC1E4FHA0SP021351 | P4: D71060818 | S4: SCI25C000036 | T4: 28-Feb-25 | U4: 15-Apr-25 | V4: 0 | W4: 587586 | X4: 03-Jun-25 | Y4: 0 | Z4: 0 | AA4: 0 | AB4: 111053 | AC4: 03-Jun-25 | AD4: 0 | AG4: T26BS6 | AH4: CVD | AI4: P
A5: 4 | B5: NORTH | C5: UTTAR PRADESH | D5: 7134 | E5: M/S GOENKA AUTO PRIVATE LIMITED. | F5: VARANASI | G5: 26-Dec-24 | H5: 25-Feb-25 | I5: 1165 | J5: 4500 | K5: 1 | L5: S | M5: TRAX | N5: 324735 | O5: MC1D4DHA4SP105477 | P5: D72016904 | S5: SCI25C000036 | T5: 28-Feb-25 | U5: 15-Apr-25 | V5: 1250 | W5: 587586 | X5: 03-Jun-25 | Y5: 1250 | Z5: 1475 | AA5: 225 | AB5: 111053 | AC5: 03-Jun-25 | AD5: 0 | AG5: TRXBS6 | AH5: CVD | AI5: F
A6: 5 | B6: NORTH | C6: UTTAR PRADESH | D6: 7134 | E6: M/S GOENKA AUTO PRIVATE LIMITED. | F6: VARANASI | G6: 30-Jun-23 | H6: 02-Feb-25 | I6: 1165 | J6: 97230 | K6: 10 | L6: S | M6: TRAX | N6: 317176 | O6: MC1D4DFAXPP100326 | P6: D72010898 | S6: SCI25C000036 | T6: 28-Feb-25 | U6: 15-Apr-25 | V6: 0 | W6: 587586 | X6: 03-Jun-25 | Y6: 0 | Z6: 0 | AA6: 0 | AB6: 111053 | AC6: 03-Jun-25 | AD6: 0 | AG6: TRXBS6 | AH6: CVD | AI6: P
A7: 6 | B7: NORTH | C7: UTTAR PRADESH | D7: 7134 | E7: M/S GOENKA AUTO PRIVATE LIMITED. | F7: VARANASI | G7: 19-Aug-23 | H7: 27-Feb-25 | I7: 1160 | J7: 71600 | K7: 9 | L7: S | M7: T-1 | N7: 750964 | O7: MC1E4EHAXRP010300 | P7: D71037063 | S7: SCI25C000036 | T7: 28-Feb-25 | U7: 15-Apr-25 | V7: 0 | W7: 587586 | X7: 03-Jun-25 | Y7: 0 | Z7: 0 | AA7: 0 | AB7: 111053 | AC7: 03-Jun-25 | AD7: 0 | AG7: T1BS6 | AH7: CVD | AI7: P
A8: 7 | B8: NORTH | C8: UTTAR PRADESH | D8: 7134 | E8: M/S GOENKA AUTO PRIVATE LIMITED. | F8: VARANASI | G8: 20-Feb-24 | H8: 21-Feb-25 | I8: 1165 | J8: 60000 | K8: 6 | L8: S | M8: T26 | N8: 766692 | O8: MC1E4FAA9RP019134 | P8: D71046150 | S8: SCI25C000036 | T8: 28-Feb-25 | U8: 15-Apr-25 | V8: 0 | W8: 587586 | X8: 03-Jun-25 | Y8: 0 | Z8: 0 | AA8: 0 | AB8: 111053 | AC8: 03-Jun-25 | AD8: 0 | AG8: T26BS6 | AH8: CVD | AI8: P
A9: 8 | B9: NORTH | C9: UTTAR PRADESH | D9: 7134 | E9: M/S GOENKA AUTO PRIVATE LIMITED. | F9: VARANASI | G9: 31-Mar-23 | H9: 05-Feb-25 | I9: 1168 | J9: 28628 | K9: 12 | L9: S | M9: T-1 | N9: 744913 | O9: MC1E4DCA3PP044965 | P9: D71028276 | S9: SCI25C000036 | T9: 28-Feb-25 | U9: 15-Apr-25 | V9: 0 | W9: 587586 | X9: 03-Jun-25 | Y9: 0 | Z9: 0 | AA9: 0 | AB9: 111053 | AC9: 03-Jun-25 | AD9: 0 | AG9: T1BS6 | AH9: CVD | AI9: P
A10: 9 | B10: NORTH | C10: UTTAR PRADESH | D10: 7134 | E10: M/S GOENKA AUTO PRIVATE LIMITED. | F10: VARANASI | G10: 23-Aug-24 | H10: 17-Feb-25 | I10: 1165 | J10: 30000 | K10: 3 | L10: S | M10: T26 | N10: 776633 | O10: MC1E4FFA0RP020858 | P10: D71057668 | S10: SCI25C000036 | T10: 28-Feb-25 | U10: 15-Apr-25 | V10: 1250 | W10: 587586 | X10: 03-Jun-25 | Y10: 1250 | Z10: 1475 | AA10: 225 | AB10: 111053 | AC10: 03-Jun-25 | AD10: 0 | AG10: T26BS6 | AH10: CVD | AI10: F
A11: 10 | B11: NORTH | C11: UTTAR PRADESH | D11: 7134 | E11: M/S GOENKA AUTO PRIVATE LIMITED. | F11: VARANASI | G11: 30-Nov-24 | H11: 28-Feb-25 | I11: 1123 | J11: 9353 | K11: 1 | L11: S | M11: T-1 | N11: 785680 | O11: MC1E4EJA0SP014176 | P11: D71062910 | Q11: 002 | R11: SERV DATE EXCEEDS | S11: SCI25C000036 | T11: 28-Feb-25 | U11: 15-Apr-25 | V11: 1250 | W11: 587586 | X11: 03-Jun-25 | Y11: 1000 | Z11: 1475 | AA11: 225 | AB11: 111053 | AC11: 03-Jun-25 | AD11: 250 | AG11: T1BS6 | AH11: CVD | AI11: F
A12: 11 | B12: NORTH | C12: UTTAR PRADESH | D12: 7134 | E12: M/S GOENKA AUTO PRIVATE LIMITED. | F12: VARANASI | G12: 14-Oct-24 | H12: 04-Feb-25 | I12: 1165 | J12: 20000 | K12: 2 | L12: S | M12: T1N | N12: 5472 | O12: MC1M4AKA7SP002481 | P12: D71063459 | S12: SCI25C000036 | T12: 28-Feb-25 | U12: 15-Apr-25 | V12: 0 | W12: 587586 | X12: 03-Jun-25 | Y12: 0 | Z12: 0 | AA12: 0 | AB12: 111053 | AC12: 03-Jun-25 | AD12: 0 | AG12: URBN | AH12: CVD | AI12: P
A13: 12 | B13: NORTH | C13: UTTAR PRADESH | D13: 7134 | E13: M/S GOENKA AUTO PRIVATE LIMITED. | F13: VARANASI | G13: 29-Apr-24 | H13: 17-Feb-25 | I13: 1165 | J13: 68440 | K13: 7 | L13: S | M13: T-1 | N13: 773372 | O13: MC1E4EDA5RP012526 | P13: D71051928 | S13: SCI25C000036 | T13: 28-Feb-25 | U13: 15-Apr-25 | V13: 0 | W13: 587586 | X13: 03-Jun-25 | Y13: 0 | Z13: 0 | AA13: 0 | AB13: 111053 | AC13: 03-Jun-25 | AD13: 0 | AG13: T1BS6 | AH13: CVD | AI13: P
A14: 13 | B14: NORTH | C14: UTTAR PRADESH | D14: 7134 | E14: M/S GOENKA AUTO PRIVATE LIMITED. | F14: VARANASI | G14: 23-Jan-24 | H14: 03-Feb-25 | I14: 1165 | J14: 70000 | K14: 7 | L14: S | M14: T1N | N14: 2040 | O14: MC1M4AAA2RP000892 | P14: D71044975 | S14: SCI25C000036 | T14: 28-Feb-25 | U14: 15-Apr-25 | V14: 1650 | W14: 587586 | X14: 03-Jun-25 | Y14: 1650 | Z14: 1947 | AA14: 297 | AB14: 111053 | AC14: 03-Jun-25 | AD14: 0 | AG14: URBN | AH14: CVD | AI14: F
A15: 14 | B15: NORTH | C15: UTTAR PRADESH | D15: 7134 | E15: M/S GOENKA AUTO PRIVATE LIMITED. | F15: VARANASI | G15: 30-Sep-23 | H15: 02-Feb-25 | I15: 986 | J15: 101700 | K15: 10 | L15: S | M15: T-1 | N15: 752939 | O15: MC1E4DJA5RP048036 | P15: D71038347 | Q15: 001 | R15: SERV KMS / HRS EXCEEDS | S15: SCI25C000036 | T15: 28-Feb-25 | U15: 15-Apr-25 | V15: 0 | W15: 587586 | X15: 03-Jun-25 | Y15: 0 | Z15: 0 | AA15: 0 | AB15: 111053 | AC15: 03-Jun-25 | AD15: 0 | AG15: T1BS6 | AH15: CVD | AI15: P
A16: 15 | B16: NORTH | C16: UTTAR PRADESH | D16: 7134 | E16: M/S GOENKA AUTO PRIVATE LIMITED. | F16: VARANASI | G16: 21-Oct-24 | H16: 11-Feb-25 | I16: 1165 | J16: 19726 | K16: 2 | L16: S | M16: T-1 | N16: 787041 | O16: MC1E4EHA9SP013856 | P16: D71061114 | S16: SCI25C000036 | T16: 28-Feb-25 | U16: 15-Apr-25 | V16: 0 | W16: 587586 | X16: 03-Jun-25 | Y16: 0 | Z16: 0 | AA16: 0 | AB16: 111053 | AC16: 03-Jun-25 | AD16: 0 | AG16: T1BS6 | AH16: CVD | AI16: P
A17: 16 | B17: NORTH | C17: UTTAR PRADESH | D17: 7134 | E17: M/S GOENKA AUTO PRIVATE LIMITED. | F17: VARANASI | G17: 27-Jun-23 | H17: 28-Feb-25 | I17: 1165 | J17: 81000 | K17: 10 | L17: S | M17: T-1 | N17: 751781 | O17: MC1E4EFA5PP009796 | P17: D71032748 | S17: SCI25C000036 | T17: 28-Feb-25 | U17: 15-Apr-25 | V17: 0 | W17: 587586 | X17: 03-Jun-25 | Y17: 0 | Z17: 0 | AA17: 0 | AB17: 111053 | AC17: 03-Jun-25 | AD17: 0 | AG17: T1BS6 | AH17: CVD | AI17: P
A18: 17 | B18: NORTH | C18: UTTAR PRADESH | D18: 7134 | E18: M/S GOENKA AUTO PRIVATE LIMITED. | F18: VARANASI | G18: 31-Jul-23 | H18: 02-Feb-25 | I18: 1165 | J18: 53700 | K18: 10 | L18: S | M18: T-1 | N18: 751190 | O18: MC1E4DGA2RP046977 | P18: D71033670 | S18: SCI25C000036 | T18: 28-Feb-25 | U18: 15-Apr-25 | V18: 0 | W18: 587586 | X18: 03-Jun-25 | Y18: 0 | Z18: 0 | AA18: 0 | AB18: 111053 | AC18: 03-Jun-25 | AD18: 0 | AG18: T1BS6 | AH18: CVD | AI18: P
A19: 18 | B19: NORTH | C19: UTTAR PRADESH | D19: 7134 | E19: M/S GOENKA AUTO PRIVATE LIMITED. | F19: VARANASI | G19: 14-Jan-25 | H19: 26-Feb-25 | I19: 1165 | J19: 9540 | K19: 1 | L19: S | M19: T-1 | N19: 792074 | O19: MC1E4ELA2SP014645 | P19: D71065178 | S19: SCI25C000036 | T19: 28-Feb-25 | U19: 15-Apr-25 | V19: 1250 | W19: 587586 | X19: 03-Jun-25 | Y19: 1250 | Z19: 1475 | AA19: 225 | AB19: 111053 | AC19: 03-Jun-25 | AD19: 0 | AG19: T1BS6 | AH19: CVD | AI19: F
A20: 19 | B20: NORTH | C20: UTTAR PRADESH | D20: 7134 | E20: M/S GOENKA AUTO PRIVATE LIMITED. | F20: VARANASI | G20: 30-Sep-24 | H20: 13-Feb-25 | I20: 1165 | J20: 7840 | K20: 1 | L20: S | M20: T-1 | N20: 782166 | O20: MC1E4DGA9SP053950 | P20: D71059289 | S20: SCI25C000036 | T20: 28-Feb-25 | U20: 15-Apr-25 | V20: 1250 | W20: 587586 | X20: 03-Jun-25 | Y20: 1250 | Z20: 1475 | AA20: 225 | AB20: 111053 | AC20: 03-Jun-25 | AD20: 0 | AG20: T1BS6N | AH20: CVD | AI20: F
A21: 20 | B21: NORTH | C21: UTTAR PRADESH | D21: 7134 | E21: M/S GOENKA AUTO PRIVATE LIMITED. | F21: VARANASI | G21: 18-Jan-25 | H21: 12-Feb-25 | I21: 1165 | J21: 9678 | K21: 1 | L21: S | M21: T-1 | N21: 790037 | O21: MC1E4EKA7SP014402 | P21: D71064055 | S21: SCI25C000036 | T21: 28-Feb-25 | U21: 15-Apr-25 | V21: 1250 | W21: 587586 | X21: 03-Jun-25 | Y21: 1250 | Z21: 1475 | AA21: 225 | AB21: 111053 | AC21: 03-Jun-25 | AD21: 0 | AG21: T1BS6 | AH21: CVD | AI21: F
A22: 21 | B22: NORTH | C22: UTTAR PRADESH | D22: 7134 | E22: M/S GOENKA AUTO PRIVATE LIMITED. | F22: VARANASI | G22: 13-Jul-24 | H22: 27-Feb-25 | I22: 1165 | J22: 60000 | K22: 6 | L22: S | M22: T-1 | N22: 775456 | O22: MC1E4EEA5RP013061 | P22: D71055469 | S22: SCI25C000036 | T22: 28-Feb-25 | U22: 15-Apr-25 | V22: 0 | W22: 587586 | X22: 03-Jun-25 | Y22: 0 | Z22: 0 | AA22: 0 | AB22: 111053 | AC22: 03-Jun-25 | AD22: 0 | AG22: T1BS6 | AH22: CVD | AI22: P
A23: 22 | B23: NORTH | C23: UTTAR PRADESH | D23: 7134 | E23: M/S GOENKA AUTO PRIVATE LIMITED. | F23: VARANASI | G23: 23-Feb-23 | H23: 18-Feb-25 | I23: 1165 | J23: 132403 | K23: 14 | L23: S | M23: T1N | N23: 1189 | O23: MC1M4ABAXPP000151 | P23: D71026417 | S23: SCI25C000036 | T23: 28-Feb-25 | U23: 15-Apr-25 | V23: 0 | W23: 587586 | X23: 03-Jun-25 | Y23: 0 | Z23: 0 | AA23: 0 | AB23: 111053 | AC23: 03-Jun-25 | AD23: 0 | AG23: URBN | AH23: CVD | AI23: P
A24: 23 | B24: NORTH | C24: UTTAR PRADESH | D24: 7134 | E24: M/S GOENKA AUTO PRIVATE LIMITED. | F24: VARANASI | G24: 22-Mar-23 | H24: 25-Feb-25 | I24: 1165 | J24: 74200 | K24: 12 | L24: S | M24: T-1 | N24: 743522 | O24: MC1E4EBA3PP009155 | P24: D71026032 | S24: SCI25C000036 | T24: 28-Feb-25 | U24: 15-Apr-25 | V24: 0 | W24: 587586 | X24: 03-Jun-25 | Y24: 0 | Z24: 0 | AA24: 0 | AB24: 111053 | AC24: 03-Jun-25 | AD24: 0 | AG24: T1BS6 | AH24: CVD | AI24: P
A25: 24 | B25: NORTH | C25: UTTAR PRADESH | D25: 7134 | E25: M/S GOENKA AUTO PRIVATE LIMITED. | F25: VARANASI | G25: 28-Dec-24 | H25: 11-Feb-25 | I25: 1108 | J25: 10000 | K25: 1 | L25: S | M25: T1N | N25: 5897 | O25: MC1M4ALA7SP002849 | P25: D71066165 | S25: SCI25C000036 | T25: 28-Feb-25 | U25: 15-Apr-25 | V25: 1650 | W25: 587586 | X25: 03-Jun-25 | Y25: 1650 | Z25: 1947 | AA25: 297 | AB25: 111053 | AC25: 03-Jun-25 | AD25: 0 | AG25: URBN | AH25: CVD | AI25: F
A26: 25 | B26: NORTH | C26: UTTAR PRADESH | D26: 7134 | E26: M/S GOENKA AUTO PRIVATE LIMITED. | F26: VARANASI | G26: 09-Aug-24 | H26: 10-Feb-25 | I26: 1165 | J26: 39210 | K26: 4 | L26: S | M26: T-1 | N26: 774600 | O26: MC1E4EFA8RP013148 | P26: D71056274 | S26: SCI25C000036 | T26: 28-Feb-25 | U26: 15-Apr-25 | V26: 0 | W26: 587586 | X26: 03-Jun-25 | Y26: 0 | Z26: 0 | AA26: 0 | AB26: 111053 | AC26: 03-Jun-25 | AD26: 0 | AG26: T1BS6 | AH26: CVD | AI26: P
A27: 26 | B27: NORTH | C27: UTTAR PRADESH | D27: 7134 | E27: M/S GOENKA AUTO PRIVATE LIMITED. | F27: VARANASI | G27: 28-Mar-24 | H27: 24-Feb-25 | I27: 1165 | J27: 49910 | K27: 5 | L27: S | M27: T1N | N27: 3405 | O27: MC1M4ACA6RP001203 | P27: D71050375 | S27: SCI25C000036 | T27: 28-Feb-25 | U27: 15-Apr-25 | V27: 1650 | W27: 587586 | X27: 03-Jun-25 | Y27: 1650 | Z27: 1947 | AA27: 297 | AB27: 111053 | AC27: 03-Jun-25 | AD27: 0 | AG27: URBN | AH27: CVD | AI27: F
A28: 27 | B28: NORTH | C28: UTTAR PRADESH | D28: 7134 | E28: M/S GOENKA AUTO PRIVATE LIMITED. | F28: VARANASI | G28: 09-Mar-24 | H28: 07-Feb-25 | I28: 1165 | J28: 50000 | K28: 5 | L28: S | M28: T1N | N28: 3152 | O28: MC1M4ABA5RP001114 | P28: D71048194 | S28: SCI25C000036 | T28: 28-Feb-25 | U28: 15-Apr-25 | V28: 1650 | W28: 587586 | X28: 03-Jun-25 | Y28: 1650 | Z28: 1947 | AA28: 297 | AB28: 111053 | AC28: 03-Jun-25 | AD28: 0 | AG28: URBN | AH28: CVD | AI28: F
A29: 28 | B29: NORTH | C29: UTTAR PRADESH | D29: 7134 | E29: M/S GOENKA AUTO PRIVATE LIMITED. | F29: VARANASI | G29: 30-Oct-24 | H29: 03-Feb-25 | I29: 1165 | J29: 10000 | K29: 1 | L29: S | M29: T-1 | N29: 790580 | O29: MC1E4EKA2SP014274 | P29: D71063383 | Q29: 002 | R29: SERV DATE EXCEEDS | S29: SCI25C000036 | T29: 28-Feb-25 | U29: 15-Apr-25 | V29: 1250 | W29: 587586 | X29: 03-Jun-25 | Y29: 1000 | Z29: 1475 | AA29: 225 | AB29: 111053 | AC29: 03-Jun-25 | AD29: 250 | AG29: T1BS6 | AH29: CVD | AI29: F
A30: 29 | B30: NORTH | C30: UTTAR PRADESH | D30: 7134 | E30: M/S GOENKA AUTO PRIVATE LIMITED. | F30: VARANASI | G30: 30-Oct-24 | H30: 24-Feb-25 | I30: 1165 | J30: 19200 | K30: 2 | L30: S | M30: TRAX | N30: 324816 | O30: MC1D4DHAXSP105385 | P30: D72016803 | S30: SCI25C000036 | T30: 28-Feb-25 | U30: 15-Apr-25 | V30: 0 | W30: 587586 | X30: 03-Jun-25 | Y30: 0 | Z30: 0 | AA30: 0 | AB30: 111053 | AC30: 03-Jun-25 | AD30: 0 | AG30: TRXBS6 | AH30: CVD | AI30: P
A31: 30 | B31: NORTH | C31: UTTAR PRADESH | D31: 7134 | E31: M/S GOENKA AUTO PRIVATE LIMITED. | F31: VARANASI | G31: 11-Sep-24 | H31: 25-Feb-25 | I31: 1165 | J31: 13000 | K31: 3 | L31: S | M31: T-1 | N31: 786359 | O31: MC1E4EHA9SP013713 | P31: D71060226 | S31: SCI25C000036 | T31: 28-Feb-25 | U31: 15-Apr-25 | V31: 1250 | W31: 587586 | X31: 03-Jun-25 | Y31: 1250 | Z31: 1475 | AA31: 225 | AB31: 111053 | AC31: 03-Jun-25 | AD31: 0 | AG31: T1BS6 | AH31: CVD | AI31: F
A32: 31 | B32: NORTH | C32: UTTAR PRADESH | D32: 7134 | E32: M/S GOENKA AUTO PRIVATE LIMITED. | F32: VARANASI | G32: 29-Jun-24 | H32: 25-Feb-25 | I32: 1165 | J32: 50000 | K32: 5 | L32: S | M32: T-1 | N32: 775226 | O32: MC1E4EFA5RP013091 | P32: D71055952 | S32: SCI25C000036 | T32: 28-Feb-25 | U32: 15-Apr-25 | V32: 1250 | W32: 587586 | X32: 03-Jun-25 | Y32: 1250 | Z32: 1475 | AA32: 225 | AB32: 111053 | AC32: 03-Jun-25 | AD32: 0 | AG32: T1BS6 | AH32: CVD | AI32: F
A33: 32 | B33: NORTH | C33: UTTAR PRADESH | D33: 7134 | E33: M/S GOENKA AUTO PRIVATE LIMITED. | F33: VARANASI | G33: 28-May-24 | H33: 07-Feb-25 | I33: 1165 | J33: 50000 | K33: 5 | L33: S | M33: T26 | N33: 776290 | O33: MC1E4FEA9RP020391 | P33: D71054667 | S33: SCI25C000036 | T33: 28-Feb-25 | U33: 15-Apr-25 | V33: 1250 | W33: 587586 | X33: 03-Jun-25 | Y33: 1250 | Z33: 1475 | AA33: 225 | AB33: 111053 | AC33: 03-Jun-25 | AD33: 0 | AG33: T26BS6 | AH33: CVD | AI33: F
A34: 33 | B34: NORTH | C34: UTTAR PRADESH | D34: 7134 | E34: M/S GOENKA AUTO PRIVATE LIMITED. | F34: VARANASI | G34: 27-Jan-23 | H34: 04-Feb-25 | I34: 1165 | J34: 43446 | K34: 12 | L34: S | M34: T-1 | N34: 739521 | O34: MC1E4DMA6PP043808 | P34: D71023849 | S34: SCI25C000036 | T34: 28-Feb-25 | U34: 15-Apr-25 | V34: 0 | W34: 587586 | X34: 03-Jun-25 | Y34: 0 | Z34: 0 | AA34: 0 | AB34: 111053 | AC34: 03-Jun-25 | AD34: 0 | AG34: T1BS6 | AH34: CVD | AI34: P
A35: 34 | B35: NORTH | C35: UTTAR PRADESH | D35: 7134 | E35: M/S GOENKA AUTO PRIVATE LIMITED. | F35: VARANASI | G35: 18-Jun-24 | H35: 28-Feb-25 | I35: 1165 | J35: 40000 | K35: 4 | L35: S | M35: T26 | N35: 776484 | O35: MC1E4FDA3RP020209 | P35: D71053461 | S35: SCI25C000036 | T35: 28-Feb-25 | U35: 15-Apr-25 | V35: 0 | W35: 587586 | X35: 03-Jun-25 | Y35: 0 | Z35: 0 | AA35: 0 | AB35: 111053 | AC35: 03-Jun-25 | AD35: 0 | AG35: T26BS6 | AH35: CVD | AI35: P
A36: 35 | B36: NORTH | C36: UTTAR PRADESH | D36: 7134 | E36: M/S GOENKA AUTO PRIVATE LIMITED. | F36: VARANASI | G36: 09-Mar-24 | H36: 25-Feb-25 | I36: 1165 | J36: 35149 | K36: 6 | L36: S | M36: T-1 | N36: 764716 | O36: MC1E4EAA5RP011669 | P36: D71046362 | S36: SCI25C000036 | T36: 28-Feb-25 | U36: 15-Apr-25 | V36: 0 | W36: 587586 | X36: 03-Jun-25 | Y36: 0 | Z36: 0 | AA36: 0 | AB36: 111053 | AC36: 03-Jun-25 | AD36: 0 | AG36: T1BS6 | AH36: CVD | AI36: P
A37: 36 | B37: NORTH | C37: UTTAR PRADESH | D37: 7134 | E37: M/S GOENKA AUTO PRIVATE LIMITED. | F37: VARANASI | G37: 31-Dec-24 | H37: 26-Feb-25 | I37: 1165 | J37: 10000 | K37: 1 | L37: S | M37: T1N | N37: 6182 | O37: MC1M4AMA9SP003001 | P37: D71066870 | S37: SCI25C000036 | T37: 28-Feb-25 | U37: 15-Apr-25 | V37: 1650 | W37: 587586 | X37: 03-Jun-25 | Y37: 1650 | Z37: 1947 | AA37: 297 | AB37: 111053 | AC37: 03-Jun-25 | AD37: 0 | AG37: URBN | AH37: CVD | AI37: F
A38: 37 | B38: NORTH | C38: UTTAR PRADESH | D38: 7134 | E38: M/S GOENKA AUTO PRIVATE LIMITED. | F38: VARANASI | G38: 20-Aug-24 | H38: 12-Feb-25 | I38: 1165 | J38: 37919 | K38: 4 | L38: S | M38: TRAX | N38: 323055 | O38: MC1D4DFAXRP104783 | P38: D72015804 | S38: SCI25C000036 | T38: 28-Feb-25 | U38: 15-Apr-25 | V38: 0 | W38: 587586 | X38: 03-Jun-25 | Y38: 0 | Z38: 0 | AA38: 0 | AB38: 111053 | AC38: 03-Jun-25 | AD38: 0 | AG38: TRXBS6 | AH38: CVD | AI38: P
A39: 38 | B39: NORTH | C39: UTTAR PRADESH | D39: 7134 | E39: M/S GOENKA AUTO PRIVATE LIMITED. | F39: VARANASI | G39: 31-Oct-24 | H39: 02-Feb-25 | I39: 936 | J39: 29900 | K39: 2 | L39: S | M39: T-1 | N39: 782758 | O39: MC1E4CKA4SP081267 | P39: D71063533 | S39: SCI25C000036 | T39: 28-Feb-25 | U39: 15-Apr-25 | V39: 1250 | W39: 587586 | X39: 03-Jun-25 | Y39: 1250 | Z39: 1475 | AA39: 225 | AB39: 111053 | AC39: 03-Jun-25 | AD39: 0 | AG39: T1BS6 | AH39: CVD | AI39: F
A40: 39 | B40: NORTH | C40: UTTAR PRADESH | D40: 7134 | E40: M/S GOENKA AUTO PRIVATE LIMITED. | F40: VARANASI | G40: 26-Sep-23 | H40: 26-Feb-25 | I40: 1165 | J40: 63374 | K40: 9 | L40: S | M40: T-1 | N40: 753565 | O40: MC1E4EJA6RP010529 | P40: D71039065 | S40: SCI25C000036 | T40: 28-Feb-25 | U40: 15-Apr-25 | V40: 0 | W40: 587586 | X40: 03-Jun-25 | Y40: 0 | Z40: 0 | AA40: 0 | AB40: 111053 | AC40: 03-Jun-25 | AD40: 0 | AG40: T1BS6 | AH40: CVD | AI40: P
A41: 40 | B41: NORTH | C41: UTTAR PRADESH | D41: 7134 | E41: M/S GOENKA AUTO PRIVATE LIMITED. | F41: VARANASI | G41: 28-Dec-24 | H41: 03-Feb-25 | I41: 1165 | J41: 8063 | K41: 1 | L41: S | M41: T26 | N41: 789109 | O41: MC1E4FLA6SP021779 | P41: D71065359 | S41: SCI25C000036 | T41: 28-Feb-25 | U41: 15-Apr-25 | V41: 1250 | W41: 587586 | X41: 03-Jun-25 | Y41: 1250 | Z41: 1475 | AA41: 225 | AB41: 111053 | AC41: 03-Jun-25 | AD41: 0 | AG41: T26BS6 | AH41: CVD | AI41: F
... A48: 47 | B48: NORTH | C48: UTTAR PRADESH | D48: 7134 | E48: M/S GOENKA AUTO PRIVATE LIMITED. | F48: VARANASI | G48: 07-Jul-23 | H48: 25-Feb-25 | I48: 1165 | J48: 49069 | K48: 10 | L48: S | M48: TRAX | N48: 317296 | O48: MC1D4DFA2PP100417 | P48: D72010990 | S48: SCI25C000036 | T48: 28-Feb-25 | U48: 15-Apr-25 | V48: 0 | W48: 587586 | X48: 03-Jun-25 | Y48: 0 | Z48: 0 | AA48: 0 | AB48: 111053 | AC48: 03-Jun-25 | AD48: 0 | AG48: TRXBS6 | AH48: CVD | AI48: P
A49: 48 | B49: NORTH | C49: UTTAR PRADESH | D49: 7134 | E49: M/S GOENKA AUTO PRIVATE LIMITED. | F49: VARANASI | G49: 29-Feb-24 | H49: 26-Feb-25 | I49: 1165 | J49: 52524 | K49: 5 | L49: S | M49: T1N | N49: 3261 | O49: MC1M4ABA8RP001057 | P49: D71048003 | Q49: 001 | R49: SERV KMS / HRS EXCEEDS | S49: SCI25C000036 | T49: 28-Feb-25 | U49: 15-Apr-25 | V49: 1650 | W49: 587586 | X49: 03-Jun-25 | Y49: 1320 | Z49: 1947 | AA49: 297 | AB49: 111053 | AC49: 03-Jun-25 | AD49: 330 | AG49: URBN | AH49: CVD | AI49: F
A50: 49 | B50: NORTH | C50: UTTAR PRADESH | D50: 7134 | E50: M/S GOENKA AUTO PRIVATE LIMITED. | F50: VARANASI | G50: 19-Jul-24 | H50: 06-Feb-25 | I50: 1165 | J50: 18378 | K50: 3 | L50: S | M50: TRAX | N50: 322598 | O50: MC1D1DEA4RP001546 | P50: D72015420 | Q50: 002 | R50: SERV DATE EXCEEDS | S50: SCI25C000036 | T50: 28-Feb-25 | U50: 15-Apr-25 | V50: 1250 | W50: 587586 | X50: 03-Jun-25 | Y50: 1000 | Z50: 1475 | AA50: 225 | AB50: 111053 | AC50: 03-Jun-25 | AD50: 250 | AG50: TRXBS6 | AH50: CVD | AI50: F
A51: 50 | B51: NORTH | C51: UTTAR PRADESH | D51: 7134 | E51: M/S GOENKA AUTO PRIVATE LIMITED. | F51: VARANASI | G51: 30-Oct-24 | H51: 06-Feb-25 | I51: 1165 | J51: 10000 | K51: 1 | L51: S | M51: T-1 | N51: 790571 | O51: MC1E4EKA5SP014270 | P51: D71063329 | Q51: 002 | R51: SERV DATE EXCEEDS | S51: SCI25C000036 | T51: 28-Feb-25 | U51: 15-Apr-25 | V51: 1250 | W51: 587586 | X51: 03-Jun-25 | Y51: 1000 | Z51: 1475 | AA51: 225 | AB51: 111053 | AC51: 03-Jun-25 | AD51: 250 | AG51: T1BS6 | AH51: CVD | AI51: F
A52: 51 | B52: NORTH | C52: UTTAR PRADESH | D52: 7134 | E52: M/S GOENKA AUTO PRIVATE LIMITED. | F52: VARANASI | G52: 28-Jun-24 | H52: 11-Feb-25 | I52: 1165 | J52: 39573 | K52: 4 | L52: S | M52: T-1 | N52: 775504 | O52: MC1E4EEA7RP012994 | P52: D71054867 | S52: SCI25C000036 | T52: 28-Feb-25 | U52: 15-Apr-25 | V52: 0 | W52: 587586 | X52: 03-Jun-25 | Y52: 0 | Z52: 0 | AA52: 0 | AB52: 111053 | AC52: 03-Jun-25 | AD52: 0 | AG52: T1BS6 | AH52: CVD | AI52: P
A53: 52 | B53: NORTH | C53: UTTAR PRADESH | D53: 7134 | E53: M/S GOENKA AUTO PRIVATE LIMITED. | F53: VARANASI | G53: 08-Oct-24 | H53: 04-Feb-25 | I53: 890 | J53: 14560 | K53: 2 | L53: S | M53: T26 | N53: 789142 | O53: MC1E4FJA4SP021525 | P53: D71061849 | S53: SCI25C000036 | T53: 28-Feb-25 | U53: 15-Apr-25 | V53: 0 | W53: 587586 | X53: 03-Jun-25 | Y53: 0 | Z53: 0 | AA53: 0 | AB53: 111053 | AC53: 03-Jun-25 | AD53: 0 | AG53: T26BS6 | AH53: CVD | AI53: P
A54: 53 | B54: NORTH | C54: UTTAR PRADESH | D54: 7134 | E54: M/S GOENKA AUTO PRIVATE LIMITED. | F54: VARANASI | G54: 09-Dec-24 | H54: 19-Feb-25 | I54: 1165 | J54: 3296 | K54: 1 | L54: S | M54: T-1 | N54: 781175 | O54: MC1E5DGA3SP000559 | P54: D73001405 | S54: SCI25C000036 | T54: 28-Feb-25 | U54: 15-Apr-25 | V54: 1250 | W54: 587586 | X54: 03-Jun-25 | Y54: 1250 | Z54: 1475 | AA54: 225 | AB54: 111053 | AC54: 03-Jun-25 | AD54: 0 | AG54: T1CNGL | AH54: CVD | AI54: F
A55: 54 | B55: NORTH | C55: UTTAR PRADESH | D55: 7134 | E55: M/S GOENKA AUTO PRIVATE LIMITED. | F55: VARANASI | G55: 31-Aug-23 | H55: 07-Feb-25 | I55: 1165 | J55: 110000 | K55: 11 | L55: S | M55: T26 | N55: 756550 | O55: MC1E4FHA2RP017831 | P55: D71037510 | S55: SCI25C000036 | T55: 28-Feb-25 | U55: 15-Apr-25 | V55: 1250 | W55: 587586 | X55: 03-Jun-25 | Y55: 1250 | Z55: 1475 | AA55: 225 | AB55: 111053 | AC55: 03-Jun-25 | AD55: 0 | AG55: T26BS6 | AH55: CVD | AI55: F
A56: 55 | B56: NORTH | C56: UTTAR PRADESH | D56: 7134 | E56: M/S GOENKA AUTO PRIVATE LIMITED. | F56: VARANASI | G56: 22-May-24 | H56: 07-Feb-25 | I56: 990 | J56: 10400 | K56: 4 | L56: S | M56: T-1 | N56: 775773 | O56: MC1E1CEA7RP007811 | P56: D71054290 | Q56: 002 | R56: SERV DATE EXCEEDS | S56: SCI25C000036 | T56: 28-Feb-25 | U56: 15-Apr-25 | V56: 0 | W56: 587586 | X56: 03-Jun-25 | Y56: 0 | Z56: 0 | AA56: 0 | AB56: 111053 | AC56: 03-Jun-25 | AD56: 0 | AG56: T1BS6 | AH56: CVD | AI56: P
A57: 56 | B57: NORTH | C57: UTTAR PRADESH | D57: 7134 | E57: M/S GOENKA AUTO PRIVATE LIMITED. | F57: VARANASI | G57: 26-Sep-23 | H57: 24-Feb-25 | I57: 1165 | J57: 71552 | K57: 9 | L57: S | M57: T-1 | N57: 754077 | O57: MC1E4DJA3RP048116 | P57: D71039101 | S57: SCI25C000036 | T57: 28-Feb-25 | U57: 15-Apr-25 | V57: 0 | W57: 587586 | X57: 03-Jun-25 | Y57: 0 | Z57: 0 | AA57: 0 | AB57: 111053 | AC57: 03-Jun-25 | AD57: 0 | AG57: T1BS6 | AH57: CVD | AI57: P
A58: 57 | B58: NORTH | C58: UTTAR PRADESH | D58: 7134 | E58: M/S GOENKA AUTO PRIVATE LIMITED. | F58: VARANASI | G58: 14-Oct-24 | H58: 02-Feb-25 | I58: 1165 | J58: 20000 | K58: 2 | L58: S | M58: T-1 | N58: 787043 | O58: MC1E4EHA8SP013850 | P58: D71061089 | S58: SCI25C000036 | T58: 28-Feb-25 | U58: 15-Apr-25 | V58: 0 | W58: 587586 | X58: 03-Jun-25 | Y58: 0 | Z58: 0 | AA58: 0 | AB58: 111053 | AC58: 03-Jun-25 | AD58: 0 | AG58: T1BS6 | AH58: CVD | AI58: P
A59: 58 | B59: NORTH | C59: UTTAR PRADESH | D59: 7134 | E59: M/S GOENKA AUTO PRIVATE LIMITED. | F59: VARANASI | G59: 14-Oct-24 | H59: 16-Feb-25 | I59: 1165 | J59: 5210 | K59: 1 | L59: S | M59: T-1 | N59: 782170 | O59: MC1E4DHA2SP054033 | P59: D71059735 | S59: SCI25C000036 | T59: 28-Feb-25 | U59: 15-Apr-25 | V59: 1250 | W59: 587586 | X59: 03-Jun-25 | Y59: 1250 | Z59: 1475 | AA59: 225 | AB59: 111053 | AC59: 03-Jun-25 | AD59: 0 | AG59: T1BS6N | AH59: CVD | AI59: F
A60: 59 | B60: NORTH | C60: UTTAR PRADESH | D60: 7134 | E60: M/S GOENKA AUTO PRIVATE LIMITED. | F60: VARANASI | G60: 28-Jul-23 | H60: 26-Feb-25 | I60: 420 | J60: 92265 | K60: 10 | L60: S | M60: TRAX | N60: 317249 | O60: MC1D4DGA3RP100492 | P60: D72011096 | S60: SCI25C000036 | T60: 28-Feb-25 | U60: 15-Apr-25 | V60: 0 | W60: 587586 | X60: 03-Jun-25 | Y60: 0 | Z60: 0 | AA60: 0 | AB60: 111053 | AC60: 03-Jun-25 | AD60: 0 | AG60: TRXBS6 | AH60: CVD | AI60: P
A61: 60 | B61: NORTH | C61: UTTAR PRADESH | D61: 7134 | E61: M/S GOENKA AUTO PRIVATE LIMITED. | F61: VARANASI | G61: 06-Jan-25 | H61: 24-Feb-25 | I61: 1165 | J61: 10000 | K61: 1 | L61: S | M61: T-1 | N61: 792098 | O61: MC1E4ELA3SP014637 | P61: D71065348 | S61: SCI25C000036 | T61: 28-Feb-25 | U61: 15-Apr-25 | V61: 1250 | W61: 587586 | X61: 03-Jun-25 | Y61: 1250 | Z61: 1475 | AA61: 225 | AB61: 111053 | AC61: 03-Jun-25 | AD61: 0 | AG61: T1BS6 | AH61: CVD | AI61: F
A62: 61 | B62: NORTH | C62: UTTAR PRADESH | D62: 7134 | E62: M/S GOENKA AUTO PRIVATE LIMITED. | F62: VARANASI | G62: 22-Feb-23 | H62: 18-Feb-25 | I62: 1165 | J62: 75476 | K62: 9 | L62: S | M62: T1N | N62: 1107 | O62: MC1M4ABA8PP000150 | P62: D71026419 | S62: SCI25C000036 | T62: 28-Feb-25 | U62: 15-Apr-25 | V62: 0 | W62: 587586 | X62: 03-Jun-25 | Y62: 0 | Z62: 0 | AA62: 0 | AB62: 111053 | AC62: 03-Jun-25 | AD62: 0 | AG62: URBN | AH62: CVD | AI62: P
A63: 62 | B63: NORTH | C63: UTTAR PRADESH | D63: 7134 | E63: M/S GOENKA AUTO PRIVATE LIMITED. | F63: VARANASI | G63: 20-Nov-24 | H63: 02-Feb-25 | I63: 1165 | J63: 9900 | K63: 1 | L63: S | M63: T-1 | N63: 790690 | O63: MC1E4EKA1SP014315 | P63: D71063632 | S63: SCI25C000036 | T63: 28-Feb-25 | U63: 15-Apr-25 | V63: 1250 | W63: 587586 | X63: 03-Jun-25 | Y63: 1250 | Z63: 1475 | AA63: 225 | AB63: 111053 | AC63: 03-Jun-25 | AD63: 0 | AG63: T1BS6 | AH63: CVD | AI63: F
A64: 63 | B64: NORTH | C64: UTTAR PRADESH | D64: 7134 | E64: M/S GOENKA AUTO PRIVATE LIMITED. | F64: VARANASI | G64: 10-Feb-24 | H64: 28-Feb-25 | I64: 1165 | J64: 66731 | K64: 7 | L64: S | M64: T-1 | N64: 761375 | O64: MC1E4EAA4RP011520 | P64: D71045359 | S64: SCI25C000036 | T64: 28-Feb-25 | U64: 15-Apr-25 | V64: 0 | W64: 587586 | X64: 03-Jun-25 | Y64: 0 | Z64: 0 | AA64: 0 | AB64: 111053 | AC64: 03-Jun-25 | AD64: 0 | AG64: T1BS6 | AH64: CVD | AI64: P
A65: 64 | B65: NORTH | C65: UTTAR PRADESH | D65: 7134 | E65: M/S GOENKA AUTO PRIVATE LIMITED. | F65: VARANASI | G65: 20-Aug-24 | H65: 11-Feb-25 | I65: 968 | J65: 29230 | K65: 3 | L65: S | M65: T-1 | N65: 775157 | O65: MC1E4DDA5RP052440 | P65: D71053480 | S65: SCI25C000036 | T65: 28-Feb-25 | U65: 15-Apr-25 | V65: 1250 | W65: 587586 | X65: 03-Jun-25 | Y65: 1250 | Z65: 1475 | AA65: 225 | AB65: 111053 | AC65: 03-Jun-25 | AD65: 0 | AG65: T1BS6 | AH65: CVD | AI65: F
A66: 65 | B66: NORTH | C66: UTTAR PRADESH | D66: 7134 | E66: M/S GOENKA AUTO PRIVATE LIMITED. | F66: VARANASI | G66: 17-Sep-24 | H66: 13-Feb-25 | I66: 1165 | J66: 17580 | K66: 2 | L66: S | M66: T1N | N66: 5097 | O66: MC1M4AHAXSP002238 | P66: D71060908 | S66: SCI25C000036 | T66: 28-Feb-25 | U66: 15-Apr-25 | V66: 0 | W66: 587586 | X66: 03-Jun-25 | Y66: 0 | Z66: 0 | AA66: 0 | AB66: 111053 | AC66: 03-Jun-25 | AD66: 0 | AG66: URBN | AH66: CVD | AI66: P
A67: 66 | B67: NORTH | C67: UTTAR PRADESH | D67: 7134 | E67: M/S GOENKA AUTO PRIVATE LIMITED. | F67: VARANASI | G67: 24-Jan-24 | H67: 04-Feb-25 | I67: 1165 | J67: 60000 | K67: 6 | L67: S | M67: T-1 | N67: 761341 | O67: MC1E4EAA5RP011526 | P67: D71045349 | S67: SCI25C000036 | T67: 28-Feb-25 | U67: 15-Apr-25 | V67: 0 | W67: 587586 | X67: 03-Jun-25 | Y67: 0 | Z67: 0 | AA67: 0 | AB67: 111053 | AC67: 03-Jun-25 | AD67: 0 | AG67: T1BS6 | AH67: CVD | AI67: P
A68: 67 | B68: NORTH | C68: UTTAR PRADESH | D68: 7134 | E68: M/S GOENKA AUTO PRIVATE LIMITED. | F68: VARANASI | G68: 13-May-24 | H68: 03-Feb-25 | I68: 1165 | J68: 79383 | K68: 8 | L68: S | M68: T-1 | N68: 764113 | O68: MC1E4ECAXRP012359 | P68: D71051066 | S68: SCI25C000036 | T68: 28-Feb-25 | U68: 15-Apr-25 | V68: 1250 | W68: 587586 | X68: 03-Jun-25 | Y68: 1250 | Z68: 1475 | AA68: 225 | AB68: 111053 | AC68: 03-Jun-25 | AD68: 0 | AG68: T1BS6 | AH68: CVD | AI68: F
... A75: 74 | B75: NORTH | C75: UTTAR PRADESH | D75: 7134 | E75: M/S GOENKA AUTO PRIVATE LIMITED. | F75: VARANASI | G75: 23-Aug-24 | H75: 28-Feb-25 | I75: 965 | J75: 29930 | K75: 3 | L75: S | M75: T1N | N75: 4608 | O75: MC1M4AGA0SP001973 | P75: D71058189 | S75: SCI25C000036 | T75: 28-Feb-25 | U75: 15-Apr-25 | V75: 1650 | W75: 587586 | X75: 03-Jun-25 | Y75: 1650 | Z75: 1947 | AA75: 297 | AB75: 111053 | AC75: 03-Jun-25 | AD75: 0 | AG75: URBN | AH75: CVD | AI75: F
A76: 75 | B76: NORTH | C76: UTTAR PRADESH | D76: 7134 | E76: M/S GOENKA AUTO PRIVATE LIMITED. | F76: VARANASI | G76: 31-Jul-23 | H76: 25-Feb-25 | I76: 998 | J76: 107410 | K76: 10 | L76: S | M76: T-1 | N76: 750061 | O76: MC1E4EFA9PP009977 | P76: D71034030 | Q76: 001 | R76: SERV KMS / HRS EXCEEDS | S76: SCI25C000036 | T76: 28-Feb-25 | U76: 15-Apr-25 | V76: 0 | W76: 587586 | X76: 03-Jun-25 | Y76: 0 | Z76: 0 | AA76: 0 | AB76: 111053 | AC76: 03-Jun-25 | AD76: 0 | AG76: T1BS6 | AH76: CVD | AI76: P
A77: 76 | B77: NORTH | C77: UTTAR PRADESH | D77: 7134 | E77: M/S GOENKA AUTO PRIVATE LIMITED. | F77: VARANASI | G77: 20-Oct-23 | H77: 06-Feb-25 | I77: 1165 | J77: 110989 | K77: 11 | L77: S | M77: T-1 | N77: 755374 | O77: MC1E4EKAXRP010712 | P77: D71040328 | S77: SCI25C000036 | T77: 28-Feb-25 | U77: 15-Apr-25 | V77: 1250 | W77: 587586 | X77: 03-Jun-25 | Y77: 1250 | Z77: 1475 | AA77: 225 | AB77: 111053 | AC77: 03-Jun-25 | AD77: 0 | AG77: T1BS6 | AH77: CVD | AI77: F
A78: 77 | B78: NORTH | C78: UTTAR PRADESH | D78: 7134 | E78: M/S GOENKA AUTO PRIVATE LIMITED. | F78: VARANASI | G78: 22-Nov-23 | H78: 21-Feb-25 | I78: 1165 | J78: 89770 | K78: 9 | L78: S | M78: TRAX | N78: 317851 | O78: MC1D4DGA8RP100617 | P78: D72011234 | S78: SCI25C000036 | T78: 28-Feb-25 | U78: 15-Apr-25 | V78: 0 | W78: 587586 | X78: 03-Jun-25 | Y78: 0 | Z78: 0 | AA78: 0 | AB78: 111053 | AC78: 03-Jun-25 | AD78: 0 | AG78: TRXBS6 | AH78: CVD | AI78: P
A79: 78 | B79: NORTH | C79: UTTAR PRADESH | D79: 7134 | E79: M/S GOENKA AUTO PRIVATE LIMITED. | F79: VARANASI | G79: 20-Aug-24 | H79: 18-Feb-25 | I79: 970 | J79: 29950 | K79: 3 | L79: S | M79: T1N | N79: 4625 | O79: MC1M4AGA3SP001949 | P79: D71058108 | S79: SCI25C000036 | T79: 28-Feb-25 | U79: 15-Apr-25 | V79: 1650 | W79: 587586 | X79: 03-Jun-25 | Y79: 1650 | Z79: 1947 | AA79: 297 | AB79: 111053 | AC79: 03-Jun-25 | AD79: 0 | AG79: URBN | AH79: CVD | AI79: F
A80: 79 | B80: NORTH | C80: UTTAR PRADESH | D80: 7134 | E80: M/S GOENKA AUTO PRIVATE LIMITED. | F80: VARANASI | G80: 13-Dec-24 | H80: 02-Feb-25 | I80: 1165 | J80: 8870 | K80: 1 | L80: S | M80: TRAX | N80: 326093 | O80: MC1D4DJA5SP105675 | P80: D72017155 | S80: SCI25C000036 | T80: 28-Feb-25 | U80: 15-Apr-25 | V80: 1250 | W80: 587586 | X80: 03-Jun-25 | Y80: 1250 | Z80: 1475 | AA80: 225 | AB80: 111053 | AC80: 03-Jun-25 | AD80: 0 | AG80: TRXBS6 | AH80: CVD | AI80: F
A81: 80 | B81: NORTH | C81: UTTAR PRADESH | D81: 7134 | E81: M/S GOENKA AUTO PRIVATE LIMITED. | F81: VARANASI | G81: 30-Jun-24 | H81: 06-Feb-25 | I81: 1165 | J81: 29200 | K81: 3 | L81: S | M81: T1N | N81: 3559 | O81: MC1M4AFAXRP001720 | P81: D71055788 | S81: SCI25C000036 | T81: 28-Feb-25 | U81: 15-Apr-25 | V81: 1650 | W81: 587586 | X81: 03-Jun-25 | Y81: 1650 | Z81: 1947 | AA81: 297 | AB81: 111053 | AC81: 03-Jun-25 | AD81: 0 | AG81: URBN | AH81: CVD | AI81: F
A82: 81 | B82: NORTH | C82: UTTAR PRADESH | D82: 7134 | E82: M/S GOENKA AUTO PRIVATE LIMITED. | F82: VARANASI | G82: 23-Sep-23 | H82: 17-Feb-25 | I82: 1165 | J82: 70000 | K82: 7 | L82: S | M82: T-1 | N82: 753171 | O82: MC1E4EJA5RP010487 | P82: D71038820 | Q82: 002 | R82: SERV DATE EXCEEDS | S82: SCI25C000036 | T82: 28-Feb-25 | U82: 15-Apr-25 | V82: 0 | W82: 587586 | X82: 03-Jun-25 | Y82: 0 | Z82: 0 | AA82: 0 | AB82: 111053 | AC82: 03-Jun-25 | AD82: 0 | AG82: T1BS6 | AH82: CVD | AI82: P
A83: 82 | B83: NORTH | C83: UTTAR PRADESH | D83: 7134 | E83: M/S GOENKA AUTO PRIVATE LIMITED. | F83: VARANASI | G83: 22-Mar-24 | H83: 03-Feb-25 | I83: 1165 | J83: 68937 | K83: 7 | L83: S | M83: TRAX | N83: 321778 | O83: MC1D4DBA4RP103635 | P83: D72014410 | S83: SCI25C000036 | T83: 28-Feb-25 | U83: 15-Apr-25 | V83: 0 | W83: 587586 | X83: 03-Jun-25 | Y83: 0 | Z83: 0 | AA83: 0 | AB83: 111053 | AC83: 03-Jun-25 | AD83: 0 | AG83: TRXBS6 | AH83: CVD | AI83: P
A84: 83 | B84: NORTH | C84: UTTAR PRADESH | D84: 7134 | E84: M/S GOENKA AUTO PRIVATE LIMITED. | F84: VARANASI | G84: 20-Jan-25 | H84: 28-Feb-25 | I84: 1165 | J84: 9496 | K84: 1 | L84: S | M84: T1N | N84: 6475 | O84: MC1M4AAA6SP003235 | P84: D71069285 | S84: SCI25C000036 | T84: 28-Feb-25 | U84: 15-Apr-25 | V84: 1650 | W84: 587586 | X84: 03-Jun-25 | Y84: 1650 | Z84: 1947 | AA84: 297 | AB84: 111053 | AC84: 03-Jun-25 | AD84: 0 | AG84: URBN | AH84: CVD | AI84: F
A85: 84 | B85: NORTH | C85: UTTAR PRADESH | D85: 7134 | E85: M/S GOENKA AUTO PRIVATE LIMITED. | F85: VARANASI | G85: 22-Jun-24 | H85: 16-Feb-25 | I85: 1165 | J85: 49822 | K85: 5 | L85: S | M85: T-1 | N85: 775938 | O85: MC1E4EDA0RP012854 | P85: D71053907 | S85: SCI25C000036 | T85: 28-Feb-25 | U85: 15-Apr-25 | V85: 1250 | W85: 587586 | X85: 03-Jun-25 | Y85: 1250 | Z85: 1475 | AA85: 225 | AB85: 111053 | AC85: 03-Jun-25 | AD85: 0 | AG85: T1BS6 | AH85: CVD | AI85: F
A86: 85 | B86: NORTH | C86: UTTAR PRADESH | D86: 7134 | E86: M/S GOENKA AUTO PRIVATE LIMITED. | F86: VARANASI | G86: 28-Mar-23 | H86: 16-Feb-25 | I86: 1165 | J86: 23211 | K86: 12 | L86: S | M86: T-1 | N86: 744171 | O86: MC1E4DAA5PP044162 | P86: D71024466 | S86: SCI25C000036 | T86: 28-Feb-25 | U86: 15-Apr-25 | V86: 0 | W86: 587586 | X86: 03-Jun-25 | Y86: 0 | Z86: 0 | AA86: 0 | AB86: 111053 | AC86: 03-Jun-25 | AD86: 0 | AG86: T1BS6 | AH86: CVD | AI86: P
A87: 86 | B87: NORTH | C87: UTTAR PRADESH | D87: 7134 | E87: M/S GOENKA AUTO PRIVATE LIMITED. | F87: VARANASI | G87: 30-Sep-23 | H87: 06-Feb-25 | I87: 1165 | J87: 29835 | K87: 9 | L87: S | M87: T26 | N87: 758028 | O87: MC1E4FJA3RP018139 | P87: D71039030 | S87: SCI25C000036 | T87: 28-Feb-25 | U87: 15-Apr-25 | V87: 0 | W87: 587586 | X87: 03-Jun-25 | Y87: 0 | Z87: 0 | AA87: 0 | AB87: 111053 | AC87: 03-Jun-25 | AD87: 0 | AG87: T26BS6 | AH87: CVD | AI87: P
A88: 87 | B88: NORTH | C88: UTTAR PRADESH | D88: 7134 | E88: M/S GOENKA AUTO PRIVATE LIMITED. | F88: VARANASI | G88: 15-Feb-24 | H88: 05-Feb-25 | I88: 1165 | J88: 40000 | K88: 4 | L88: S | M88: T1N | N88: 3267 | O88: MC1M4ABA3RP000978 | P88: D71046706 | S88: SCI25C000036 | T88: 28-Feb-25 | U88: 15-Apr-25 | V88: 0 | W88: 587586 | X88: 03-Jun-25 | Y88: 0 | Z88: 0 | AA88: 0 | AB88: 111053 | AC88: 03-Jun-25 | AD88: 0 | AG88: URBN | AH88: CVD | AI88: P
A89: 88 | B89: NORTH | C89: UTTAR PRADESH | D89: 7134 | E89: M/S GOENKA AUTO PRIVATE LIMITED. | F89: VARANASI | G89: 29-Oct-24 | H89: 26-Feb-25 | I89: 1165 | J89: 10000 | K89: 1 | L89: S | M89: T-1 | N89: 790753 | O89: MC1E4DKA8SP054739 | P89: D71063348 | Q89: 002 | R89: SERV DATE EXCEEDS | S89: SCI25C000036 | T89: 28-Feb-25 | U89: 15-Apr-25 | V89: 1250 | W89: 587586 | X89: 03-Jun-25 | Y89: 1000 | Z89: 1475 | AA89: 225 | AB89: 111053 | AC89: 03-Jun-25 | AD89: 250 | AG89: T1BS6 | AH89: CVD | AI89: F
A90: 89 | B90: NORTH | C90: UTTAR PRADESH | D90: 7134 | E90: M/S GOENKA AUTO PRIVATE LIMITED. | F90: VARANASI | G90: 30-Oct-24 | H90: 10-Feb-25 | I90: 1165 | J90: 10000 | K90: 1 | L90: S | M90: T1N | N90: 4895 | O90: MC1M4AKA8SP002635 | P90: D71064370 | Q90: 002 | R90: SERV DATE EXCEEDS | S90: SCI25C000036 | T90: 28-Feb-25 | U90: 15-Apr-25 | V90: 1650 | W90: 587586 | X90: 03-Jun-25 | Y90: 1320 | Z90: 1947 | AA90: 297 | AB90: 111053 | AC90: 03-Jun-25 | AD90: 330 | AG90: URBN | AH90: CVD | AI90: F
A91: 90 | B91: NORTH | C91: UTTAR PRADESH | D91: 7134 | E91: M/S GOENKA AUTO PRIVATE LIMITED. | F91: VARANASI | G91: 10-Jul-24 | H91: 11-Feb-25 | I91: 1165 | J91: 39027 | K91: 4 | L91: S | M91: T-1 | N91: 774685 | O91: MC1E4EFA6RP013360 | P91: D71057471 | S91: SCI25C000036 | T91: 28-Feb-25 | U91: 15-Apr-25 | V91: 0 | W91: 587586 | X91: 03-Jun-25 | Y91: 0 | Z91: 0 | AA91: 0 | AB91: 111053 | AC91: 03-Jun-25 | AD91: 0 | AG91: T1BS6 | AH91: CVD | AI91: P
A92: 91 | B92: NORTH | C92: UTTAR PRADESH | D92: 7134 | E92: M/S GOENKA AUTO PRIVATE LIMITED. | F92: VARANASI | G92: 15-Nov-24 | H92: 02-Feb-25 | I92: 1165 | J92: 19416 | K92: 2 | L92: S | M92: T26 | N92: 789860 | O92: MC1E4FJA7SP021633 | P92: D71063051 | S92: SCI25C000036 | T92: 28-Feb-25 | U92: 15-Apr-25 | V92: 0 | W92: 587586 | X92: 03-Jun-25 | Y92: 0 | Z92: 0 | AA92: 0 | AB92: 111053 | AC92: 03-Jun-25 | AD92: 0 | AG92: T26BS6 | AH92: CVD | AI92: P
A93: 92 | B93: NORTH | C93: UTTAR PRADESH | D93: 7134 | E93: M/S GOENKA AUTO PRIVATE LIMITED. | F93: VARANASI | G93: 29-Jan-24 | H93: 03-Feb-25 | I93: 1180 | J93: 10176 | K93: 6 | L93: S | M93: T-1 | N93: 762849 | O93: MC1E1CAA2RP007611 | P93: D71045174 | S93: SCI25C000036 | T93: 28-Feb-25 | U93: 15-Apr-25 | V93: 0 | W93: 587586 | X93: 03-Jun-25 | Y93: 0 | Z93: 0 | AA93: 0 | AB93: 111053 | AC93: 03-Jun-25 | AD93: 0 | AG93: T1BS6 | AH93: CVD | AI93: P
A94: 93 | B94: NORTH | C94: UTTAR PRADESH | D94: 7134 | E94: M/S GOENKA AUTO PRIVATE LIMITED. | F94: VARANASI | G94: 30-Sep-24 | H94: 25-Feb-25 | I94: 1165 | J94: 19331 | K94: 2 | L94: S | M94: T1N | N94: 5319 | O94: MC1M4AJA6SP002358 | P94: D71062135 | S94: SCI25C000036 | T94: 28-Feb-25 | U94: 15-Apr-25 | V94: 0 | W94: 587586 | X94: 03-Jun-25 | Y94: 0 | Z94: 0 | AA94: 0 | AB94: 111053 | AC94: 03-Jun-25 | AD94: 0 | AG94: URBN | AH94: CVD | AI94: P
A95: 94 | B95: NORTH | C95: UTTAR PRADESH | D95: 7134 | E95: M/S GOENKA AUTO PRIVATE LIMITED. | F95: VARANASI | G95: 09-Oct-24 | H95: 09-Feb-25 | I95: 1165 | J95: 7456 | K95: 2 | L95: S | M95: TRAX | N95: 324907 | O95: MC1D4DHAXSP105337 | P95: D72016757 | S95: SCI25C000036 | T95: 28-Feb-25 | U95: 15-Apr-25 | V95: 0 | W95: 587586 | X95: 03-Jun-25 | Y95: 0 | Z95: 0 | AA95: 0 | AB95: 111053 | AC95: 03-Jun-25 | AD95: 0 | AG95: TRXBS6 | AH95: CVD | AI95: P
A96: 95 | B96: NORTH | C96: UTTAR PRADESH | D96: 7134 | E96: M/S GOENKA AUTO PRIVATE LIMITED. | F96: VARANASI | G96: 19-Dec-24 | H96: 21-Feb-25 | I96: 1165 | J96: 9500 | K96: 1 | L96: S | M96: T26 | N96: 789111 | O96: MC1E4FLA6SP021782 | P96: D71065402 | S96: SCI25C000036 | T96: 28-Feb-25 | U96: 15-Apr-25 | V96: 1250 | W96: 587586 | X96: 03-Jun-25 | Y96: 1250 | Z96: 1475 | AA96: 225 | AB96: 111053 | AC96: 03-Jun-25 | AD96: 0 | AG96: T26BS6 | AH96: CVD | AI96: F
A97: 96 | B97: NORTH | C97: UTTAR PRADESH | D97: 7134 | E97: M/S GOENKA AUTO PRIVATE LIMITED. | F97: VARANASI | G97: 15-Oct-24 | H97: 05-Feb-25 | I97: 1165 | J97: 10000 | K97: 1 | L97: S | M97: T1N | N97: 5320 | O97: MC1M4AJA3SP002284 | P97: D71061468 | Q97: 002 | R97: SERV DATE EXCEEDS | S97: SCI25C000036 | T97: 28-Feb-25 | U97: 15-Apr-25 | V97: 1650 | W97: 587586 | X97: 03-Jun-25 | Y97: 1320 | Z97: 1947 | AA97: 297 | AB97: 111053 | AC97: 03-Jun-25 | AD97: 330 | AG97: URBN | AH97: CVD | AI97: F
A98: 97 | B98: NORTH | C98: UTTAR PRADESH | D98: 7134 | E98: M/S GOENKA AUTO PRIVATE LIMITED. | F98: VARANASI | G98: 18-Sep-24 | H98: 27-Feb-25 | I98: 1165 | J98: 21204 | K98: 2 | L98: S | M98: T1N | N98: 5132 | O98: MC1M4AJA3SP002320 | P98: D71061676 | Q98: 001 | R98: SERV KMS / HRS EXCEEDS | S98: SCI25C000036 | T98: 28-Feb-25 | U98: 15-Apr-25 | V98: 0 | W98: 587586 | X98: 03-Jun-25 | Y98: 0 | Z98: 0 | AA98: 0 | AB98: 111053 | AC98: 03-Jun-25 | AD98: 0 | AG98: URBN | AH98: CVD | AI98: P
A99: 98 | B99: NORTH | C99: UTTAR PRADESH | D99: 7134 | E99: M/S GOENKA AUTO PRIVATE LIMITED. | F99: VARANASI | G99: 19-Feb-24 | H99: 12-Feb-25 | I99: 1165 | J99: 60000 | K99: 6 | L99: S | M99: T1N | N99: 3268 | O99: MC1M4ABA1RP000994 | P99: D71047182 | S99: SCI25C000036 | T99: 28-Feb-25 | U99: 15-Apr-25 | V99: 0 | W99: 587586 | X99: 03-Jun-25 | Y99: 0 | Z99: 0 | AA99: 0 | AB99: 111053 | AC99: 03-Jun-25 | AD99: 0 | AG99: URBN | AH99: CVD | AI99: P
A100: 99 | B100: NORTH | C100: UTTAR PRADESH | D100: 7134 | E100: M/S GOENKA AUTO PRIVATE LIMITED. | F100: VARANASI | G100: 15-Jul-24 | H100: 21-Feb-25 | I100: 1165 | J100: 30807 | K100: 4 | L100: S | M100: T-1 | N100: 774646 | O100: MC1E4EFA8RP013229 | P100: D71056708 | S100: SCI25C000036 | T100: 28-Feb-25 | U100: 15-Apr-25 | V100: 0 | W100: 587586 | X100: 03-Jun-25 | Y100: 0 | Z100: 0 | AA100: 0 | AB100: 111053 | AC100: 03-Jun-25 | AD100: 0 | AG100: T1BS6 | AH100: CVD | AI100: P
A101: 100 | B101: NORTH | C101: UTTAR PRADESH | D101: 7134 | E101: M/S GOENKA AUTO PRIVATE LIMITED. | F101: VARANASI | G101: 31-Dec-24 | H101: 04-Feb-25 | I101: 1150 | J101: 9920 | K101: 1 | L101: S | M101: T1N | N101: 5709 | O101: MC1M4ALA5SP002834 | P101: D71066059 | S101: SCI25C000036 | T101: 28-Feb-25 | U101: 15-Apr-25 | V101: 1650 | W101: 587586 | X101: 03-Jun-25 | Y101: 1650 | Z101: 1947 | AA101: 297 | AB101: 111053 | AC101: 03-Jun-25 | AD101: 0 | AG101: URBN | AH101: CVD | AI101: F
A102: 101 | B102: NORTH | C102: UTTAR PRADESH | D102: 7134 | E102: M/S GOENKA AUTO PRIVATE LIMITED. | F102: VARANASI | G102: 20-Jul-24 | H102: 17-Feb-25 | I102: 1165 | J102: 38333 | K102: 4 | L102: S | M102: T1N | N102: 3564 | O102: MC1M4AFA5RP001723 | P102: D71056049 | S102: SCI25C000036 | T102: 28-Feb-25 | U102: 15-Apr-25 | V102: 0 | W102: 587586 | X102: 03-Jun-25 | Y102: 0 | Z102: 0 | AA102: 0 | AB102: 111053 | AC102: 03-Jun-25 | AD102: 0 | AG102: URBN | AH102: CVD | AI102: P
A103: 102 | B103: NORTH | C103: UTTAR PRADESH | D103: 7134 | E103: M/S GOENKA AUTO PRIVATE LIMITED. | F103: VARANASI | G103: 30-May-24 | H103: 10-Feb-25 | I103: 1165 | J103: 67124 | K103: 7 | L103: S | M103: TRAX | N103: 321779 | O103: MC1D4DBA9RP103565 | P103: D72014281 | S103: SCI25C000036 | T103: 28-Feb-25 | U103: 15-Apr-25 | V103: 0 | W103: 587586 | X103: 03-Jun-25 | Y103: 0 | Z103: 0 | AA103: 0 | AB103: 111053 | AC103: 03-Jun-25 | AD103: 0 | AG103: TRXBS6 | AH103: CVD | AI103: P
A104: 103 | B104: NORTH | C104: UTTAR PRADESH | D104: 7134 | E104: M/S GOENKA AUTO PRIVATE LIMITED. | F104: VARANASI | G104: 29-Jun-24 | H104: 28-Feb-25 | I104: 1165 | J104: 50000 | K104: 5 | L104: S | M104: T-1 | N104: 775224 | O104: MC1E4EFA7RP013089 | P104: D71055925 | S104: SCI25C000036 | T104: 28-Feb-25 | U104: 15-Apr-25 | V104: 1250 | W104: 587586 | X104: 03-Jun-25 | Y104: 1250 | Z104: 1475 | AA104: 225 | AB104: 111053 | AC104: 03-Jun-25 | AD104: 0 | AG104: T1BS6 | AH104: CVD | AI104: F
A105: 104 | B105: NORTH | C105: UTTAR PRADESH | D105: 7134 | E105: M/S GOENKA AUTO PRIVATE LIMITED. | F105: VARANASI | G105: 25-Apr-24 | H105: 25-Feb-25 | I105: 1165 | J105: 60000 | K105: 6 | L105: S | M105: T1N | N105: 3488 | O105: MC1M4ADA9RP001369 | P105: D71052448 | S105: SCI25C000036 | T105: 28-Feb-25 | U105: 15-Apr-25 | V105: 0 | W105: 587586 | X105: 03-Jun-25 | Y105: 0 | Z105: 0 | AA105: 0 | AB105: 111053 | AC105: 03-Jun-25 | AD105: 0 | AG105: URBN | AH105: CVD | AI105: P
A106: 105 | B106: NORTH | C106: UTTAR PRADESH | D106: 7134 | E106: M/S GOENKA AUTO PRIVATE LIMITED. | F106: VARANASI | G106: 15-Feb-23 | H106: 02-Feb-25 | I106: 1168 | J106: 33121 | K106: 12 | L106: S | M106: T26 | N106: 741382 | O106: MC1E4FAA6PP016186 | P106: D71025294 | S106: SCI25C000036 | T106: 28-Feb-25 | U106: 15-Apr-25 | V106: 0 | W106: 587586 | X106: 03-Jun-25 | Y106: 0 | Z106: 0 | AA106: 0 | AB106: 111053 | AC106: 03-Jun-25 | AD106: 0 | AG106: T26BS6 | AH106: CVD | AI106: P
A107: 106 | B107: NORTH | C107: UTTAR PRADESH | D107: 7134 | E107: M/S GOENKA AUTO PRIVATE LIMITED. | F107: VARANASI | G107: 03-May-24 | H107: 05-Feb-25 | I107: 1165 | J107: 19735 | K107: 2 | L107: S | M107: T26 | N107: 768518 | O107: MC1E4FCA1RP019657 | P107: D71049595 | S107: SCI25C000036 | T107: 28-Feb-25 | U107: 15-Apr-25 | V107: 1250 | W107: 587586 | X107: 03-Jun-25 | Y107: 1250 | Z107: 1475 | AA107: 225 | AB107: 111053 | AC107: 03-Jun-25 | AD107: 0 | AG107: T26BS6N | AH107: CVD | AI107: F
A108: 107 | B108: NORTH | C108: UTTAR PRADESH | D108: 7134 | E108: M/S GOENKA AUTO PRIVATE LIMITED. | F108: VARANASI | G108: 05-Jul-24 | H108: 11-Feb-25 | I108: 1168 | J108: 50000 | K108: 5 | L108: S | M108: T26 | N108: 1 | O108: MC1E4FEA6RP020333 | P108: D71054105 | S108: SCI25C000036 | T108: 28-Feb-25 | U108: 15-Apr-25 | V108: 1250 | W108: 587586 | X108: 03-Jun-25 | Y108: 1250 | Z108: 1475 | AA108: 225 | AB108: 111053 | AC108: 03-Jun-25 | AD108: 0 | AG108: T26BS6 | AH108: CVD | AI108: F
A109: 108 | B109: NORTH | C109: UTTAR PRADESH | D109: 7134 | E109: M/S GOENKA AUTO PRIVATE LIMITED. | F109: VARANASI | G109: 21-Sep-24 | H109: 13-Feb-25 | I109: 1165 | J109: 30000 | K109: 3 | L109: S | M109: T-1 | N109: 786320 | O109: MC1E4EHA1SP013740 | P109: D71060115 | S109: SCI25C000036 | T109: 28-Feb-25 | U109: 15-Apr-25 | V109: 1250 | W109: 587586 | X109: 03-Jun-25 | Y109: 1250 | Z109: 1475 | AA109: 225 | AB109: 111053 | AC109: 03-Jun-25 | AD109: 0 | AG109: T1BS6 | AH109: CVD | AI109: F
A110: 109 | B110: NORTH | C110: UTTAR PRADESH | D110: 7134 | E110: M/S GOENKA AUTO PRIVATE LIMITED. | F110: VARANASI | G110: 18-Aug-23 | H110: 05-Feb-25 | I110: 1165 | J110: 76000 | K110: 9 | L110: S | M110: T-1 | N110: 752799 | O110: MC1E4DHA0RP047429 | P110: D71036561 | S110: SCI25C000036 | T110: 28-Feb-25 | U110: 15-Apr-25 | V110: 0 | W110: 587586 | X110: 03-Jun-25 | Y110: 0 | Z110: 0 | AA110: 0 | AB110: 111053 | AC110: 03-Jun-25 | AD110: 0 | AG110: T1BS6 | AH110: CVD | AI110: P
... A114: 113 | B114: NORTH | C114: UTTAR PRADESH | D114: 7134 | E114: M/S GOENKA AUTO PRIVATE LIMITED. | F114: VARANASI | G114: 30-Apr-24 | H114: 16-Feb-25 | I114: 1165 | J114: 40000 | K114: 4 | L114: S | M114: T1N | N114: 3248 | O114: MC1M4ADA3RP001383 | P114: D71052257 | S114: SCI25C000036 | T114: 28-Feb-25 | U114: 15-Apr-25 | V114: 0 | W114: 587586 | X114: 03-Jun-25 | Y114: 0 | Z114: 0 | AA114: 0 | AB114: 111053 | AC114: 03-Jun-25 | AD114: 0 | AG114: URBN | AH114: CVD | AI114: P
A115: 114 | B115: NORTH | C115: UTTAR PRADESH | D115: 7134 | E115: M/S GOENKA AUTO PRIVATE LIMITED. | F115: VARANASI | G115: 18-Nov-24 | H115: 06-Feb-25 | I115: 1165 | J115: 9846 | K115: 1 | L115: S | M115: T26 | N115: 789619 | O115: MC1E4FJA2SP021586 | P115: D71062197 | Q115: 002 | R115: SERV DATE EXCEEDS | S115: SCI25C000036 | T115: 28-Feb-25 | U115: 15-Apr-25 | V115: 1250 | W115: 587586 | X115: 03-Jun-25 | Y115: 1000 | Z115: 1475 | AA115: 225 | AB115: 111053 | AC115: 03-Jun-25 | AD115: 250 | AG115: T26BS6 | AH115: CVD | AI115: F
...

Sheet Warranty report
A1: EDP No. | B1: Invoice Number | C1: Invoice Date | D1: Printed No | E1: Mfg Claim Id | F1: Claim Id | G1: Received Date | H1: Accept Date | I1: Chassis No. | J1: Engine No. | K1: Vehicle Type | L1: Sale Date | M1: Sale Kms/Hrs | N1: Fail Date | O1: Fail Kms | P1: GST Inv Rej Cd | Q1: GST_Inv_Rej_Desc | R1: Item Serial | S1: Item Code | T1: Item Description | U1: Qty | V1: Credit Rs. | W1: Remark | X1: Rej Code | Y1: Rejection Description | Z1: CR Note Details | AA1: CR Note Date | AB1: GST Invc Amt(A) | AC1: Dealer Debit Amt (B) | AD1: Debit Note No for Rej Claim | AE1: Debit Note Dt | AF1: Actual Credit Amt To dealer (A-B) | AG1: SAP Cr note no | AH1: SAP Db note no | AI1: Comment on Claim
A2: 1007718 | B2: WCI25C000101 | C2: 27-03-2025 | D2: 7134260110957 | E2: W25C00007502 | F2: WAR25C000105 | G2: 01-04-2025 | H2: 07-04-2025 | I2: MC1D4DFA0RP104744 | J2: D72015770 | K2: TRAX | L2: 03-07-2024 | M2: 1165 | N2: 04-03-2025 | O2: 58623 | R2: 1 | S2: B008545002003 | T2: RADIATOR ASSLY(RFR B | U2: 1 | V2: 5322.44 | W2: Accepted | Y2: - | Z2: 1749467 | AA2: 05-06-2025 | AB2: 6812.72 | AC2: 0 | AF2: 6812.72
A3: 1007718 | B3: WCI25C000101 | C3: 27-03-2025 | D3: 7134260110957 | E3: W25C00007502 | F3: WAR25C000105 | G3: 01-04-2025 | H3: 07-04-2025 | I3: MC1D4DFA0RP104744 | J3: D72015770 | K3: TRAX | L3: 03-07-2024 | M3: 1165 | N3: 04-03-2025 | O3: 58623 | R3: 2 | S3: ENCOL-6 | T3: Labour Charges | U3: 1 | V3: 247.5 | W3: Accepted | Y3: - | Z3: 1749467 | AA3: 05-06-2025 | AB3: 292.05 | AC3: 0 | AF3: 292.05
A4: 1007734 | B4: WCI25C000100 | C4: 27-03-2025 | D4: 7134260110956 | E4: W25C00007501 | F4: WAR25C000104 | G4: 01-04-2025 | H4: 07-04-2025 | I4: MC1D4DHA2SP105199 | J4: D72016528 | K4: TRAX | L4: 24-08-2024 | M4: 1165 | N4: 04-03-2025 | O4: 42369 | R4: 1 | S4: B008545002003 | T4: RADIATOR ASSLY(RFR B | U4: 1 | V4: 5322.44 | W4: Accepted | Y4: - | Z4: 1749466 | AA4: 05-06-2025 | AB4: 6812.72 | AC4: 0 | AF4: 6812.72
A5: 1007734 | B5: WCI25C000100 | C5: 27-03-2025 | D5: 7134260110956 | E5: W25C00007501 | F5: WAR25C000104 | G5: 01-04-2025 | H5: 07-04-2025 | I5: MC1D4DHA2SP105199 | J5: D72016528 | K5: TRAX | L5: 24-08-2024 | M5: 1165 | N5: 04-03-2025 | O5: 42369 | R5: 2 | S5: ENCOL-6 | T5: Labour Charges | U5: 1 | V5: 247.5 | W5: Accepted | Y5: - | Z5: 1749466 | AA5: 05-06-2025 | AB5: 292.05 | AC5: 0 | AF5: 292.05
A6: 1008722 | B6: WCI26C000008 | C6: 30-04-2025 | D6: 7134260112212 | E6: W26C00000808 | F6: WAR26C000008 | G6: 08-05-2025 | H6: 29-05-2025 | I6: MC1E4EHA1SP013740 | J6: D71060115 | K6: T-1 | L6: 21-09-2024 | M6: 1165 | N6: 04-03-2025 | O6: 32256 | R6: 1 | S6: B008624200017 | T6: PARKING BRAKE ASSY. | U6: 1 | V6: 1436.28 | W6: Accepted | Y6: - | Z6: 1750232 | AA6: 10-07-2025 | AB6: 1838.44 | AC6: 0 | AF6: 1838.44
A7: 1008722 | B7: WCI26C000008 | C7: 30-04-2025 | D7: 7134260112212 | E7: W26C00000808 | F7: WAR26C000008 | G7: 08-05-2025 | H7: 29-05-2025 | I7: MC1E4EHA1SP013740 | J7: D71060115 | K7: T-1 | L7: 21-09-2024 | M7: 1165 | N7: 04-03-2025 | O7: 32256 | R7: 2 | S7: BR1201 | T7: Labour Charges | U7: 1 | V7: 75 | W7: Accepted | Y7: - | Z7: 1750232 | AA7: 10-07-2025 | AB7: 88.5 | AC7: 0 | AF7: 88.5
A8: 1008965 | B8: WCI26C000009 | C8: 30-04-2025 | D8: 7134260112223 | E8: W26C00000816 | F8: WAR26C000010 | G8: 13-05-2025 | H8: 29-05-2025 | I8: MC1E4DBA3RP050768 | J8: D71047053 | K8: T-1 | L8: 29-03-2024 | M8: 1165 | N8: 04-03-2025 | O8: 18290 | R8: 1 | S8: T006865420618 | T8: TEMPERATURE SENSOR(E | U8: 1 | V8: 9241.26 | W8: Accepted | Y8: - | Z8: 1750233 | AA8: 10-07-2025 | AB8: 11828.81 | AC8: 0 | AF8: 11828.81 | AI8: Adblue light on error code P242A-13,P2BA8-00
A9: 1008965 | B9: WCI26C000009 | C9: 30-04-2025 | D9: 7134260112223 | E9: W26C00000816 | F9: WAR26C000010 | G9: 13-05-2025 | H9: 29-05-2025 | I9: MC1E4DBA3RP050768 | J9: D71047053 | K9: T-1 | L9: 29-03-2024 | M9: 1165 | N9: 04-03-2025 | O9: 18290 | R9: 2 | S9: EX-4 | T9: Labour Charges | U9: 1 | V9: 105 | W9: Accepted | Y9: - | Z9: 1750233 | AA9: 10-07-2025 | AB9: 123.9 | AC9: 0 | AF9: 123.9 | AI9: Adblue light on error code P242A-13,P2BA8-00
A10: 1009012 | B10: WCI26C000001 | C10: 30-04-2025 | D10: 7134260112186 | E10: W26C00000782 | F10: WAR26C000001 | G10: 13-05-2025 | H10: 29-05-2025 | I10: MC1E4FHA8SP021288 | J10: D71060855 | K10: T26 | L10: 10-09-2024 | M10: 1165 | N10: 12-04-2025 | O10: 31578 | R10: 1 | S10: T006868200542 | T10: WIPER MOTOR ASSY - R | U10: 1 | V10: 1098.95 | W10: Rejected | X10: 04 | Y10: VEHICLE OUT OF WARRANTY KILOMETER WISE / TIME WISE | Z10: 1750225 | AA10: 10-07-2025 | AB10: 1296.76 | AC10: 1296.76 | AD10: 1517573 | AE10: 10-07-2025 | AF10: 0
A11: 1009012 | B11: WCI26C000001 | C11: 30-04-2025 | D11: 7134260112186 | E11: W26C00000782 | F11: WAR26C000001 | G11: 13-05-2025 | H11: 29-05-2025 | I11: MC1E4FHA8SP021288 | J11: D71060855 | K11: T26 | L11: 10-09-2024 | M11: 1165 | N11: 12-04-2025 | O11: 31578 | R11: 2 | S11: BD0801 | T11: Labour Charges | U11: 1 | V11: 142.5 | W11: Rejected | X11: 04 | Y11: VEHICLE OUT OF WARRANTY KILOMETER WISE / TIME WISE | Z11: 1750225 | AA11: 10-07-2025 | AB11: 168.15 | AC11: 168.15 | AD11: 1517573 | AE11: 10-07-2025 | AF11: 0
A12: 1009618 | B12: WCI26E000004 | C12: 31-05-2025 | D12: 7134260112969 | E12: W26C00001505 | F12: WAR26C000014 | G12: 04-06-2025 | H12: 23-07-2025 | I12: MC1E4EEA5RP013061 | J12: D71055469 | K12: T-1 | L12: 13-07-2024 | M12: 1160 | N12: 22-04-2025 | O12: 81254 | R12: 1 | S12: B008092000001 | T12: WATER PUMP ASSY (TD | U12: 1 | V12: 2541.6 | W12: Accepted | Y12: - | Z12: 1752230 | AA12: 25-09-2025 | AB12: 3091.9 | AC12: 0 | AF12: 3091.9
A13: 1009618 | B13: WCI26E000004 | C13: 31-05-2025 | D13: 7134260112969 | E13: W26C00001505 | F13: WAR26C000014 | G13: 04-06-2025 | H13: 23-07-2025 | I13: MC1E4EEA5RP013061 | J13: D71055469 | K13: T-1 | L13: 13-07-2024 | M13: 1160 | N13: 22-04-2025 | O13: 81254 | R13: 2 | S13: ENCOL-10 | T13: Labour Charges | U13: 1 | V13: 277.5 | W13: Accepted | Y13: - | Z13: 1752230 | AA13: 25-09-2025 | AB13: 327.45 | AC13: 0 | AF13: 327.45
A14: 1009935 | B14: WCI26E000005 | C14: 31-05-2025 | D14: 7134260112974 | E14: W26C00001509 | F14: WAR26C000015 | G14: 11-06-2025 | H14: 23-07-2025 | I14: MC1E4FLA6SP021782 | J14: D71065402 | K14: T26 | L14: 19-12-2024 | M14: 1165 | N14: 04-05-2025 | O14: 13579 | R14: 1 | S14: T006865425918 | T14: REVERSE & NEUTRAL GE | U14: 1 | V14: 1691.51 | W14: Accepted | Y14: - | Z14: 1752231 | AA14: 25-09-2025 | AB14: 1995.98 | AC14: 0 | AF14: 1995.98
A15: 1009935 | B15: WCI26E000005 | C15: 31-05-2025 | D15: 7134260112974 | E15: W26C00001509 | F15: WAR26C000015 | G15: 11-06-2025 | H15: 23-07-2025 | I15: MC1E4FLA6SP021782 | J15: D71065402 | K15: T26 | L15: 19-12-2024 | M15: 1165 | N15: 04-05-2025 | O15: 13579 | R15: 2 | S15: GB-25 | T15: Labour Charges | U15: 1 | V15: 45 | W15: Accepted | Y15: - | Z15: 1752231 | AA15: 25-09-2025 | AB15: 53.1 | AC15: 0 | AF15: 53.1
A16: 1009977 | B16: WCI26E000002 | C16: 31-05-2025 | D16: 7134260112944 | E16: W26C00001482 | F16: WAR26C000012 | G16: 11-06-2025 | H16: 23-07-2025 | I16: MC1D4DJA7SP105502 | J16: D72016937 | K16: TRAX | L16: 21-10-2024 | M16: 1165 | N16: 12-04-2025 | O16: 31259 | R16: 1 | S16: B008080500511 | T16: CHAIN TENSIONER ASSE | U16: 1 | V16: 448.68 | W16: Accepted | Y16: - | Z16: 1752228 | AA16: 25-09-2025 | AB16: 574.31 | AC16: 0 | AF16: 574.31
A17: 1009977 | B17: WCI26E000002 | C17: 31-05-2025 | D17: 7134260112944 | E17: W26C00001482 | F17: WAR26C000012 | G17: 11-06-2025 | H17: 23-07-2025 | I17: MC1D4DJA7SP105502 | J17: D72016937 | K17: TRAX | L17: 21-10-2024 | M17: 1165 | N17: 12-04-2025 | O17: 31259 | R17: 2 | S17: ENHead-5 | T17: Labour Charges | U17: 1 | V17: 97.5 | W17: Accepted | Y17: - | Z17: 1752228 | AA17: 25-09-2025 | AB17: 115.05 | AC17: 0 | AF17: 115.05
A18: 1009997 | B18: WCI26E000003 | C18: 31-05-2025 | D18: 7134260112968 | E18: W26C00001504 | F18: WAR26C000013 | G18: 11-06-2025 | H18: 23-07-2025 | I18: MC1D4DEA2RP104584 | J18: D72015514 | K18: TRAX | L18: 26-06-2024 | M18: 1165 | N18: 12-04-2025 | O18: 60215 | R18: 1 | S18: B008082002215 | T18: THERMOSTAT VALVE AS | U18: 1 | V18: 318.69 | W18: Accepted | Y18: - | Z18: 1752229 | AA18: 25-09-2025 | AB18: 406.91 | AC18: 0 | AF18: 406.91
A19: 1009997 | B19: WCI26E000003 | C19: 31-05-2025 | D19: 7134260112968 | E19: W26C00001504 | F19: WAR26C000013 | G19: 11-06-2025 | H19: 23-07-2025 | I19: MC1D4DEA2RP104584 | J19: D72015514 | K19: TRAX | L19: 26-06-2024 | M19: 1165 | N19: 12-04-2025 | O19: 60215 | R19: 2 | S19: B008545002003 | T19: RADIATOR ASSLY(RFR B | U19: 1 | V19: 5322.44 | W19: Accepted | Y19: - | Z19: 1752229 | AA19: 25-09-2025 | AB19: 6812.72 | AC19: 0 | AF19: 6812.72
A20: 1009997 | B20: WCI26E000003 | C20: 31-05-2025 | D20: 7134260112968 | E20: W26C00001504 | F20: WAR26C000013 | G20: 11-06-2025 | H20: 23-07-2025 | I20: MC1D4DEA2RP104584 | J20: D72015514 | K20: TRAX | L20: 26-06-2024 | M20: 1165 | N20: 12-04-2025 | O20: 60215 | R20: 3 | S20: ENCOL-6 | T20: Labour Charges | U20: 1 | V20: 247.5 | W20: Accepted | Y20: - | Z20: 1752229 | AA20: 25-09-2025 | AB20: 292.05 | AC20: 0 | AF20: 292.05
A21: 1009997 | B21: WCI26E000003 | C21: 31-05-2025 | D21: 7134260112968 | E21: W26C00001504 | F21: WAR26C000013 | G21: 11-06-2025 | H21: 23-07-2025 | I21: MC1D4DEA2RP104584 | J21: D72015514 | K21: TRAX | L21: 26-06-2024 | M21: 1165 | N21: 12-04-2025 | O21: 60215 | R21: 4 | S21: ENCOL-8 | T21: Labour Charges | U21: 1 | V21: 105 | W21: Accepted | Y21: - | Z21: 1752229 | AA21: 25-09-2025 | AB21: 123.9 | AC21: 0 | AF21: 123.9
A22: 1010394 | B22: WCI26E000008 | C22: 28-06-2025 | D22: 7134260114336 | E22: W26C00002632 | F22: WAR26E000003 | G22: 01-07-2025 | H22: 23-07-2025 | I22: MC1D4DBA9RP103565 | J22: D72014281 | K22: TRAX | L22: 30-05-2024 | M22: 1165 | N22: 04-05-2025 | O22: 87103 | R22: 1 | S22: B008545002003 | T22: RADIATOR ASSLY(RFR B | U22: 1 | V22: 5322.44 | W22: Accepted | Y22: - | Z22: 1752234 | AA22: 25-09-2025 | AB22: 6812.72 | AC22: 0 | AF22: 6812.72
A23: 1010394 | B23: WCI26E000008 | C23: 28-06-2025 | D23: 7134260114336 | E23: W26C00002632 | F23: WAR26E000003 | G23: 01-07-2025 | H23: 23-07-2025 | I23: MC1D4DBA9RP103565 | J23: D72014281 | K23: TRAX | L23: 30-05-2024 | M23: 1165 | N23: 04-05-2025 | O23: 87103 | R23: 2 | S23: ENCOL-6 | T23: Labour Charges | U23: 1 | V23: 247.5 | W23: Accepted | Y23: - | Z23: 1752234 | AA23: 25-09-2025 | AB23: 292.05 | AC23: 0 | AF23: 292.05
... A74: 1010483 | B74: WCI26E000036 | C74: 28-06-2025 | D74: 7134260114914 | E74: W26C00003073 | F74: WAR26E000031 | G74: 02-07-2025 | H74: 31-07-2025 | I74: MC1E4EDA8PP009522 | J74: D71030124 | K74: T-1 | L74: 09-05-2023 | M74: 1165 | N74: 12-06-2025 | O74: 80600 | R74: 1 | S74: EL2026 | T74: Labour Charges | U74: 1 | V74: 52.5 | W74: Accepted | Y74: - | Z74: 1752262 | AA74: 25-09-2025 | AB74: 61.95 | AC74: 0 | AF74: 61.95
A75: 1010485 | B75: WCI26E000009 | C75: 28-06-2025 | D75: 7134260114371 | E75: W26C00002666 | F75: WAR26E000004 | G75: 02-07-2025 | H75: 25-07-2025 | I75: MC1E4CAA9SP083498 | J75: D71069177 | K75: T-1 | L75: 20-02-2025 | N75: 04-05-2025 | O75: 1788 | R75: 1 | S75: VT8 | T75: Labour Charges | U75: 1 | V75: 1200 | W75: Accepted | Y75: - | Z75: 1752235 | AA75: 25-09-2025 | AB75: 1416 | AC75: 0 | AF75: 1416 | AI75: 127 km x 2 = 254 kms x 10rs = 2540
A76: 1010485 | B76: WCI26E000009 | C76: 28-06-2025 | D76: 7134260114371 | E76: W26C00002666 | F76: WAR26E000004 | G76: 02-07-2025 | H76: 25-07-2025 | I76: MC1E4CAA9SP083498 | J76: D71069177 | K76: T-1 | L76: 20-02-2025 | N76: 04-05-2025 | O76: 1788 | R76: 2 | S76: VT9-175 KM | T76: Labour Charges | U76: 1 | V76: 1312.5 | W76: Accepted | Y76: - | Z76: 1752235 | AA76: 25-09-2025 | AB76: 1548.75 | AC76: 0 | AF76: 1548.75 | AI76: 127 km x 2 = 254 kms x 10rs = 2540
A77: 1010487 | B77: WCI26E000034 | C77: 28-06-2025 | D77: 7134260114824 | E77: W26C00003002 | F77: WAR26E000029 | G77: 02-07-2025 | H77: 31-07-2025 | I77: MC1E4DCA5PP045003 | J77: D71028083 | K77: T-1 | L77: 03-05-2023 | M77: 1165 | N77: 06-06-2025 | O77: 18800 | R77: 1 | S77: EL2026 | T77: Labour Charges | U77: 1 | V77: 52.5 | W77: Accepted | Y77: - | Z77: 1752260 | AA77: 25-09-2025 | AB77: 61.95 | AC77: 0 | AF77: 61.95
A78: 1010488 | B78: WCI26E000066 | C78: 28-06-2025 | D78: 7134260114963 | E78: W26C00003122 | F78: WAR26E000061 | G78: 02-07-2025 | H78: 31-07-2025 | I78: MC1E4EKA2SP014274 | J78: D71063383 | K78: T-1 | L78: 30-10-2024 | M78: 1165 | N78: 23-06-2025 | O78: 20200 | R78: 1 | S78: EL2026 | T78: Labour Charges | U78: 1 | V78: 52.5 | W78: Accepted | Y78: - | Z78: 1752292 | AA78: 25-09-2025 | AB78: 61.95 | AC78: 0 | AF78: 61.95
A79: 1010490 | B79: WCI26E000091 | C79: 30-06-2025 | D79: 7134260115223 | E79: W26C00003363 | F79: WAR26E000085 | G79: 02-07-2025 | H79: 31-07-2025 | I79: MC1E4EAA5RP011669 | J79: D71046362 | K79: T-1 | L79: 09-03-2024 | M79: 1165 | N79: 26-06-2025 | O79: 56200 | R79: 1 | S79: EL2026 | T79: Labour Charges | U79: 1 | V79: 52.5 | W79: Accepted | Y79: - | Z79: 1752317 | AA79: 25-09-2025 | AB79: 61.95 | AC79: 0 | AF79: 61.95
A80: 1010492 | B80: WCI26E000060 | C80: 28-06-2025 | D80: 7134260114952 | E80: W26C00003111 | F80: WAR26E000055 | G80: 02-07-2025 | H80: 31-07-2025 | I80: MC1E4DJA3RP048424 | J80: D71040137 | K80: T-1 | L80: 28-11-2023 | M80: 1165 | N80: 20-06-2025 | O80: 35960 | R80: 1 | S80: EL2026 | T80: Labour Charges | U80: 1 | V80: 52.5 | W80: Accepted | Y80: - | Z80: 1752286 | AA80: 25-09-2025 | AB80: 61.95 | AC80: 0 | AF80: 61.95
A81: 1010493 | B81: WCI26E000018 | C81: 28-06-2025 | D81: 7134260114574 | E81: W26C00002809 | F81: WAR26E000013 | G81: 02-07-2025 | H81: 23-07-2025 | I81: MC1E4EKAXRP010712 | J81: D71040328 | K81: T-1 | L81: 21-10-2023 | M81: 1165 | N81: 03-06-2025 | O81: 124610 | R81: 1 | S81: EL2026 | T81: Labour Charges | U81: 1 | V81: 45 | W81: Accepted | Y81: - | Z81: 1752244 | AA81: 25-09-2025 | AB81: 53.1 | AC81: 0 | AF81: 53.1
A82: 1010494 | B82: WCI26E000007 | C82: 28-06-2025 | D82: 7134260114334 | E82: W26C00002630 | F82: WAR26E000002 | G82: 02-07-2025 | H82: 23-07-2025 | I82: MC1E4ECA1SP015608 | J82: D71075838 | K82: T-1 | L82: 10-04-2025 | N82: 04-05-2025 | O82: 1845 | R82: 1 | S82: T006865423817 | T82: VEHICLE SPEED SENSOR | U82: 1 | V82: 290.99 | W82: Accepted | Y82: - | Z82: 1752233 | AA82: 25-09-2025 | AB82: 343.37 | AC82: 0 | AF82: 343.37
A83: 1010494 | B83: WCI26E000007 | C83: 28-06-2025 | D83: 7134260114334 | E83: W26C00002630 | F83: WAR26E000002 | G83: 02-07-2025 | H83: 23-07-2025 | I83: MC1E4ECA1SP015608 | J83: D71075838 | K83: T-1 | L83: 10-04-2025 | N83: 04-05-2025 | O83: 1845 | R83: 2 | S83: ELCO2 | T83: Labour Charges | U83: 1 | V83: 45 | W83: Accepted | Y83: - | Z83: 1752233 | AA83: 25-09-2025 | AB83: 53.1 | AC83: 0 | AF83: 53.1
A84: 1010495 | B84: WCI26E000031 | C84: 28-06-2025 | D84: 7134260114821 | E84: W26C00002999 | F84: WAR26E000026 | G84: 02-07-2025 | H84: 31-07-2025 | I84: MC1E4ECA4PP009311 | J84: D71027353 | K84: T-1 | L84: 28-04-2023 | M84: 1165 | N84: 06-06-2025 | O84: 140700 | R84: 1 | S84: EL2026 | T84: Labour Charges | U84: 1 | V84: 52.5 | W84: Accepted | Y84: - | Z84: 1752257 | AA84: 25-09-2025 | AB84: 61.95 | AC84: 0 | AF84: 61.95
A85: 1010496 | B85: WCI26E000050 | C85: 28-06-2025 | D85: 7134260114938 | E85: W26C00003097 | F85: WAR26E000044 | G85: 02-07-2025 | H85: 31-07-2025 | I85: MC1E4EFA5PP009796 | J85: D71032748 | K85: T-1 | L85: 27-06-2023 | M85: 1160 | N85: 12-06-2025 | O85: 81100 | R85: 1 | S85: EL2026 | T85: Labour Charges | U85: 1 | V85: 52.5 | W85: Accepted | Y85: - | Z85: 1752276 | AA85: 25-09-2025 | AB85: 61.95 | AC85: 0 | AF85: 61.95
A86: 1010497 | B86: WCI26E000090 | C86: 30-06-2025 | D86: 7134260115224 | E86: W26C00003364 | F86: WAR26E000086 | G86: 02-07-2025 | H86: 31-07-2025 | I86: MC1E4EAA5RP011672 | J86: D71046345 | K86: T-1 | L86: 09-03-2024 | M86: 1165 | N86: 26-06-2025 | O86: 53120 | R86: 1 | S86: EL2026 | T86: Labour Charges | U86: 1 | V86: 52.5 | W86: Accepted | Y86: - | Z86: 1752316 | AA86: 25-09-2025 | AB86: 61.95 | AC86: 0 | AF86: 61.95
A87: 1010498 | B87: WCI26E000099 | C87: 30-06-2025 | D87: 7134260115232 | E87: W26C00003372 | F87: WAR26E000094 | G87: 02-07-2025 | H87: 31-07-2025 | I87: MC1E4BJA6RP009072 | J87: D71039961 | K87: T-1 | L87: 23-03-2024 | M87: 1165 | N87: 26-06-2025 | O87: 29920 | R87: 1 | S87: EL2026 | T87: Labour Charges | U87: 1 | V87: 52.5 | W87: Accepted | Y87: - | Z87: 1752325 | AA87: 25-09-2025 | AB87: 61.95 | AC87: 0 | AF87: 61.95
A88: 1010499 | B88: WCI26E000013 | C88: 28-06-2025 | D88: 7134260114569 | E88: W26C00002804 | F88: WAR26E000008 | G88: 02-07-2025 | H88: 23-07-2025 | I88: MC1E4EJA6RP010627 | J88: D71039725 | K88: T-1 | L88: 17-10-2023 | M88: 1165 | N88: 03-06-2025 | O88: 43710 | R88: 1 | S88: EL2026 | T88: Labour Charges | U88: 1 | V88: 45 | W88: Accepted | Y88: - | Z88: 1752239 | AA88: 25-09-2025 | AB88: 53.1 | AC88: 0 | AF88: 53.1
A89: 1010501 | B89: WCI26E000058 | C89: 28-06-2025 | D89: 7134260114950 | E89: W26C00003109 | F89: WAR26E000053 | G89: 02-07-2025 | H89: 31-07-2025 | I89: MC1E4BHA0RP009011 | J89: D71038967 | K89: T-1 | L89: 27-11-2023 | M89: 1165 | N89: 20-06-2025 | O89: 29920 | R89: 1 | S89: EL2026 | T89: Labour Charges | U89: 1 | V89: 52.5 | W89: Accepted | Y89: - | Z89: 1752284 | AA89: 25-09-2025 | AB89: 61.95 | AC89: 0 | AF89: 61.95
A90: 1010504 | B90: WCI26E000010 | C90: 28-06-2025 | D90: 7134260114372 | E90: W26C00002667 | F90: WAR26E000005 | G90: 02-07-2025 | H90: 25-07-2025 | I90: MC1E4CAA9SP083694 | J90: D71069528 | K90: T-1 | L90: 23-03-2025 | N90: 04-05-2025 | O90: 1779 | R90: 1 | S90: VT8 | T90: Labour Charges | U90: 1 | V90: 1200 | W90: Accepted | Y90: - | Z90: 1752236 | AA90: 25-09-2025 | AB90: 1416 | AC90: 0 | AF90: 1416 | AI90: 394 kms x 10rs = 3940 rs
A91: 1010504 | B91: WCI26E000010 | C91: 28-06-2025 | D91: 7134260114372 | E91: W26C00002667 | F91: WAR26E000005 | G91: 02-07-2025 | H91: 25-07-2025 | I91: MC1E4CAA9SP083694 | J91: D71069528 | K91: T-1 | L91: 23-03-2025 | N91: 04-05-2025 | O91: 1779 | R91: 2 | S91: VT9-200 KM | T91: Labour Charges | U91: 1 | V91: 1500 | W91: Accepted | Y91: - | Z91: 1752236 | AA91: 25-09-2025 | AB91: 1770 | AC91: 0 | AF91: 1770 | AI91: 394 kms x 10rs = 3940 rs
A92: 1010506 | B92: WCI26E000100 | C92: 30-06-2025 | D92: 7134260115233 | E92: W26C00003373 | F92: WAR26E000095 | G92: 02-07-2025 | H92: 31-07-2025 | I92: MC1E4EBA7RP011896 | J92: D71048169 | K92: T-1 | L92: 28-03-2024 | M92: 1165 | N92: 26-06-2025 | O92: 17120 | R92: 1 | S92: EL2026 | T92: Labour Charges | U92: 1 | V92: 52.5 | W92: Accepted | Y92: - | Z92: 1752326 | AA92: 25-09-2025 | AB92: 61.95 | AC92: 0 | AF92: 61.95
A93: 1010508 | B93: WCI26E000027 | C93: 28-06-2025 | D93: 7134260114816 | E93: W26C00002995 | F93: WAR26E000022 | G93: 02-07-2025 | H93: 31-07-2025 | I93: MC1E4DCA3PP044948 | J93: D71028191 | K93: T-1 | L93: 15-04-2023 | M93: 1165 | N93: 06-06-2025 | O93: 16600 | R93: 1 | S93: EL2026 | T93: Labour Charges | U93: 1 | V93: 52.5 | W93: Accepted | Y93: - | Z93: 1752253 | AA93: 25-09-2025 | AB93: 61.95 | AC93: 0 | AF93: 61.95
A94: 1010512 | B94: WCI26E000029 | C94: 28-06-2025 | D94: 7134260114818 | E94: W26C00002997 | F94: WAR26E000024 | G94: 02-07-2025 | H94: 31-07-2025 | I94: MC1E4DCA1PP045015 | J94: D71028058 | K94: T-1 | L94: 19-04-2023 | M94: 1165 | N94: 06-06-2025 | O94: 10500 | R94: 1 | S94: EL2026 | T94: Labour Charges | U94: 1 | V94: 52.5 | W94: Accepted | Y94: - | Z94: 1752255 | AA94: 25-09-2025 | AB94: 61.95 | AC94: 0 | AF94: 61.95
A95: 1010514 | B95: WCI26E000062 | C95: 28-06-2025 | D95: 7134260114954 | E95: W26C00003113 | F95: WAR26E000057 | G95: 02-07-2025 | H95: 31-07-2025 | I95: MC1E4EKA0RP010752 | J95: D71040644 | K95: T-1 | L95: 15-12-2023 | M95: 1165 | N95: 20-06-2025 | O95: 137020 | R95: 1 | S95: EL2026 | T95: Labour Charges | U95: 1 | V95: 52.5 | W95: Accepted | Y95: - | Z95: 1752288 | AA95: 25-09-2025 | AB95: 61.95 | AC95: 0 | AF95: 61.95
A96: 1010515 | B96: WCI26E000030 | C96: 28-06-2025 | D96: 7134260114819 | E96: W26C00002998 | F96: WAR26E000025 | G96: 02-07-2025 | H96: 31-07-2025 | I96: MC1E4ECA8PP009392 | J96: D71028489 | K96: T-1 | L96: 28-04-2023 | M96: 1165 | N96: 06-06-2025 | O96: 90800 | R96: 1 | S96: EL2026 | T96: Labour Charges | U96: 1 | V96: 52.5 | W96: Accepted | Y96: - | Z96: 1752256 | AA96: 25-09-2025 | AB96: 61.95 | AC96: 0 | AF96: 61.95
A97: 1010518 | B97: WCI26E000020 | C97: 28-06-2025 | D97: 7134260114576 | E97: W26C00002811 | F97: WAR26E000015 | G97: 02-07-2025 | H97: 23-07-2025 | I97: MC1E4DJA0RP048431 | J97: D71039918 | K97: T-1 | L97: 24-10-2023 | M97: 1165 | N97: 03-06-2025 | O97: 84111 | R97: 1 | S97: EL2026 | T97: Labour Charges | U97: 1 | V97: 45 | W97: Accepted | Y97: - | Z97: 1752246 | AA97: 25-09-2025 | AB97: 53.1 | AC97: 0 | AF97: 53.1
A98: 1010521 | B98: WCI26E000026 | C98: 28-06-2025 | D98: 7134260114815 | E98: W26C00002994 | F98: WAR26E000021 | G98: 02-07-2025 | H98: 31-07-2025 | I98: MC1E4DCA4PP044814 | J98: D71027315 | K98: T-1 | L98: 31-03-2023 | M98: 1165 | N98: 06-06-2025 | O98: 161110 | R98: 1 | S98: EL2026 | T98: Labour Charges | U98: 1 | V98: 52.5 | W98: Accepted | Y98: - | Z98: 1752252 | AA98: 25-09-2025 | AB98: 61.95 | AC98: 0 | AF98: 61.95
A99: 1010522 | B99: WCI26E000037 | C99: 28-06-2025 | D99: 7134260114916 | E99: W26C00003075 | F99: WAR26E000032 | G99: 02-07-2025 | H99: 31-07-2025 | I99: MC1E4DCAXPP045000 | J99: D71028118 | K99: T-1 | L99: 10-05-2023 | M99: 1165 | N99: 12-06-2025 | O99: 27300 | R99: 1 | S99: EL2026 | T99: Labour Charges | U99: 1 | V99: 52.5 | W99: Accepted | Y99: - | Z99: 1752263 | AA99: 25-09-2025 | AB99: 61.95 | AC99: 0 | AF99: 61.95
A100: 1010523 | B100: WCI26E000023 | C100: 28-06-2025 | D100: 7134260114579 | E100: W26C00002814 | F100: WAR26E000018 | G100: 02-07-2025 | H100: 31-07-2025 | I100: MC1E4CJA9RP075928 | J100: D71039590 | K100: T-1 | L100: 27-10-2023 | M100: 1165 | N100: 03-06-2025 | O100: 3114 | R100: 1 | S100: EL2026 | T100: Labour Charges | U100: 1 | V100: 45 | W100: Accepted | Y100: - | Z100: 1752249 | AA100: 25-09-2025 | AB100: 53.1 | AC100: 0 | AF100: 53.1
A101: 1010525 | B101: WCI26E000059 | C101: 28-06-2025 | D101: 7134260114951 | E101: W26C00003110 | F101: WAR26E000054 | G101: 02-07-2025 | H101: 31-07-2025 | I101: MC1E4DJAXRP048338 | J101: D71040051 | K101: T-1 | L101: 28-11-2023 | M101: 1165 | N101: 20-06-2025 | O101: 11102 | R101: 1 | S101: EL2026 | T101: Labour Charges | U101: 1 | V101: 52.5 | W101: Accepted | Y101: - | Z101: 1752285 | AA101: 25-09-2025 | AB101: 61.95 | AC101: 0 | AF101: 61.95
A102: 1010526 | B102: WCI26E000094 | C102: 30-06-2025 | D102: 7134260115227 | E102: W26C00003367 | F102: WAR26E000089 | G102: 02-07-2025 | H102: 31-07-2025 | I102: MC1E4DAA9RP050419 | J102: D71045974 | K102: T-1 | L102: 15-03-2024 | M102: 1165 | N102: 26-06-2025 | O102: 13200 | R102: 1 | S102: EL2026 | T102: Labour Charges | U102: 1 | V102: 52.5 | W102: Accepted | Y102: - | Z102: 1752320 | AA102: 25-09-2025 | AB102: 61.95 | AC102: 0 | AF102: 61.95
A103: 1010527 | B103: WCI26E000011 | C103: 28-06-2025 | D103: 7134260114567 | E103: W26C00002802 | F103: WAR26E000006 | G103: 02-07-2025 | H103: 23-07-2025 | I103: MC1E4EJA1RP010602 | J103: D71039527 | K103: T-1 | L103: 12-10-2023 | M103: 1165 | N103: 03-06-2025 | O103: 70100 | R103: 1 | S103: EL2026 | T103: Labour Charges | U103: 1 | V103: 45 | W103: Accepted | Y103: - | Z103: 1752237 | AA103: 25-09-2025 | AB103: 53.1 | AC103: 0 | AF103: 53.1
... A105: 1010532 | B105: WCI26E000078 | C105: 28-06-2025 | D105: 7134260114975 | E105: W26C00003134 | F105: WAR26E000073 | G105: 02-07-2025 | H105: 31-07-2025 | I105: MC1E4EEAXPP009682 | J105: D71031955 | K105: T-1 | L105: 31-05-2023 | M105: 1165 | N105: 23-06-2025 | O105: 198523 | R105: 1 | S105: EL2026 | T105: Labour Charges | U105: 1 | V105: 52.5 | W105: Accepted | Y105: - | Z105: 1752304 | AA105: 25-09-2025 | AB105: 61.95 | AC105: 0 | AF105: 61.95
A106: 1011281 | B106: WCI26E000104 | C106: 31-07-2025 | D106: 7134260116171 | E106: W26C00004156 | F106: WAR26E000099 | G106: 04-08-2025 | H106: 30-09-2025 | I106: MC1E4CAAXSP083574 | J106: D71069315 | K106: T-1 | L106: 23-03-2025 | N106: 22-07-2025 | O106: 31101 | R106: 1 | S106: XFOIL00016 | T106: COOLANT BS6 | U106: 8 | V106: 3216 | W106: Rejected | X106: 29 | Y106: THIS PART IS NOT COVERED UNDER WARRANTY. | Z106: 1754009 | AA106: 03-12-2025 | AB106: 3794.88 | AC106: 3794.88 | AD106: 1517834 | AE106: 03-12-2025 | AF106: 0
A107: 1011281 | B107: WCI26E000104 | C107: 31-07-2025 | D107: 7134260116171 | E107: W26C00004156 | F107: WAR26E000099 | G107: 04-08-2025 | H107: 30-09-2025 | I107: MC1E4CAAXSP083574 | J107: D71069315 | K107: T-1 | L107: 23-03-2025 | N107: 22-07-2025 | O107: 31101 | R107: 2 | S107: T006865007003 | T107: RADIATOR ASLY | U107: 1 | V107: 8496.56 | W107: Accepted | Y107: - | Z107: 1754009 | AA107: 03-12-2025 | AB107: 10875.6 | AC107: 0 | AF107: 10875.6
A108: 1011281 | B108: WCI26E000104 | C108: 31-07-2025 | D108: 7134260116171 | E108: W26C00004156 | F108: WAR26E000099 | G108: 04-08-2025 | H108: 30-09-2025 | I108: MC1E4CAAXSP083574 | J108: D71069315 | K108: T-1 | L108: 23-03-2025 | N108: 22-07-2025 | O108: 31101 | R108: 3 | S108: ENCOL-6 | T108: Labour Charges | U108: 1 | V108: 245 | W108: Accepted | Y108: - | Z108: 1754009 | AA108: 03-12-2025 | AB108: 289.1 | AC108: 0 | AF108: 289.1
A109: 1011359 | B109: WCI26E000106 | C109: 31-07-2025 | D109: 7134260116203 | E109: W26C00004188 | F109: WAR26E000101 | G109: 06-08-2025 | H109: 30-09-2025 | I109: MC1D4DJA7SP105502 | J109: D72016937 | K109: TRAX | L109: 21-10-2024 | M109: 1165 | N109: 22-07-2025 | O109: 49246 | R109: 1 | S109: B008544900021 | T109: DOSING MODULE (WATER | U109: 1 | V109: 6622.76 | W109: Accepted | Y109: - | Z109: 1754011 | AA109: 03-12-2025 | AB109: 8477.13 | AC109: 0 | AF109: 8477.13
A110: 1011359 | B110: WCI26E000106 | C110: 31-07-2025 | D110: 7134260116203 | E110: W26C00004188 | F110: WAR26E000101 | G110: 06-08-2025 | H110: 30-09-2025 | I110: MC1D4DJA7SP105502 | J110: D72016937 | K110: TRAX | L110: 21-10-2024 | M110: 1165 | N110: 22-07-2025 | O110: 49246 | R110: 2 | S110: EXH-13 | T110: Labour Charges | U110: 1 | V110: 52.5 | W110: Accepted | Y110: - | Z110: 1754011 | AA110: 03-12-2025 | AB110: 61.95 | AC110: 0 | AF110: 61.95
A111: 1011754 | B111: WCI26E000110 | C111: 31-08-2025 | D111: 7134260117124 | E111: W26C00004952 | F111: WAR26E000110 | G111: 03-09-2025 | H111: 11-09-2025 | I111: MC1E4DAA2RP050262 | J111: D71045470 | K111: T-1 | L111: 31-03-2024 | M111: 1165 | N111: 02-07-2025 | O111: 14520 | R111: 1 | S111: EL2026 | T111: Labour Charges | U111: 1 | V111: 52.5 | W111: Accepted | Y111: - | Z111: 1754015 | AA111: 03-12-2025 | AB111: 61.95 | AC111: 0 | AF111: 61.95
A112: 1011757 | B112: WCI26E000114 | C112: 31-08-2025 | D112: 7134260117128 | E112: W26C00004956 | F112: WAR26E000114 | G112: 03-09-2025 | H112: 11-09-2025 | I112: MC1E4DMA4RP049769 | J112: D71043633 | K112: T-1 | L112: 31-03-2024 | M112: 1165 | N112: 02-07-2025 | O112: 49920 | R112: 1 | S112: EL2026 | T112: Labour Charges | U112: 1 | V112: 52.5 | W112: Accepted | Y112: - | Z112: 1754019 | AA112: 03-12-2025 | AB112: 61.95 | AC112: 0 | AF112: 61.95
A113: 1011758 | B113: WCI26E000135 | C113: 31-08-2025 | D113: 7134260117155 | E113: W26C00004981 | F113: WAR26E000135 | G113: 03-09-2025 | H113: 11-09-2025 | I113: MC1E4EKA4SP014275 | J113: D71063275 | K113: T-1 | L113: 29-10-2024 | M113: 1165 | N113: 16-07-2025 | O113: 41920 | R113: 1 | S113: EL2026 | T113: Labour Charges | U113: 1 | V113: 52.5 | W113: Accepted | Y113: - | Z113: 1754040 | AA113: 03-12-2025 | AB113: 61.95 | AC113: 0 | AF113: 61.95
A114: 1011770 | B114: WCI26E000119 | C114: 31-08-2025 | D114: 7134260117133 | E114: W26C00004961 | F114: WAR26E000119 | G114: 08-09-2025 | H114: 11-09-2025 | I114: MC1E4DAA0RP050289 | J114: D71045580 | K114: T-1 | L114: 20-04-2024 | M114: 1165 | N114: 03-07-2025 | O114: 6200 | R114: 1 | S114: EL2026 | T114: Labour Charges | U114: 1 | V114: 52.5 | W114: Accepted | Y114: - | Z114: 1754024 | AA114: 03-12-2025 | AB114: 61.95 | AC114: 0 | AF114: 61.95
A115: 1011776 | B115: WCI26E000111 | C115: 31-08-2025 | D115: 7134260117125 | E115: W26C00004953 | F115: WAR26E000111 | G115: 08-09-2025 | H115: 11-09-2025 | I115: MC1E4DBA4RP051007 | J115: D71047578 | K115: T-1 | L115: 18-04-2024 | M115: 1165 | N115: 02-07-2025 | O115: 7120 | R115: 1 | S115: EL2026 | T115: Labour Charges | U115: 1 | V115: 52.5 | W115: Accepted | Y115: - | Z115: 1754016 | AA115: 03-12-2025 | AB115: 61.95 | AC115: 0 | AF115: 61.95
A116: 1011779 | B116: WCI26E000158 | C116: 31-08-2025 | D116: 7134260117180 | E116: W26C00005006 | F116: WAR26E000158 | G116: 08-09-2025 | H116: 11-09-2025 | I116: MC1E4EHAXRP010300 | J116: D71037063 | K116: T-1 | L116: 19-08-2023 | M116: 1160 | N116: 31-07-2025 | O116: 72100 | R116: 1 | S116: EL2026 | T116: Labour Charges | U116: 1 | V116: 52.5 | W116: Accepted | Y116: - | Z116: 1754063 | AA116: 03-12-2025 | AB116: 61.95 | AC116: 0 | AF116: 61.95
A117: 1011781 | B117: WCI26E000120 | C117: 31-08-2025 | D117: 7134260117134 | E117: W26C00004962 | F117: WAR26E000120 | G117: 03-09-2025 | H117: 11-09-2025 | I117: MC1E4DBA7RP051373 | J117: D71048762 | K117: T-1 | L117: 25-04-2024 | M117: 1165 | N117: 03-07-2025 | O117: 13200 | R117: 1 | S117: EL2026 | T117: Labour Charges | U117: 1 | V117: 52.5 | W117: Accepted | Y117: - | Z117: 1754025 | AA117: 03-12-2025 | AB117: 61.95 | AC117: 0 | AF117: 61.95
A118: 1011786 | B118: WCI26E000127 | C118: 31-08-2025 | D118: 7134260117147 | E118: W26C00004973 | F118: WAR26E000127 | G118: 03-09-2025 | H118: 11-09-2025 | I118: MC1E4EEAXPP009682 | J118: D71031955 | K118: T-1 | L118: 31-05-2023 | M118: 1165 | N118: 03-07-2025 | O118: 199645 | R118: 1 | S118: EL2026 | T118: Labour Charges | U118: 1 | V118: 52.5 | W118: Accepted | Y118: - | Z118: 1754032 | AA118: 03-12-2025 | AB118: 61.95 | AC118: 0 | AF118: 61.95
A119: 1011790 | B119: WCI26E000133 | C119: 31-08-2025 | D119: 7134260117153 | E119: W26C00004979 | F119: WAR26E000133 | G119: 03-09-2025 | H119: 11-09-2025 | I119: MC1E4DJA2SP054625 | J119: D71062702 | K119: T-1 | L119: 28-10-2024 | M119: 1160 | N119: 16-07-2025 | O119: 27230 | R119: 1 | S119: EL2026 | T119: Labour Charges | U119: 1 | V119: 52.5 | W119: Accepted | Y119: - | Z119: 1754038 | AA119: 03-12-2025 | AB119: 61.95 | AC119: 0 | AF119: 61.95
A120: 1011791 | B120: WCI26E000143 | C120: 31-08-2025 | D120: 7134260117165 | E120: W26C00004991 | F120: WAR26E000143 | G120: 03-09-2025 | H120: 11-09-2025 | I120: MC1E4EFA5RP013219 | J120: D71056637 | K120: T-1 | L120: 12-07-2024 | M120: 1165 | N120: 24-07-2025 | O120: 64520 | R120: 1 | S120: EL2026 | T120: Labour Charges | U120: 1 | V120: 52.5 | W120: Accepted | Y120: - | Z120: 1754048 | AA120: 03-12-2025 | AB120: 61.95 | AC120: 0 | AF120: 61.95
... A160: 1012507 | B160: WCI26E000165 | C160: 30-09-2025 | D160: 7134260116984 | E160: W26C00004828 | F160: WAR26E000109 | G160: 07-10-2025 | H160: 11-11-2025 | I160: MC1E4ECA7SP015645 | J160: D71075726 | K160: T-1 | L160: 22-03-2025 | M160: 1165 | N160: 29-07-2025 | O160: 20325 | R160: 1 | S160: B001245400244 | T160: LEVEL SENSOR | U160: 1 | V160: 1686.21 | W160: Accepted | Y160: - | Z160: 1755734 | AA160: 23-01-2026 | AB160: 1989.73 | AC160: 0 | AF160: 1989.73
A161: 1012512 | B161: WCI26E000169 | C161: 30-09-2025 | D161: 7134260117754 | E161: W26C00005476 | F161: WAR26E000166 | G161: 07-10-2025 | H161: 11-11-2025 | I161: MC1E4CBAXSP085081 | J161: D71071633 | K161: T-1 | L161: 24-03-2025 | N161: 10-08-2025 | O161: 30400 | R161: 1 | S161: B008082001123 | T161: VISCOUS FAN ASLY DIA | U161: 1 | V161: 2709.18 | W161: Accepted | Y161: - | Z161: 1755738 | AA161: 23-01-2026 | AB161: 3196.83 | AC161: 0 | AF161: 3196.83
A162: 1012512 | B162: WCI26E000169 | C162: 30-09-2025 | D162: 7134260117754 | E162: W26C00005476 | F162: WAR26E000166 | G162: 07-10-2025 | H162: 11-11-2025 | I162: MC1E4CBAXSP085081 | J162: D71071633 | K162: T-1 | L162: 24-03-2025 | N162: 10-08-2025 | O162: 30400 | R162: 2 | S162: T006865007003 | T162: RADIATOR ASLY | U162: 1 | V162: 8496.56 | W162: Accepted | Y162: - | Z162: 1755738 | AA162: 23-01-2026 | AB162: 10025.94 | AC162: 0 | AF162: 10025.94
A163: 1012512 | B163: WCI26E000169 | C163: 30-09-2025 | D163: 7134260117754 | E163: W26C00005476 | F163: WAR26E000166 | G163: 07-10-2025 | H163: 11-11-2025 | I163: MC1E4CBAXSP085081 | J163: D71071633 | K163: T-1 | L163: 24-03-2025 | N163: 10-08-2025 | O163: 30400 | R163: 3 | S163: ENCOL-6 | T163: Labour Charges | U163: 1 | V163: 245 | W163: Accepted | Y163: - | Z163: 1755738 | AA163: 23-01-2026 | AB163: 289.1 | AC163: 0 | AF163: 289.1
A164: 1012512 | B164: WCI26E000169 | C164: 30-09-2025 | D164: 7134260117754 | E164: W26C00005476 | F164: WAR26E000166 | G164: 07-10-2025 | H164: 11-11-2025 | I164: MC1E4CBAXSP085081 | J164: D71071633 | K164: T-1 | L164: 24-03-2025 | N164: 10-08-2025 | O164: 30400 | R164: 4 | S164: ENCOL-11 | T164: Labour Charges | U164: 1 | V164: 131.25 | W164: Accepted | Y164: - | Z164: 1755738 | AA164: 23-01-2026 | AB164: 154.88 | AC164: 0 | AF164: 154.88
A165: 1012532 | B165: WCI26E000162 | C165: 30-09-2025 | D165: 7134260116770 | E165: W26C00004645 | F165: WAR26E000105 | G165: 07-10-2025 | H165: 11-11-2025 | I165: MC1E4CAA4SP084672 | J165: D71069503 | K165: T-1 | L165: 25-03-2025 | N165: 01-07-2025 | O165: 18842 | R165: 1 | S165: T006868200541 | T165: WIPER LINKAGE | U165: 1 | V165: 400.73 | W165: Accepted | Y165: - | Z165: 1755732 | AA165: 23-01-2026 | AB165: 472.86 | AC165: 0 | AF165: 472.86
A166: 1012532 | B166: WCI26E000162 | C166: 30-09-2025 | D166: 7134260116770 | E166: W26C00004645 | F166: WAR26E000105 | G166: 07-10-2025 | H166: 11-11-2025 | I166: MC1E4CAA4SP084672 | J166: D71069503 | K166: T-1 | L166: 25-03-2025 | N166: 01-07-2025 | O166: 18842 | R166: 2 | S166: BD0801 | T166: Labour Charges | U166: 1 | V166: 166.25 | W166: Accepted | Y166: - | Z166: 1755732 | AA166: 23-01-2026 | AB166: 196.18 | AC166: 0 | AF166: 196.18
A167: 1012537 | B167: WCI26E000161 | C167: 30-09-2025 | D167: 7134260116767 | E167: W26C00004642 | F167: WAR26E000104 | G167: 07-10-2025 | H167: 11-11-2025 | I167: MC1E4CBA9SP086044 | J167: D71073592 | K167: T-1 | L167: 26-03-2025 | N167: 01-07-2025 | O167: 11200 | R167: 1 | S167: T006863200989 | T167: ANTI ROLL BAR LINK A | U167: 1 | V167: 254.06 | W167: Accepted | Y167: - | Z167: 1755731 | AA167: 23-01-2026 | AB167: 299.79 | AC167: 0 | AF167: 299.79
A168: 1012597 | B168: WCI26E000163 | C168: 30-09-2025 | D168: 7134260116981 | E168: W26C00004825 | F168: WAR26E000106 | G168: 08-10-2025 | H168: 11-11-2025 | I168: MC1D4DEA3SP109136 | J168: D72020881 | K168: TRAX | L168: 20-09-2025 | N168: 10-08-2025 | O168: 1160 | R168: 1 | S168: B008544920680 | T168: GASKET V-CLAMP DIA.6 | U168: 1 | V168: 73.97 | W168: Accepted | Y168: - | Z168: 1755733 | AA168: 23-01-2026 | AB168: 87.28 | AC168: 0 | AF168: 87.28
A169: 1012597 | B169: WCI26E000163 | C169: 30-09-2025 | D169: 7134260116981 | E169: W26C00004825 | F169: WAR26E000106 | G169: 08-10-2025 | H169: 11-11-2025 | I169: MC1D4DEA3SP109136 | J169: D72020881 | K169: TRAX | L169: 20-09-2025 | N169: 10-08-2025 | O169: 1160 | R169: 2 | S169: B008544920780 | T169: GASKET V-CLAMP DIA.1 | U169: 2 | V169: 682.78 | W169: Accepted | Y169: - | Z169: 1755733 | AA169: 23-01-2026 | AB169: 805.68 | AC169: 0 | AF169: 805.68
A170: 1012597 | B170: WCI26E000163 | C170: 30-09-2025 | D170: 7134260116981 | E170: W26C00004825 | F170: WAR26E000106 | G170: 08-10-2025 | H170: 11-11-2025 | I170: MC1D4DEA3SP109136 | J170: D72020881 | K170: TRAX | L170: 20-09-2025 | N170: 10-08-2025 | O170: 1160 | R170: 3 | S170: EXH-5 | T170: Labour Charges | U170: 1 | V170: 192.5 | W170: Accepted | Y170: - | Z170: 1755733 | AA170: 23-01-2026 | AB170: 227.15 | AC170: 0 | AF170: 227.15
A171: 1012618 | B171: WCI26E000166 | C171: 30-09-2025 | D171: 7134260117557 | E171: W26C00005314 | F171: WAR26E000161 | G171: 08-10-2025 | H171: 11-11-2025 | I171: MC1D4DHA2SP105462 | J171: D72016887 | K171: TRAX | L171: 16-10-2024 | M171: 1165 | N171: 02-08-2025 | O171: 62998 | R171: 1 | S171: B00808200000101 | T171: WATER PUMP ASSLY WIT | U171: 1 | V171: 3236.86 | W171: Accepted | Y171: - | Z171: 1755735 | AA171: 23-01-2026 | AB171: 3819.49 | AC171: 0 | AF171: 3819.49
A172: 1012618 | B172: WCI26E000166 | C172: 30-09-2025 | D172: 7134260117557 | E172: W26C00005314 | F172: WAR26E000161 | G172: 08-10-2025 | H172: 11-11-2025 | I172: MC1D4DHA2SP105462 | J172: D72016887 | K172: TRAX | L172: 16-10-2024 | M172: 1165 | N172: 02-08-2025 | O172: 62998 | R172: 2 | S172: ENCOL-10 | T172: Labour Charges | U172: 1 | V172: 306.25 | W172: Accepted | Y172: - | Z172: 1755735 | AA172: 23-01-2026 | AB172: 361.38 | AC172: 0 | AF172: 361.38
A173: 1013104 | B173: WCI26E000183 | C173: 03-11-2025 | D173: 7134260119214 | E173: W26C00006722 | F173: WAR26E000177 | G173: 03-11-2025 | H173: 17-12-2025 | I173: MC1E4CAA4SP083554 | J173: D71069609 | K173: T-1 | L173: 23-03-2025 | N173: 23-10-2025 | O173: 49936 | R173: 1 | S173: AC0113 | T173: Labour Charges | U173: 1 | V173: 1400 | W173: Accepted | Y173: - | Z173: Cr note under process | AB173: 1652 | AC173: 0 | AF173: 1652
A174: 1013104 | B174: WCI26E000183 | C174: 03-11-2025 | D174: 7134260119214 | E174: W26C00006722 | F174: WAR26E000177 | G174: 03-11-2025 | H174: 17-12-2025 | I174: MC1E4CAA4SP083554 | J174: D71069609 | K174: T-1 | L174: 23-03-2025 | N174: 23-10-2025 | O174: 49936 | R174: 2 | S174: AC0114 | T174: Labour Charges | U174: 1 | V174: 2800 | W174: Accepted | Y174: - | Z174: Cr note under process | AB174: 3304 | AC174: 0 | AF174: 3304
A175: 1013129 | B175: WCI26E000188 | C175: 03-11-2025 | D175: 7134260119224 | E175: W26C00006731 | F175: WAR26E000182 | G175: 06-11-2025 | H175: 17-12-2025 | I175: MC1E4CAAXSP084658 | J175: D71070288 | K175: T-1 | L175: 23-03-2025 | N175: 29-10-2025 | O175: 47749 | R175: 1 | S175: AC0113 | T175: Labour Charges | U175: 1 | V175: 1400 | W175: Accepted | Y175: - | Z175: Cr note under process | AB175: 1652 | AC175: 0 | AF175: 1652
A176: 1013129 | B176: WCI26E000188 | C176: 03-11-2025 | D176: 7134260119224 | E176: W26C00006731 | F176: WAR26E000182 | G176: 06-11-2025 | H176: 17-12-2025 | I176: MC1E4CAAXSP084658 | J176: D71070288 | K176: T-1 | L176: 23-03-2025 | N176: 29-10-2025 | O176: 47749 | R176: 2 | S176: AC0114 | T176: Labour Charges | U176: 1 | V176: 2800 | W176: Accepted | Y176: - | Z176: Cr note under process | AB176: 3304 | AC176: 0 | AF176: 3304
A177: 1013130 | B177: WCI26E000182 | C177: 03-11-2025 | D177: 7134260119205 | E177: W26C00006714 | F177: WAR26E000176 | G177: 06-11-2025 | H177: 01-12-2025 | I177: MC1E4EKA0SP014533 | J177: D71064560 | K177: T-1 | L177: 28-12-2024 | N177: 26-10-2025 | O177: 43000 | R177: 1 | S177: T006865425418 | T177: NOX SENSOR DOWN STRE | U177: 1 | V177: 12374.27 | W177: Accepted | Y177: - | Z177: Cr note under process | AB177: 14601.64 | AC177: 0 | AF177: 14601.64 | AI177: P229E-08, P229E-91, P229E-85 & P2BAE-09
A178: 1013130 | B178: WCI26E000182 | C178: 03-11-2025 | D178: 7134260119205 | E178: W26C00006714 | F178: WAR26E000176 | G178: 06-11-2025 | H178: 01-12-2025 | I178: MC1E4EKA0SP014533 | J178: D71064560 | K178: T-1 | L178: 28-12-2024 | N178: 26-10-2025 | O178: 43000 | R178: 2 | S178: EX-3 | T178: Labour Charges | U178: 1 | V178: 61.25 | W178: Accepted | Y178: - | Z178: Cr note under process | AB178: 72.28 | AC178: 0 | AF178: 72.28 | AI178: P229E-08, P229E-91, P229E-85 & P2BAE-09
A179: 1013138 | B179: WCI26E000187 | C179: 03-11-2025 | D179: 7134260119223 | E179: W26C00006730 | F179: WAR26E000181 | G179: 06-11-2025 | H179: 17-12-2025 | I179: MC1E4CBA6SP086065 | J179: D71073626 | K179: T-1 | L179: 25-03-2025 | N179: 23-10-2025 | O179: 42610 | R179: 1 | S179: AC0113 | T179: Labour Charges | U179: 1 | V179: 1400 | W179: Accepted | Y179: - | Z179: Cr note under process | AB179: 1652 | AC179: 0 | AF179: 1652
A180: 1013138 | B180: WCI26E000187 | C180: 03-11-2025 | D180: 7134260119223 | E180: W26C00006730 | F180: WAR26E000181 | G180: 06-11-2025 | H180: 17-12-2025 | I180: MC1E4CBA6SP086065 | J180: D71073626 | K180: T-1 | L180: 25-03-2025 | N180: 23-10-2025 | O180: 42610 | R180: 2 | S180: AC0114 | T180: Labour Charges | U180: 1 | V180: 2800 | W180: Accepted | Y180: - | Z180: Cr note under process | AB180: 3304 | AC180: 0 | AF180: 3304
A181: 1013139 | B181: WCI26E000181 | C181: 03-11-2025 | D181: 7134260119196 | E181: W26C00006706 | F181: WAR26E000175 | G181: 06-11-2025 | H181: 01-12-2025 | I181: MC1E4CAA0SP084197 | J181: D71070488 | K181: T-1 | L181: 24-03-2025 | N181: 24-10-2025 | O181: 52283 | R181: 1 | S181: B008082001123 | T181: VISCOUS FAN ASLY DIA | U181: 1 | V181: 2709.18 | W181: Accepted | Y181: - | Z181: Cr note under process | AB181: 3196.83 | AC181: 0 | AF181: 3196.83
A182: 1013139 | B182: WCI26E000181 | C182: 03-11-2025 | D182: 7134260119196 | E182: W26C00006706 | F182: WAR26E000175 | G182: 06-11-2025 | H182: 01-12-2025 | I182: MC1E4CAA0SP084197 | J182: D71070488 | K182: T-1 | L182: 24-03-2025 | N182: 24-10-2025 | O182: 52283 | R182: 2 | S182: T006865860030 | T182: RADIATOR PART KIT - | U182: 1 | V182: 9477.66 | W182: Rejected | X182: 47 | Y182: WRONG PART RECEIVED / CLAIMED | Z182: N/A | AB182: 11183.64 | AC182: 11183.64 | AF182: 0
A183: 1013139 | B183: WCI26E000181 | C183: 03-11-2025 | D183: 7134260119196 | E183: W26C00006706 | F183: WAR26E000175 | G183: 06-11-2025 | H183: 01-12-2025 | I183: MC1E4CAA0SP084197 | J183: D71070488 | K183: T-1 | L183: 24-03-2025 | N183: 24-10-2025 | O183: 52283 | R183: 3 | S183: ENCOL-6 | T183: Labour Charges | U183: 1 | V183: 245 | W183: Accepted | Y183: - | Z183: Cr note under process | AB183: 289.1 | AC183: 0 | AF183: 289.1
A184: 1013144 | B184: WCI26E000184 | C184: 03-11-2025 | D184: 7134260119216 | E184: W26C00006724 | F184: WAR26E000178 | G184: 06-11-2025 | H184: 17-12-2025 | I184: MC1E4CAA5SP084244 | J184: D71069525 | K184: T-1 | L184: 25-03-2025 | N184: 23-10-2025 | O184: 49750 | R184: 1 | S184: AC0113 | T184: Labour Charges | U184: 1 | V184: 1400 | W184: Accepted | Y184: - | Z184: Cr note under process | AB184: 1652 | AC184: 0 | AF184: 1652
A185: 1013144 | B185: WCI26E000184 | C185: 03-11-2025 | D185: 7134260119216 | E185: W26C00006724 | F185: WAR26E000178 | G185: 06-11-2025 | H185: 17-12-2025 | I185: MC1E4CAA5SP084244 | J185: D71069525 | K185: T-1 | L185: 25-03-2025 | N185: 23-10-2025 | O185: 49750 | R185: 2 | S185: AC0114 | T185: Labour Charges | U185: 1 | V185: 2800 | W185: Accepted | Y185: - | Z185: Cr note under process | AB185: 3304 | AC185: 0 | AF185: 3304
A186: 1013145 | B186: WCI26E000191 | C186: 03-11-2025 | D186: 7134260119227 | E186: W26C00006734 | F186: WAR26E000185 | G186: 06-11-2025 | H186: 17-12-2025 | I186: MC1E4CAA4SP084087 | J186: D71070298 | K186: T-1 | L186: 23-03-2025 | N186: 31-10-2025 | O186: 46929 | R186: 1 | S186: AC0113 | T186: Labour Charges | U186: 1 | V186: 1400 | W186: Accepted | Y186: - | Z186: Cr note under process | AB186: 1652 | AC186: 0 | AF186: 1652
A187: 1013145 | B187: WCI26E000191 | C187: 03-11-2025 | D187: 7134260119227 | E187: W26C00006734 | F187: WAR26E000185 | G187: 06-11-2025 | H187: 17-12-2025 | I187: MC1E4CAA4SP084087 | J187: D71070298 | K187: T-1 | L187: 23-03-2025 | N187: 31-10-2025 | O187: 46929 | R187: 2 | S187: AC0114 | T187: Labour Charges | U187: 1 | V187: 2800 | W187: Accepted | Y187: - | Z187: Cr note under process | AB187: 3304 | AC187: 0 | AF187: 3304
A188: 1013146 | B188: WCI26E000178 | C188: 03-11-2025 | D188: 7134260118320 | E188: W26C00005928 | F188: WAR26E000168 | G188: 06-11-2025 | H188: 01-12-2025 | I188: MC1E4CAA0SP084412 | J188: D71069289 | K188: T-1 | L188: 24-03-2025 | N188: 26-08-2025 | O188: 38413 | R188: 1 | S188: T006864300201 | T188: TANDEM MASTER CYL. A | U188: 1 | V188: 3088.77 | W188: Accepted | Y188: - | Z188: Cr note under process | AB188: 3644.75 | AC188: 0 | AF188: 3644.75
A189: 1013146 | B189: WCI26E000178 | C189: 03-11-2025 | D189: 7134260118320 | E189: W26C00005928 | F189: WAR26E000168 | G189: 06-11-2025 | H189: 01-12-2025 | I189: MC1E4CAA0SP084412 | J189: D71069289 | K189: T-1 | L189: 24-03-2025 | N189: 26-08-2025 | O189: 38413 | R189: 2 | S189: ABS-10 | T189: Labour Charges | U189: 1 | V189: 288.75 | W189: Accepted | Y189: - | Z189: Cr note under process | AB189: 340.73 | AC189: 0 | AF189: 340.73
A190: 1013150 | B190: WCI26E000189 | C190: 03-11-2025 | D190: 7134260119225 | E190: W26C00006732 | F190: WAR26E000183 | G190: 06-11-2025 | H190: 17-12-2025 | I190: MC1E4CAA1SP084676 | J190: D71069730 | K190: T-1 | L190: 25-03-2025 | N190: 29-10-2025 | O190: 45551 | R190: 1 | S190: AC0113 | T190: Labour Charges | U190: 1 | V190: 1400 | W190: Accepted | Y190: - | Z190: Cr note under process | AB190: 1652 | AC190: 0 | AF190: 1652
...

Sheet Report
A2: PDI Report
A3: Invoice No. | B3: Settlement Date | C3: Sum of Net Amount | D3: Sum of Debit Amount
A4: SCI25C000040 | B4: 23-Apr-25 | C4: 53336 | D4: 2300
A5: SCI26D000002 | B5: 13-Aug-25 | C5: 1239 | D5: 0
A6: SCI26E000001 | B6: 09-Jul-25 | C6: 8555 | D6: 7250
A7: SCI26E000002 | B7: 09-Jul-25 | C7: 26196 | D7: 0
A8: SCI26E000003 | B8: 09-Jul-25 | C8: 27966 | D8: 0
A9: SCI26E000004 | B9: 09-Jul-25 | C9: 34751 | D9: 0
A10: SCI26E000008 | B10: 20-Aug-25 | C10: 34751 | D10: 0
A11: (blank) | B11: (blank)
A12: SCI26E000009 | B12: 12-Sep-25 | C12: 45489 | D12: 0
A13: SCI26E000011 | B13: 07-Oct-25 | C13: 9912 | D13: 0
A14: SCI26E000012 | B14: 07-Oct-25 | C14: 36108 | D14: 0
A15: SCI26E000013 | B15: 07-Oct-25 | C15: 4484 | D15: 0
A16: SCI26E000017 | B16: 12-Dec-25 | C16: 1357 | D16: 0
A17: SCI26E000018 | B17: 12-Dec-25 | C17: 45371 | D17: 0
A18: SCI26E000019 | B18: 22-Jan-26 | C18: 29205 | D18: 0
A19: SCI26E000022 | B19: 22-Jan-26 | C19: 11151 | D19: 0
A20: SCI26E000023 | B20: 13-Feb-26 | C20: 4071 | D20: 0
A21: SCI26E000024 | B21: 13-Feb-26 | C21: 4071 | D21: 0
A22: SCI26E000025 | B22: 13-Feb-26 | C22: 20532 | D22: 0
A23: Grand Total | C23: 398545 | D23: 9550
A3007: FSC Report
A3008: GST Invoice No. | B3008: Settlement Date | C3008: Sum of Net Amount | D3008: Sum of Debit Amount
A3009: SCI25C000036 | B3009: 15-Apr-25 | C3009: 104371 | D3009: 4390
A3010: SCI25C000039 | B3010: 14-May-25 | C3010: 125965 | D3010: 4400
A3011: SCI26D000001 | B3011: 03-Jul-25 | C3011: 4425 | D3011: 0
A3012: SCI26E000005 | B3012: 02-Jul-25 | C3012: 92217 | D3012: 2250
A3013: SCI26E000006 | B3013: 27-Jun-25 | C3013: 213757 | D3013: 8750
A3014: SCI26E000007 | B3014: 21-Aug-25 | C3014: 159064 | D3014: 3750
A3015: (blank) | B3015: (blank)
A3016: 7134-20250923 | B3016: 23-Sep-25 | C3016: 0 | D3016: 0
A3017: SCI26E000010 | B3017: 23-Sep-25 | C3017: 118295 | D3017: 5320
A3018: SCI26E000014 | B3018: 13-Oct-25 | C3018: 141010 | D3018: 8000
A3019: SCI26E000015 | B3019: 30-Oct-25 | C3019: 10325 | D3019: 500
A3020: SCI26E000016 | B3020: 28-Nov-25 | C3020: 147146 | D3020: 8910
A3021: SCI26E000020 | B3021: 19-Jan-26 | C3021: 118118 | D3021: 6660
A3022: SCI26E000021 | B3022: 19-Jan-26 | C3022: 175820 | D3022: 14910
A3023: SCI26E000026 | B3023: 12-Feb-26 | C3023: 186794 | D3023: 9390
A3024: SCI26E000030 | B3024: 27-Feb-26 | C3024: 131924 | D3024: 16860
A3025: SCI26D000003 | B3025: 12-Feb-26 | C3025: 1475 | D3025: 1250
A3026: SCI26D000004 | B3026: 12-Feb-26 | C3026: 1475 | D3026: 0
A3027: Grand Total | C3027: 1732181 | D3027: 95340
A7605: Warranty Report
A7606: Invoice Number | B7606: Accept Date | C7606: Sum of Actual Credit Amt To dealer (A-B) | D7606: Sum of Dealer Debit Amt (B)
A7607: MWCI25C000012 | B7607: 30-04-2025 | C7607: 33547.87 | D7607: 0
A7608: WCI25C000100 | B7608: 07-04-2025 | C7608: 7104.77 | D7608: 0
A7609: WCI25C000101 | B7609: 07-04-2025 | C7609: 7104.77 | D7609: 0
A7610: WCI25D000007 | B7610: 09-04-2025 | C7610: 518.2 | D7610: 0
A7611: WCI25D000008 | B7611: 09-04-2025 | C7611: 9956.73 | D7611: 0
A7612: WCI25D000009 | B7612: 09-04-2025 | C7612: 15530.55 | D7612: 0
A7613: WCI26C000001 | B7613: 29-05-2025 | C7613: 0 | D7613: 1464.91
A7614: WCI26C000002 | B7614: 29-05-2025 | C7614: 2186.85 | D7614: 0
A7615: WCI26C000003 | B7615: 29-05-2025 | C7615: 4470.63 | D7615: 0
A7616: WCI26C000004 | B7616: 29-05-2025 | C7616: 2765.42 | D7616: 0
A7617: WCI26C000005 | B7617: 29-05-2025 | C7617: 3419.35 | D7617: 0
A7618: WCI26C000006 | B7618: 29-05-2025 | C7618: 2916.44 | D7618: 0
... A7727: WCI26E000106 | B7727: 30-09-2025 | C7727: 8539.08 | D7727: 0
A7728: (blank) | B7728: (blank)
A7729: WCI26D000001 | B7729: 30-09-2025 | C7729: 0 | D7729: 29237.72
A7730: WCI26E000107 | B7730: 30-09-2025 | C7730: 2881.94 | D7730: 0
A7731: WCI26E000108 | B7731: 30-09-2025 | C7731: 5719.86 | D7731: 0
A7732: WCI26E000109 | B7732: 30-09-2025 | C7732: 1446.86 | D7732: 0
A7733: WCI26E000110 | B7733: 11-09-2025 | C7733: 61.95 | D7733: 0
A7734: WCI26E000111 | B7734: 11-09-2025 | C7734: 61.95 | D7734: 0
A7735: WCI26E000112 | B7735: 11-09-2025 | C7735: 61.95 | D7735: 0
A7736: WCI26E000113 | B7736: 11-09-2025 | C7736: 61.95 | D7736: 0
A7737: WCI26E000114 | B7737: 11-09-2025 | C7737: 61.95 | D7737: 0
A7738: WCI26E000115 | B7738: 11-09-2025 | C7738: 61.95 | D7738: 0
A7739: WCI26E000116 | B7739: 11-09-2025 | C7739: 61.95 | D7739: 0
A7740: WCI26E000117 | B7740: 11-09-2025 | C7740: 61.95 | D7740: 0
... A8014: WCI26D000003 | B8014: 27-02-2026 | C8014: 2837.9 | D8014: 0
A8015: Grand Total | C8015: 1028447.6 | D8015: 74756.99
