Workbook
Name Part_Code: 'Spare Part IN'!$D:$D

Sheet HOW TO USE
A2: 1) Fill all Job card details in yellow tab " JOB CARD"
A4: 2) Fill all Purchase part details in green tab " Spare Part IN"
A6: 3) Inventory check - this gives you current spare parts stock
A7: a) go to red tab " Inventory Check".
A8: b) Click on "DATA" on menu bar
A9: c) Click on "Refresh ALL"
A10: d) Print the table under the Spare in Heading - Current parts qty with Rack number given
A12: 4) Daily Reporting
A13: a) Go to the blur coloured "Daily Report" Tab
A14: b) Click on "DATA" on menu bar
A15: c) Click on "Refresh ALL"
A16: d) Copy all data and send on whtsapp group

Sheet Job Card
A1: Job Card Opening Date | B1: Job Card Closing Date | C1: Job Card No | D1: Customer Name | E1: Customer Phone Number | F1: Vehicle number | G1: Vehicle Model | H1: Customer category | I1: Type Of Service | J1: Part Code Issued | K1: Part Description | L1: Part Qty | M1: Part MRP | N1: Part Value | O1: Labour Charges | P1: Electrical Labour | Q1: Outside Labour | R1: Laptop Charges | S1: Deputation | T1: Other charges | U1: Total Labour | V1: GST on Lobour | W1: Invoice No | X1: Total Invoice Value | Y1: Description of Outside Job | Z1: Amount paid for Outside Job | AA1: Day | AB1: Month | AC1: Year | AQ1: Types of service | AS1: Types of service | AT1: Vehicle Category
A2: 21/12/2025 | B2: 46012 | C2: 2051 | D2: THAKUR G PUBLIC SCHOOL NANDGANJ | E2: 7317881004 | F2: UP61BT3894 | G2: T2 | H2: School | I2: Paid | J2: Gulf Force BS VI (6.5L) | K2: =_xlfn.XLOOKUP(Job_Cards[[#This Row],[Part Code Issued]],'Inventory Check'!$A$3:$A$3000,'Inventory Check'!$B$3:$B$3000,"WRONG Code",0) -> Gulf Force BS VI (6.5L) | L2: 1 | M2: 2080 | N2: =M2*L2 -> 2080 | O2: 950 | U2: =SUM(O2:T2) -> 950 | V2: =U2*0.18 -> 171 | X2: =Job_Cards[[#This Row],[GST on Lobour]]+Job_Cards[[#This Row],[Total Labour]]+Job_Cards[[#This Row],[Part Value]] -> 3201 | AA2: =DAY(B2) -> 21 | AB2: =MONTH(B2) -> 12 | AC2: =YEAR(B2) -> 2025 | AQ2: Free Service | AS2: Free Service | AT2: T1
B3: 46012 | I3: =IF(Job_Cards[[#This Row],[Customer Name]]="",I2,"") -> Paid | J3: B008081803210 | K3: =_xlfn.XLOOKUP(Job_Cards[[#This Row],[Part Code Issued]],'Inventory Check'!$A$3:$A$3000,'Inventory Check'!$B$3:$B$3000,"WRONG Code",0) -> Oil Filter | L3: 1 | M3: 359 | N3: =M3*L3 -> 359 | U3: =SUM(O3:T3) -> 0 | V3: =U3*0.18 -> 0 | X3: =Job_Cards[[#This Row],[GST on Lobour]]+Job_Cards[[#This Row],[Total Labour]]+Job_Cards[[#This Row],[Part Value]] -> 359 | AA3: =DAY(B3) -> 21 | AB3: =MONTH(B3) -> 12 | AC3: =YEAR(B3) -> 2025 | AQ3: Paid | AS3: Paid | AT3: T2
B4: 46012 | I4: =IF(Job_Cards[[#This Row],[Customer Name]]="",I3,"") -> Paid | J4: B008080900252 | K4: =_xlfn.XLOOKUP(Job_Cards[[#This Row],[Part Code Issued]],'Inventory Check'!$A$3:$A$3000,'Inventory Check'!$B$3:$B$3000,"WRONG Code",0) -> FUEL FILTER | L4: 1 | M4: 1575 | N4: =M4*L4 -> 1575 | U4: =SUM(O4:T4) -> 0 | V4: =U4*0.18 -> 0 | X4: =Job_Cards[[#This Row],[GST on Lobour]]+Job_Cards[[#This Row],[Total Labour]]+Job_Cards[[#This Row],[Part Value]] -> 1575 | AA4: =DAY(B4) -> 21 | AB4: =MONTH(B4) -> 12 | AC4: =YEAR(B4) -> 2025 | AQ4: Breakdown | AS4: Breakdown | AT4: T3
B5: 46012 | I5: =IF(Job_Cards[[#This Row],[Customer Name]]="",I4,"") -> Paid | J5: Gulf Force AdBlue (20 L) | K5: =_xlfn.XLOOKUP(Job_Cards[[#This Row],[Part Code Issued]],'Inventory Check'!$A$3:$A$3000,'Inventory Check'!$B$3:$B$3000,"WRONG Code",0) -> Gulf Force AdBlue (20 L) | L5: 1 | M5: 1480 | N5: =M5*L5 -> 1480 | U5: =SUM(O5:T5) -> 0 | V5: =U5*0.18 -> 0 | X5: =Job_Cards[[#This Row],[GST on Lobour]]+Job_Cards[[#This Row],[Total Labour]]+Job_Cards[[#This Row],[Part Value]] -> 1480 | AA5: =DAY(B5) -> 21 | AB5: =MONTH(B5) -> 12 | AC5: =YEAR(B5) -> 2025 | AQ5: PDI | AS5: PDI | AT5: Trax
B6: 46012 | I6: =IF(Job_Cards[[#This Row],[Customer Name]]="",I5,"") -> Paid | J6: T006860940280 | K6: =_xlfn.XLOOKUP(Job_Cards[[#This Row],[Part Code Issued]],'Inventory Check'!$A$3:$A$3000,'Inventory Check'!$B$3:$B$3000,"WRONG Code",0) -> AIR FILTER | L6: 1 | M6: 1388 | N6: =M6*L6 -> 1388 | U6: =SUM(O6:T6) -> 0 | V6: =U6*0.18 -> 0 | X6: =Job_Cards[[#This Row],[GST on Lobour]]+Job_Cards[[#This Row],[Total Labour]]+Job_Cards[[#This Row],[Part Value]] -> 1388 | AA6: =DAY(B6) -> 21 | AB6: =MONTH(B6) -> 12 | AC6: =YEAR(B6) -> 2025 | AQ6: Warranty | AS6: Warranty | AT6: Urbania
A7: 21/12/2025 | B7: 46017 | C7: 2052 | D7: SUNBEAM SCHOOL DILDAR NAGAR | E7: 8545824480 | F7: UP61BT3610 | G7: T1 | H7: School | I7: Paid | J7: Gulf Force BS VI (6.5L) | K7: =_xlfn.XLOOKUP(Job_Cards[[#This Row],[Part Code Issued]],'Inventory Check'!$A$3:$A$3000,'Inventory Check'!$B$3:$B$3000,"WRONG Code",0) -> Gulf Force BS VI (6.5L) | L7: 1 | M7: 2080 | N7: =M7*L7 -> 2080 | O7: 850 | U7: =SUM(O7:T7) -> 850 | V7: =U7*0.18 -> 153 | X7: =Job_Cards[[#This Row],[GST on Lobour]]+Job_Cards[[#This Row],[Total Labour]]+Job_Cards[[#This Row],[Part Value]] -> 3083 | AA7: =DAY(B7) -> 26 | AB7: =MONTH(B7) -> 12 | AC7: =YEAR(B7) -> 2025 | AQ7: Counter Sale | AS7: Counter Sale
B8: 46017 | I8: =IF(Job_Cards[[#This Row],[Customer Name]]="",I7,"") -> Paid | J8: B008081803210 | K8: =_xlfn.XLOOKUP(Job_Cards[[#This Row],[Part Code Issued]],'Inventory Check'!$A$3:$A$3000,'Inventory Check'!$B$3:$B$3000,"WRONG Code",0) -> Oil Filter | L8: 1 | M8: 359 | N8: =M8*L8 -> 359 | U8: =SUM(O8:T8) -> 0 | V8: =U8*0.18 -> 0 | X8: =Job_Cards[[#This Row],[GST on Lobour]]+Job_Cards[[#This Row],[Total Labour]]+Job_Cards[[#This Row],[Part Value]] -> 359 | AA8: =DAY(B8) -> 26 | AB8: =MONTH(B8) -> 12 | AC8: =YEAR(B8) -> 2025
A9: 21/12/2025 | B9: 46017 | C9: 2053 | D9: SUNBEAM SCHOOL DILDAR NAGER | E9: 8545824480 | F9: UP61AT9745 | G9: T1 | H9: School | I9: Paid | J9: Gulf Force BS VI (6.5L) | K9: =_xlfn.XLOOKUP(Job_Cards[[#This Row],[Part Code Issued]],'Inventory Check'!$A$3:$A$3000,'Inventory Check'!$B$3:$B$3000,"WRONG Code",0) -> Gulf Force BS VI (6.5L) | L9: 1 | M9: 2080 | N9: =M9*L9 -> 2080 | O9: 850 | U9: =SUM(O9:T9) -> 850 | V9: =U9*0.18 -> 153 | X9: =Job_Cards[[#This Row],[GST on Lobour]]+Job_Cards[[#This Row],[Total Labour]]+Job_Cards[[#This Row],[Part Value]] -> 3083 | AA9: =DAY(B9) -> 26 | AB9: =MONTH(B9) -> 12 | AC9: =YEAR(B9) -> 2025
B10: 46017 | I10: =IF(Job_Cards[[#This Row],[Customer Name]]="",I9,"") -> Paid | J10: B008081803210 | K10: =_xlfn.XLOOKUP(Job_Cards[[#This Row],[Part Code Issued]],'Inventory Check'!$A$3:$A$3000,'Inventory Check'!$B$3:$B$3000,"WRONG Code",0) -> Oil Filter | L10: 1 | M10: 359 | N10: =M10*L10 -> 359 | U10: =SUM(O10:T10) -> 0 | V10: =U10*0.18 -> 0 | X10: =Job_Cards[[#This Row],[GST on Lobour]]+Job_Cards[[#This Row],[Total Labour]]+Job_Cards[[#This Row],[Part Value]] -> 359 | AA10: =DAY(B10) -> 26 | AB10: =MONTH(B10) -> 12 | AC10: =YEAR(B10) -> 2025
B11: 46017 | I11: =IF(Job_Cards[[#This Row],[Customer Name]]="",I10,"") -> Paid | J11: B008080900252 | K11: =_xlfn.XLOOKUP(Job_Cards[[#This Row],[Part Code Issued]],'Inventory Check'!$A$3:$A$3000,'Inventory Check'!$B$3:$B$3000,"WRONG Code",0) -> FUEL FILTER | L11: 1 | M11: 1575 | N11: =M11*L11 -> 1575 | U11: =SUM(O11:T11) -> 0 | V11: =U11*0.18 -> 0 | X11: =Job_Cards[[#This Row],[GST on Lobour]]+Job_Cards[[#This Row],[Total Labour]]+Job_Cards[[#This Row],[Part Value]] -> 1575 | AA11: =DAY(B11) -> 26 | AB11: =MONTH(B11) -> 12 | AC11: =YEAR(B11) -> 2025
A12: 21/12/2025 | B12: 46012 | C12: 2054 | D12: MRP PUBLIC SCHOOL SINGERA MARDAH | E12: 9214250492 | F12: UP61BT6637 | G12: T1 | H12: School | I12: Paid | N12: =M12*L12 -> 0 | P12: 500 | U12: =SUM(O12:T12) -> 500 | V12: =U12*0.18 -> 90 | X12: =Job_Cards[[#This Row],[GST on Lobour]]+Job_Cards[[#This Row],[Total Labour]]+Job_Cards[[#This Row],[Part Value]] -> 590 | AA12: =DAY(B12) -> 21 | AB12: =MONTH(B12) -> 12 | AC12: =YEAR(B12) -> 2025
A13: 23/12/2025 | B13: 46014 | C13: 2055 | D13: SUNBEAM SCHOOL MAHARAJGANJ | E13: 9839174305 | F13: UP61BT6560 | G13: T1 | H13: School | I13: Paid | J13: B008081803210 | K13: =_xlfn.XLOOKUP(Job_Cards[[#This Row],[Part Code Issued]],'Inventory Check'!$A$3:$A$3000,'Inventory Check'!$B$3:$B$3000,"WRONG Code",0) -> Oil Filter | L13: 1 | M13: 359 | N13: =M13*L13 -> 359 | O13: 900 | U13: =SUM(O13:T13) -> 900 | V13: =U13*0.18 -> 162 | X13: =Job_Cards[[#This Row],[GST on Lobour]]+Job_Cards[[#This Row],[Total Labour]]+Job_Cards[[#This Row],[Part Value]] -> 1421 | AA13: =DAY(B13) -> 23 | AB13: =MONTH(B13) -> 12 | AC13: =YEAR(B13) -> 2025
B14: 46014 | I14: =IF(Job_Cards[[#This Row],[Customer Name]]="",I13,"") -> Paid | J14: Gulf Force BS VI (6.5L) | K14: =_xlfn.XLOOKUP(Job_Cards[[#This Row],[Part Code Issued]],'Inventory Check'!$A$3:$A$3000,'Inventory Check'!$B$3:$B$3000,"WRONG Code",0) -> Gulf Force BS VI (6.5L) | L14: 1 | M14: 2080 | N14: =M14*L14 -> 2080 | U14: =SUM(O14:T14) -> 0 | V14: =U14*0.18 -> 0 | X14: =Job_Cards[[#This Row],[GST on Lobour]]+Job_Cards[[#This Row],[Total Labour]]+Job_Cards[[#This Row],[Part Value]] -> 2080 | AA14: =DAY(B14) -> 23 | AB14: =MONTH(B14) -> 12 | AC14: =YEAR(B14) -> 2025
A15: 23/12/2025 | B15: 46014 | C15: 2056 | D15: SUNBEAM SCHOOL DILDAR NAGAR GZP | E15: 7267059150 | F15: UP61AT9814 | G15: T1 | H15: School | I15: Paid | J15: B008081803210 | K15: =_xlfn.XLOOKUP(Job_Cards[[#This Row],[Part Code Issued]],'Inventory Check'!$A$3:$A$3000,'Inventory Check'!$B$3:$B$3000,"WRONG Code",0) -> Oil Filter | L15: 1 | M15: 359 | N15: =M15*L15 -> 359 | O15: 900 | U15: =SUM(O15:T15) -> 900 | V15: =U15*0.18 -> 162 | X15: =Job_Cards[[#This Row],[GST on Lobour]]+Job_Cards[[#This Row],[Total Labour]]+Job_Cards[[#This Row],[Part Value]] -> 1421 | AA15: =DAY(B15) -> 23 | AB15: =MONTH(B15) -> 12 | AC15: =YEAR(B15) -> 2025
B16: 46014 | I16: =IF(Job_Cards[[#This Row],[Customer Name]]="",I15,"") -> Paid | J16: Gulf Force BS VI (6.5L) | K16: =_xlfn.XLOOKUP(Job_Cards[[#This Row],[Part Code Issued]],'Inventory Check'!$A$3:$A$3000,'Inventory Check'!$B$3:$B$3000,"WRONG Code",0) -> Gulf Force BS VI (6.5L) | L16: 1 | M16: 2080 | N16: =M16*L16 -> 2080 | U16: =SUM(O16:T16) -> 0 | V16: =U16*0.18 -> 0 | X16: =Job_Cards[[#This Row],[GST on Lobour]]+Job_Cards[[#This Row],[Total Labour]]+Job_Cards[[#This Row],[Part Value]] -> 2080 | AA16: =DAY(B16) -> 23 | AB16: =MONTH(B16) -> 12 | AC16: =YEAR(B16) -> 2025
B17: 46014 | I17: =IF(Job_Cards[[#This Row],[Customer Name]]="",I16,"") -> Paid | J17: B008080900252 | K17: =_xlfn.XLOOKUP(Job_Cards[[#This Row],[Part Code Issued]],'Inventory Check'!$A$3:$A$3000,'Inventory Check'!$B$3:$B$3000,"WRONG Code",0) -> FUEL FILTER | L17: 1 | M17: 1575 | N17: =M17*L17 -> 1575 | U17: =SUM(O17:T17) -> 0 | V17: =U17*0.18 -> 0 | X17: =Job_Cards[[#This Row],[GST on Lobour]]+Job_Cards[[#This Row],[Total Labour]]+Job_Cards[[#This Row],[Part Value]] -> 1575 | AA17: =DAY(B17) -> 23 | AB17: =MONTH(B17) -> 12 | AC17: =YEAR(B17) -> 2025
A18: 24/12/2025 | B18: 46015 | C18: 2057 | D18: GRUKUL INTER COLLEGE ZAMANIYA | G18: T1 | H18: School | I18: Counter Sale | J18: Gulf Force AdBlue (20 L) | K18: =_xlfn.XLOOKUP(Job_Cards[[#This Row],[Part Code Issued]],'Inventory Check'!$A$3:$A$3000,'Inventory Check'!$B$3:$B$3000,"WRONG Code",0) -> Gulf Force AdBlue (20 L) | L18: 1 | M18: 1480 | N18: =M18*L18 -> 1480 | U18: =SUM(O18:T18) -> 0 | V18: =U18*0.18 -> 0 | X18: =Job_Cards[[#This Row],[GST on Lobour]]+Job_Cards[[#This Row],[Total Labour]]+Job_Cards[[#This Row],[Part Value]] -> 1480 | AA18: =DAY(B18) -> 24 | AB18: =MONTH(B18) -> 12 | AC18: =YEAR(B18) -> 2025
B19: 46015 | I19: =IF(Job_Cards[[#This Row],[Customer Name]]="",I18,"") -> Counter Sale | J19: Gulf Force AdBlue (10) | K19: =_xlfn.XLOOKUP(Job_Cards[[#This Row],[Part Code Issued]],'Inventory Check'!$A$3:$A$3000,'Inventory Check'!$B$3:$B$3000,"WRONG Code",0) -> Gulf Force AdBlue (10) | L19: 1 | M19: 770 | N19: =M19*L19 -> 770 | U19: =SUM(O19:T19) -> 0 | V19: =U19*0.18 -> 0 | X19: =Job_Cards[[#This Row],[GST on Lobour]]+Job_Cards[[#This Row],[Total Labour]]+Job_Cards[[#This Row],[Part Value]] -> 770 | AA19: =DAY(B19) -> 24 | AB19: =MONTH(B19) -> 12 | AC19: =YEAR(B19) -> 2025
B20: 46015 | I20: =IF(Job_Cards[[#This Row],[Customer Name]]="",I19,"") -> Counter Sale | J20: B001809931010 | K20: =_xlfn.XLOOKUP(Job_Cards[[#This Row],[Part Code Issued]],'Inventory Check'!$A$3:$A$3000,'Inventory Check'!$B$3:$B$3000,"WRONG Code",0) -> CLUTCH SPRING | L20: 1 | M20: 17 | N20: =M20*L20 -> 17 | U20: =SUM(O20:T20) -> 0 | V20: =U20*0.18 -> 0 | X20: =Job_Cards[[#This Row],[GST on Lobour]]+Job_Cards[[#This Row],[Total Labour]]+Job_Cards[[#This Row],[Part Value]] -> 17 | AA20: =DAY(B20) -> 24 | AB20: =MONTH(B20) -> 12 | AC20: =YEAR(B20) -> 2025
B21: 46015 | I21: =IF(Job_Cards[[#This Row],[Customer Name]]="",I20,"") -> Counter Sale | J21: B008543220044 | K21: =_xlfn.XLOOKUP(Job_Cards[[#This Row],[Part Code Issued]],'Inventory Check'!$A$3:$A$3000,'Inventory Check'!$B$3:$B$3000,"WRONG Code",0) -> Bumper Rubber | L21: 1 | M21: 142 | N21: =M21*L21 -> 142 | U21: =SUM(O21:T21) -> 0 | V21: =U21*0.18 -> 0 | X21: =Job_Cards[[#This Row],[GST on Lobour]]+Job_Cards[[#This Row],[Total Labour]]+Job_Cards[[#This Row],[Part Value]] -> 142 | AA21: =DAY(B21) -> 24 | AB21: =MONTH(B21) -> 12 | AC21: =YEAR(B21) -> 2025
A22: 25/12/2025 | B22: 46016 | C22: 2058 | D22: PRAMANAND MANORMA DEVI KASHIMABAD | E22: 9415970915 | F22: UP61BT0206 | G22: T1 | H22: School | I22: Paid | J22: Gulf Force BS VI (6.5L) | K22: =_xlfn.XLOOKUP(Job_Cards[[#This Row],[Part Code Issued]],'Inventory Check'!$A$3:$A$3000,'Inventory Check'!$B$3:$B$3000,"WRONG Code",0) -> Gulf Force BS VI (6.5L) | L22: 1 | M22: 2080 | N22: =M22*L22 -> 2080 | O22: 850 | U22: =SUM(O22:T22) -> 850 | V22: =U22*0.18 -> 153 | X22: =Job_Cards[[#This Row],[GST on Lobour]]+Job_Cards[[#This Row],[Total Labour]]+Job_Cards[[#This Row],[Part Value]] -> 3083 | AA22: =DAY(B22) -> 25 | AB22: =MONTH(B22) -> 12 | AC22: =YEAR(B22) -> 2025
B23: 46016 | I23: =IF(Job_Cards[[#This Row],[Customer Name]]="",I22,"") -> Paid | J23: B008081803210 | K23: =_xlfn.XLOOKUP(Job_Cards[[#This Row],[Part Code Issued]],'Inventory Check'!$A$3:$A$3000,'Inventory Check'!$B$3:$B$3000,"WRONG Code",0) -> Oil Filter | L23: 1 | M23: 359 | N23: =M23*L23 -> 359 | U23: =SUM(O23:T23) -> 0 | V23: =U23*0.18 -> 0 | X23: =Job_Cards[[#This Row],[GST on Lobour]]+Job_Cards[[#This Row],[Total Labour]]+Job_Cards[[#This Row],[Part Value]] -> 359 | AA23: =DAY(B23) -> 25 | AB23: =MONTH(B23) -> 12 | AC23: =YEAR(B23) -> 2025
A24: 25/12/2025 | B24: 46016 | C24: 2059 | D24: SHAVITRI BALIKA INTER COLLEGE | E24: 6306615783 | F24: UP67AT6861 | G24: T1 | H24: School | I24: Paid | J24: Fuse | K24: =_xlfn.XLOOKUP(Job_Cards[[#This Row],[Part Code Issued]],'Inventory Check'!$A$3:$A$3000,'Inventory Check'!$B$3:$B$3000,"WRONG Code",0) -> Electric Fuse | L24: 2 | M24: 140 | N24: =M24*L24 -> 280 | O24: 250 | U24: =SUM(O24:T24) -> 250 | V24: =U24*0.18 -> 45 | X24: =Job_Cards[[#This Row],[GST on Lobour]]+Job_Cards[[#This Row],[Total Labour]]+Job_Cards[[#This Row],[Part Value]] -> 575 | AA24: =DAY(B24) -> 25 | AB24: =MONTH(B24) -> 12 | AC24: =YEAR(B24) -> 2025
A25: 25/12/2025 | B25: 46016 | C25: 2060 | D25: LITTE BALLASOME SCHOOL | E25: 9565916094 | F25: UP61CT3487 | G25: Trax | H25: School | I25: Free Service | J25: Gulf Force BS VI (6.5L) | K25: =_xlfn.XLOOKUP(Job_Cards[[#This Row],[Part Code Issued]],'Inventory Check'!$A$3:$A$3000,'Inventory Check'!$B$3:$B$3000,"WRONG Code",0) -> Gulf Force BS VI (6.5L) | L25: 1 | M25: 2080 | N25: =M25*L25 -> 2080 | U25: =SUM(O25:T25) -> 0 | V25: =U25*0.18 -> 0 | X25: =Job_Cards[[#This Row],[GST on Lobour]]+Job_Cards[[#This Row],[Total Labour]]+Job_Cards[[#This Row],[Part Value]] -> 2080 | AA25: =DAY(B25) -> 25 | AB25: =MONTH(B25) -> 12 | AC25: =YEAR(B25) -> 2025
B26: 46016 | I26: =IF(Job_Cards[[#This Row],[Customer Name]]="",I25,"") -> Free Service | J26: B008081803210 | K26: =_xlfn.XLOOKUP(Job_Cards[[#This Row],[Part Code Issued]],'Inventory Check'!$A$3:$A$3000,'Inventory Check'!$B$3:$B$3000,"WRONG Code",0) -> Oil Filter | L26: 1 | M26: 359 | N26: =M26*L26 -> 359 | U26: =SUM(O26:T26) -> 0 | V26: =U26*0.18 -> 0 | X26: =Job_Cards[[#This Row],[GST on Lobour]]+Job_Cards[[#This Row],[Total Labour]]+Job_Cards[[#This Row],[Part Value]] -> 359 | AA26: =DAY(B26) -> 25 | AB26: =MONTH(B26) -> 12 | AC26: =YEAR(B26) -> 2025
A27: 28/12/2025 | B27: 46019 | C27: 2061 | D27: RAGHUNANDAN KUSHANDEV PG COLLEGE | E27: 9415870147 | F27: UP61BT7549 | G27: T1 | H27: School | I27: Paid | J27: T006865864130 | K27: =_xlfn.XLOOKUP(Job_Cards[[#This Row],[Part Code Issued]],'Inventory Check'!$A$3:$A$3000,'Inventory Check'!$B$3:$B$3000,"WRONG Code",0) -> KING PIN SET | L27: 1 | M27: 2438 | N27: =M27*L27 -> 2438 | O27: 2900 | P27: 150 | U27: =SUM(O27:T27) -> 3050 | V27: =U27*0.18 -> 549 | X27: =Job_Cards[[#This Row],[GST on Lobour]]+Job_Cards[[#This Row],[Total Labour]]+Job_Cards[[#This Row],[Part Value]] -> 6037 | AA27: =DAY(B27) -> 28 | AB27: =MONTH(B27) -> 12 | AC27: =YEAR(B27) -> 2025
B28: 46019 | I28: =IF(Job_Cards[[#This Row],[Customer Name]]="",I27,"") -> Paid | J28: GREASE | K28: =_xlfn.XLOOKUP(Job_Cards[[#This Row],[Part Code Issued]],'Inventory Check'!$A$3:$A$3000,'Inventory Check'!$B$3:$B$3000,"WRONG Code",0) -> GREASE | L28: 1 | M28: 555 | N28: =M28*L28 -> 555 | U28: =SUM(O28:T28) -> 0 | V28: =U28*0.18 -> 0 | X28: =Job_Cards[[#This Row],[GST on Lobour]]+Job_Cards[[#This Row],[Total Labour]]+Job_Cards[[#This Row],[Part Value]] -> 555 | AA28: =DAY(B28) -> 28 | AB28: =MONTH(B28) -> 12 | AC28: =YEAR(B28) -> 2025
B29: 46019 | I29: =IF(Job_Cards[[#This Row],[Customer Name]]="",I28,"") -> Paid | J29: B008239970147 | K29: =_xlfn.XLOOKUP(Job_Cards[[#This Row],[Part Code Issued]],'Inventory Check'!$A$3:$A$3000,'Inventory Check'!$B$3:$B$3000,"WRONG Code",0) -> Oil Seal For Fr. Exle | L29: 2 | M29: 85 | N29: =M29*L29 -> 170 | U29: =SUM(O29:T29) -> 0 | V29: =U29*0.18 -> 0 | X29: =Job_Cards[[#This Row],[GST on Lobour]]+Job_Cards[[#This Row],[Total Labour]]+Job_Cards[[#This Row],[Part Value]] -> 170 | AA29: =DAY(B29) -> 28 | AB29: =MONTH(B29) -> 12 | AC29: =YEAR(B29) -> 2025
B30: 46019 | I30: =IF(Job_Cards[[#This Row],[Customer Name]]="",I29,"") -> Paid | J30: T00886330053 | K30: =_xlfn.XLOOKUP(Job_Cards[[#This Row],[Part Code Issued]],'Inventory Check'!$A$3:$A$3000,'Inventory Check'!$B$3:$B$3000,"WRONG Code",0) -> WRONG Code | L30: 1 | M30: 2809 | N30: =M30*L30 -> 2809 | U30: =SUM(O30:T30) -> 0 | V30: =U30*0.18 -> 0 | X30: =Job_Cards[[#This Row],[GST on Lobour]]+Job_Cards[[#This Row],[Total Labour]]+Job_Cards[[#This Row],[Part Value]] -> 2809 | AA30: =DAY(B30) -> 28 | AB30: =MONTH(B30) -> 12 | AC30: =YEAR(B30) -> 2025
B31: 46019 | I31: =IF(Job_Cards[[#This Row],[Customer Name]]="",I30,"") -> Paid | J31: T006869810505 | K31: =_xlfn.XLOOKUP(Job_Cards[[#This Row],[Part Code Issued]],'Inventory Check'!$A$3:$A$3000,'Inventory Check'!$B$3:$B$3000,"WRONG Code",0) -> Taper Roller Bearing | L31: 1 | M31: 450 | N31: =M31*L31 -> 450 | U31: =SUM(O31:T31) -> 0 | V31: =U31*0.18 -> 0 | X31: =Job_Cards[[#This Row],[GST on Lobour]]+Job_Cards[[#This Row],[Total Labour]]+Job_Cards[[#This Row],[Part Value]] -> 450 | AA31: =DAY(B31) -> 28 | AB31: =MONTH(B31) -> 12 | AC31: =YEAR(B31) -> 2025
B32: 46019 | I32: =IF(Job_Cards[[#This Row],[Customer Name]]="",I31,"") -> Paid | J32: 501349 | K32: =_xlfn.XLOOKUP(Job_Cards[[#This Row],[Part Code Issued]],'Inventory Check'!$A$3:$A$3000,'Inventory Check'!$B$3:$B$3000,"WRONG Code",0) -> WRONG Code | L32: 1 | M32: 675 | N32: =M32*L32 -> 675 | U32: =SUM(O32:T32) -> 0 | V32: =U32*0.18 -> 0 | X32: =Job_Cards[[#This Row],[GST on Lobour]]+Job_Cards[[#This Row],[Total Labour]]+Job_Cards[[#This Row],[Part Value]] -> 675 | Z32: 550 | AA32: =DAY(B32) -> 28 | AB32: =MONTH(B32) -> 12 | AC32: =YEAR(B32) -> 2025
B33: 46019 | I33: =IF(Job_Cards[[#This Row],[Customer Name]]="",I32,"") -> Paid | J33: T006865864330 | K33: =_xlfn.XLOOKUP(Job_Cards[[#This Row],[Part Code Issued]],'Inventory Check'!$A$3:$A$3000,'Inventory Check'!$B$3:$B$3000,"WRONG Code",0) -> OIL SEAL KIT | L33: 1 | M33: 492 | N33: =M33*L33 -> 492 | U33: =SUM(O33:T33) -> 0 | V33: =U33*0.18 -> 0 | X33: =Job_Cards[[#This Row],[GST on Lobour]]+Job_Cards[[#This Row],[Total Labour]]+Job_Cards[[#This Row],[Part Value]] -> 492 | AA33: =DAY(B33) -> 28 | AB33: =MONTH(B33) -> 12 | AC33: =YEAR(B33) -> 2025
B34: 46019 | I34: =IF(Job_Cards[[#This Row],[Customer Name]]="",I33,"") -> Paid | J34: Fuse | K34: =_xlfn.XLOOKUP(Job_Cards[[#This Row],[Part Code Issued]],'Inventory Check'!$A$3:$A$3000,'Inventory Check'!$B$3:$B$3000,"WRONG Code",0) -> Electric Fuse | L34: 1 | M34: 80 | N34: =M34*L34 -> 80 | U34: =SUM(O34:T34) -> 0 | V34: =U34*0.18 -> 0 | X34: =Job_Cards[[#This Row],[GST on Lobour]]+Job_Cards[[#This Row],[Total Labour]]+Job_Cards[[#This Row],[Part Value]] -> 80 | AA34: =DAY(B34) -> 28 | AB34: =MONTH(B34) -> 12 | AC34: =YEAR(B34) -> 2025
A35: 29/12/2025 | B35: 46020 | C35: 2062 | D35: G. R. Tour & Travels | E35: 7800392363 | F35: UP61CT1985 | G35: T1 | H35: Taxi | I35: Paid | J35: B008041840025 | K35: =_xlfn.XLOOKUP(Job_Cards[[#This Row],[Part Code Issued]],'Inventory Check'!$A$3:$A$3000,'Inventory Check'!$B$3:$B$3000,"WRONG Code",0) -> FUEL FILTER | L35: 1 | M35: 1060 | N35: =M35*L35 -> 1060 | O35: 850 | U35: =SUM(O35:T35) -> 850 | V35: =U35*0.18 -> 153 | X35: =Job_Cards[[#This Row],[GST on Lobour]]+Job_Cards[[#This Row],[Total Labour]]+Job_Cards[[#This Row],[Part Value]] -> 2063 | AA35: =DAY(B35) -> 29 | AB35: =MONTH(B35) -> 12 | AC35: =YEAR(B35) -> 2025
B36: 46020 | I36: =IF(Job_Cards[[#This Row],[Customer Name]]="",I35,"") -> Paid | J36: B008041840125 | K36: =_xlfn.XLOOKUP(Job_Cards[[#This Row],[Part Code Issued]],'Inventory Check'!$A$3:$A$3000,'Inventory Check'!$B$3:$B$3000,"WRONG Code",0) -> FUEL FILTER | L36: 1 | M36: 711 | N36: =M36*L36 -> 711 | U36: =SUM(O36:T36) -> 0 | V36: =U36*0.18 -> 0 | X36: =Job_Cards[[#This Row],[GST on Lobour]]+Job_Cards[[#This Row],[Total Labour]]+Job_Cards[[#This Row],[Part Value]] -> 711 | AA36: =DAY(B36) -> 29 | AB36: =MONTH(B36) -> 12 | AC36: =YEAR(B36) -> 2025
B37: 46020 | I37: =IF(Job_Cards[[#This Row],[Customer Name]]="",I36,"") -> Paid | J37: B008081803210 | K37: =_xlfn.XLOOKUP(Job_Cards[[#This Row],[Part Code Issued]],'Inventory Check'!$A$3:$A$3000,'Inventory Check'!$B$3:$B$3000,"WRONG Code",0) -> Oil Filter | L37: 1 | M37: 359 | N37: =M37*L37 -> 359 | U37: =SUM(O37:T37) -> 0 | V37: =U37*0.18 -> 0 | X37: =Job_Cards[[#This Row],[GST on Lobour]]+Job_Cards[[#This Row],[Total Labour]]+Job_Cards[[#This Row],[Part Value]] -> 359 | AA37: =DAY(B37) -> 29 | AB37: =MONTH(B37) -> 12 | AC37: =YEAR(B37) -> 2025
B38: 46020 | I38: =IF(Job_Cards[[#This Row],[Customer Name]]="",I37,"") -> Paid | J38: Gulf Force AdBlue (20 L) | K38: =_xlfn.XLOOKUP(Job_Cards[[#This Row],[Part Code Issued]],'Inventory Check'!$A$3:$A$3000,'Inventory Check'!$B$3:$B$3000,"WRONG Code",0) -> Gulf Force AdBlue (20 L) | L38: 1 | M38: 1480 | N38: =M38*L38 -> 1480 | U38: =SUM(O38:T38) -> 0 | V38: =U38*0.18 -> 0 | X38: =Job_Cards[[#This Row],[GST on Lobour]]+Job_Cards[[#This Row],[Total Labour]]+Job_Cards[[#This Row],[Part Value]] -> 1480 | AA38: =DAY(B38) -> 29 | AB38: =MONTH(B38) -> 12 | AC38: =YEAR(B38) -> 2025
B39: 46020 | I39: =IF(Job_Cards[[#This Row],[Customer Name]]="",I38,"") -> Paid | J39: Gulf Force BS VI (6.5L) | K39: =_xlfn.XLOOKUP(Job_Cards[[#This Row],[Part Code Issued]],'Inventory Check'!$A$3:$A$3000,'Inventory Check'!$B$3:$B$3000,"WRONG Code",0) -> Gulf Force BS VI (6.5L) | L39: 1 | M39: 2080 | N39: =M39*L39 -> 2080 | U39: =SUM(O39:T39) -> 0 | V39: =U39*0.18 -> 0 | X39: =Job_Cards[[#This Row],[GST on Lobour]]+Job_Cards[[#This Row],[Total Labour]]+Job_Cards[[#This Row],[Part Value]] -> 2080 | AA39: =DAY(B39) -> 29 | AB39: =MONTH(B39) -> 12 | AC39: =YEAR(B39) -> 2025
A40: 29/12/2025 | B40: 46020 | C40: 2063 | D40: Sunbeem School Dehwal Dildarnagar | E40: 8545824480 | F40: UP61CT2705 | G40: T1 | H40: School | I40: Free Service | J40: Gulf Force BS VI (6.5L) | K40: =_xlfn.XLOOKUP(Job_Cards[[#This Row],[Part Code Issued]],'Inventory Check'!$A$3:$A$3000,'Inventory Check'!$B$3:$B$3000,"WRONG Code",0) -> Gulf Force BS VI (6.5L) | L40: 1 | M40: 2080 | N40: =M40*L40 -> 2080 | U40: =SUM(O40:T40) -> 0 | V40: =U40*0.18 -> 0 | X40: =Job_Cards[[#This Row],[GST on Lobour]]+Job_Cards[[#This Row],[Total Labour]]+Job_Cards[[#This Row],[Part Value]] -> 2080 | AA40: =DAY(B40) -> 29 | AB40: =MONTH(B40) -> 12 | AC40: =YEAR(B40) -> 2025
B41: 46020 | I41: =IF(Job_Cards[[#This Row],[Customer Name]]="",I40,"") -> Free Service | J41: B008081803210 | K41: =_xlfn.XLOOKUP(Job_Cards[[#This Row],[Part Code Issued]],'Inventory Check'!$A$3:$A$3000,'Inventory Check'!$B$3:$B$3000,"WRONG Code",0) -> Oil Filter | L41: 1 | M41: 359 | N41: =M41*L41 -> 359 | U41: =SUM(O41:T41) -> 0 | V41: =U41*0.18 -> 0 | X41: =Job_Cards[[#This Row],[GST on Lobour]]+Job_Cards[[#This Row],[Total Labour]]+Job_Cards[[#This Row],[Part Value]] -> 359 | AA41: =DAY(B41) -> 29 | AB41: =MONTH(B41) -> 12 | AC41: =YEAR(B41) -> 2025
A42: 30/12/2025 | B42: 46021 | C42: 2064 | D42: Shashikant Chourasiya durga chowk ghazipur | E42: 7084503332 | F42: UP61CT1984 | G42: T1 | H42: Others | I42: Paid | J42: B008081803210 | K42: =_xlfn.XLOOKUP(Job_Cards[[#This Row],[Part Code Issued]],'Inventory Check'!$A$3:$A$3000,'Inventory Check'!$B$3:$B$3000,"WRONG Code",0) -> Oil Filter | L42: 1 | M42: 359 | N42: =M42*L42 -> 359 | O42: 650 | R42: 550 | U42: =SUM(O42:T42) -> 1200 | V42: =U42*0.18 -> 216 | X42: =Job_Cards[[#This Row],[GST on Lobour]]+Job_Cards[[#This Row],[Total Labour]]+Job_Cards[[#This Row],[Part Value]] -> 1775 | Z42: 300 | AA42: =DAY(B42) -> 30 | AB42: =MONTH(B42) -> 12 | AC42: =YEAR(B42) -> 2025
B43: 46021 | I43: =IF(Job_Cards[[#This Row],[Customer Name]]="",I42,"") -> Paid | J43: Gulf Force BS VI (6.5L) | K43: =_xlfn.XLOOKUP(Job_Cards[[#This Row],[Part Code Issued]],'Inventory Check'!$A$3:$A$3000,'Inventory Check'!$B$3:$B$3000,"WRONG Code",0) -> Gulf Force BS VI (6.5L) | L43: 1 | M43: 2080 | N43: =M43*L43 -> 2080 | U43: =SUM(O43:T43) -> 0 | V43: =U43*0.18 -> 0 | X43: =Job_Cards[[#This Row],[GST on Lobour]]+Job_Cards[[#This Row],[Total Labour]]+Job_Cards[[#This Row],[Part Value]] -> 2080 | AA43: =DAY(B43) -> 30 | AB43: =MONTH(B43) -> 12 | AC43: =YEAR(B43) -> 2025
A44: 46054 | B44: 46024 | C44: 2065 | D44: BBD Public School Kashmabad Ghazipur | H44: School | I44: Counter Sale | J44: Gulf Force AdBlue (10) | K44: =_xlfn.XLOOKUP(Job_Cards[[#This Row],[Part Code Issued]],'Inventory Check'!$A$3:$A$3000,'Inventory Check'!$B$3:$B$3000,"WRONG Code",0) -> Gulf Force AdBlue (10) | L44: 1 | M44: 770 | N44: =M44*L44 -> 770 | U44: =SUM(O44:T44) -> 0 | V44: =U44*0.18 -> 0 | X44: =Job_Cards[[#This Row],[GST on Lobour]]+Job_Cards[[#This Row],[Total Labour]]+Job_Cards[[#This Row],[Part Value]] -> 770 | AA44: =DAY(B44) -> 2 | AB44: =MONTH(B44) -> 1 | AC44: =YEAR(B44) -> 2026
A45: 46143 | B45: 46028 | C45: 2066 | D45: LNT International School Kashmabad Ghazipur | F45: UP61BT7587 | H45: School | I45: Paid | J45: B008543210050 | K45: =_xlfn.XLOOKUP(Job_Cards[[#This Row],[Part Code Issued]],'Inventory Check'!$A$3:$A$3000,'Inventory Check'!$B$3:$B$3000,"WRONG Code",0) -> Bimetal Bush with Oil-Groove | L45: 4 | M45: 320 | N45: =M45*L45 -> 1280 | O45: 2500 | U45: =SUM(O45:T45) -> 2500 | V45: =U45*0.18 -> 450 | X45: =Job_Cards[[#This Row],[GST on Lobour]]+Job_Cards[[#This Row],[Total Labour]]+Job_Cards[[#This Row],[Part Value]] -> 4230 | AA45: =DAY(B45) -> 6 | AB45: =MONTH(B45) -> 1 | AC45: =YEAR(B45) -> 2026
B46: 46028 | I46: =IF(Job_Cards[[#This Row],[Customer Name]]="",I45,"") -> Paid | J46: A000023022372 | K46: =_xlfn.XLOOKUP(Job_Cards[[#This Row],[Part Code Issued]],'Inventory Check'!$A$3:$A$3000,'Inventory Check'!$B$3:$B$3000,"WRONG Code",0) -> Wheel Joint assly | L46: 1 | M46: 2564 | N46: =M46*L46 -> 2564 | U46: =SUM(O46:T46) -> 0 | V46: =U46*0.18 -> 0 | X46: =Job_Cards[[#This Row],[GST on Lobour]]+Job_Cards[[#This Row],[Total Labour]]+Job_Cards[[#This Row],[Part Value]] -> 2564 | AA46: =DAY(B46) -> 6 | AB46: =MONTH(B46) -> 1 | AC46: =YEAR(B46) -> 2026
B47: 46028 | I47: =IF(Job_Cards[[#This Row],[Customer Name]]="",I46,"") -> Paid | J47: B008563200089 | K47: =_xlfn.XLOOKUP(Job_Cards[[#This Row],[Part Code Issued]],'Inventory Check'!$A$3:$A$3000,'Inventory Check'!$B$3:$B$3000,"WRONG Code",0) -> Link for anti roll bar | L47: 2 | M47: 334 | N47: =M47*L47 -> 668 | U47: =SUM(O47:T47) -> 0 | V47: =U47*0.18 -> 0 | X47: =Job_Cards[[#This Row],[GST on Lobour]]+Job_Cards[[#This Row],[Total Labour]]+Job_Cards[[#This Row],[Part Value]] -> 668 | AA47: =DAY(B47) -> 6 | AB47: =MONTH(B47) -> 1 | AC47: =YEAR(B47) -> 2026
B48: 46028 | I48: =IF(Job_Cards[[#This Row],[Customer Name]]="",I47,"") -> Paid | J48: B008239970147 | K48: =_xlfn.XLOOKUP(Job_Cards[[#This Row],[Part Code Issued]],'Inventory Check'!$A$3:$A$3000,'Inventory Check'!$B$3:$B$3000,"WRONG Code",0) -> Oil Seal For Fr. Exle | L48: 2 | M48: 85 | N48: =M48*L48 -> 170 | U48: =SUM(O48:T48) -> 0 | V48: =U48*0.18 -> 0 | X48: =Job_Cards[[#This Row],[GST on Lobour]]+Job_Cards[[#This Row],[Total Labour]]+Job_Cards[[#This Row],[Part Value]] -> 170 | AA48: =DAY(B48) -> 6 | AB48: =MONTH(B48) -> 1 | AC48: =YEAR(B48) -> 2026
B49: 46028 | I49: =IF(Job_Cards[[#This Row],[Customer Name]]="",I48,"") -> Paid | J49: T008684600200 | K49: =_xlfn.XLOOKUP(Job_Cards[[#This Row],[Part Code Issued]],'Inventory Check'!$A$3:$A$3000,'Inventory Check'!$B$3:$B$3000,"WRONG Code",0) -> WRONG Code | L49: 2 | M49: 2517 | N49: =M49*L49 -> 5034 | U49: =SUM(O49:T49) -> 0 | V49: =U49*0.18 -> 0 | X49: =Job_Cards[[#This Row],[GST on Lobour]]+Job_Cards[[#This Row],[Total Labour]]+Job_Cards[[#This Row],[Part Value]] -> 5034 | AA49: =DAY(B49) -> 6 | AB49: =MONTH(B49) -> 1 | AC49: =YEAR(B49) -> 2026
B50: 46028 | I50: =IF(Job_Cards[[#This Row],[Customer Name]]="",I49,"") -> Paid | J50: T006865868030 | K50: =_xlfn.XLOOKUP(Job_Cards[[#This Row],[Part Code Issued]],'Inventory Check'!$A$3:$A$3000,'Inventory Check'!$B$3:$B$3000,"WRONG Code",0) -> BRAKE PAD | L50: 1 | M50: 2491 | N50: =M50*L50 -> 2491 | U50: =SUM(O50:T50) -> 0 | V50: =U50*0.18 -> 0 | X50: =Job_Cards[[#This Row],[GST on Lobour]]+Job_Cards[[#This Row],[Total Labour]]+Job_Cards[[#This Row],[Part Value]] -> 2491 | AA50: =DAY(B50) -> 6 | AB50: =MONTH(B50) -> 1 | AC50: =YEAR(B50) -> 2026
B51: 46028 | I51: =IF(Job_Cards[[#This Row],[Customer Name]]="",I50,"") -> Paid | J51: B008569900601 | K51: =_xlfn.XLOOKUP(Job_Cards[[#This Row],[Part Code Issued]],'Inventory Check'!$A$3:$A$3000,'Inventory Check'!$B$3:$B$3000,"WRONG Code",0) -> WRONG Code | L51: 2 | M51: 255 | N51: =M51*L51 -> 510 | U51: =SUM(O51:T51) -> 0 | V51: =U51*0.18 -> 0 | X51: =Job_Cards[[#This Row],[GST on Lobour]]+Job_Cards[[#This Row],[Total Labour]]+Job_Cards[[#This Row],[Part Value]] -> 510 | AA51: =DAY(B51) -> 6 | AB51: =MONTH(B51) -> 1 | AC51: =YEAR(B51) -> 2026
B52: 46028 | I52: =IF(Job_Cards[[#This Row],[Customer Name]]="",I51,"") -> Paid | J52: 24 No. | K52: =_xlfn.XLOOKUP(Job_Cards[[#This Row],[Part Code Issued]],'Inventory Check'!$A$3:$A$3000,'Inventory Check'!$B$3:$B$3000,"WRONG Code",0) -> WRONG Code | L52: 2 | M52: 50 | N52: =M52*L52 -> 100 | U52: =SUM(O52:T52) -> 0 | V52: =U52*0.18 -> 0 | X52: =Job_Cards[[#This Row],[GST on Lobour]]+Job_Cards[[#This Row],[Total Labour]]+Job_Cards[[#This Row],[Part Value]] -> 100 | AA52: =DAY(B52) -> 6 | AB52: =MONTH(B52) -> 1 | AC52: =YEAR(B52) -> 2026
B53: 46028 | I53: =IF(Job_Cards[[#This Row],[Customer Name]]="",I52,"") -> Paid | J53: 19 No. | K53: =_xlfn.XLOOKUP(Job_Cards[[#This Row],[Part Code Issued]],'Inventory Check'!$A$3:$A$3000,'Inventory Check'!$B$3:$B$3000,"WRONG Code",0) -> WRONG Code | L53: 2 | M53: 40 | N53: =M53*L53 -> 80 | U53: =SUM(O53:T53) -> 0 | V53: =U53*0.18 -> 0 | X53: =Job_Cards[[#This Row],[GST on Lobour]]+Job_Cards[[#This Row],[Total Labour]]+Job_Cards[[#This Row],[Part Value]] -> 80 | AA53: =DAY(B53) -> 6 | AB53: =MONTH(B53) -> 1 | AC53: =YEAR(B53) -> 2026
B54: 46028 | I54: =IF(Job_Cards[[#This Row],[Customer Name]]="",I53,"") -> Paid | J54: Plain Washer 10 No. | K54: =_xlfn.XLOOKUP(Job_Cards[[#This Row],[Part Code Issued]],'Inventory Check'!$A$3:$A$3000,'Inventory Check'!$B$3:$B$3000,"WRONG Code",0) -> Plain Washer 10 No. | L54: 4 | M54: 20 | N54: =M54*L54 -> 80 | U54: =SUM(O54:T54) -> 0 | V54: =U54*0.18 -> 0 | X54: =Job_Cards[[#This Row],[GST on Lobour]]+Job_Cards[[#This Row],[Total Labour]]+Job_Cards[[#This Row],[Part Value]] -> 80 | AA54: =DAY(B54) -> 6 | AB54: =MONTH(B54) -> 1 | AC54: =YEAR(B54) -> 2026
B55: 46028 | I55: =IF(Job_Cards[[#This Row],[Customer Name]]="",I54,"") -> Paid | J55: GREASE | K55: =_xlfn.XLOOKUP(Job_Cards[[#This Row],[Part Code Issued]],'Inventory Check'!$A$3:$A$3000,'Inventory Check'!$B$3:$B$3000,"WRONG Code",0) -> GREASE | L55: 1 | M55: 288 | N55: =M55*L55 -> 288 | U55: =SUM(O55:T55) -> 0 | V55: =U55*0.18 -> 0 | X55: =Job_Cards[[#This Row],[GST on Lobour]]+Job_Cards[[#This Row],[Total Labour]]+Job_Cards[[#This Row],[Part Value]] -> 288 | AA55: =DAY(B55) -> 6 | AB55: =MONTH(B55) -> 1 | AC55: =YEAR(B55) -> 2026
B56: 46028 | I56: =IF(Job_Cards[[#This Row],[Customer Name]]="",I55,"") -> Paid | J56: Dot- 4 | K56: =_xlfn.XLOOKUP(Job_Cards[[#This Row],[Part Code Issued]],'Inventory Check'!$A$3:$A$3000,'Inventory Check'!$B$3:$B$3000,"WRONG Code",0) -> Brake Oil | L56: 1 | M56: 149 | N56: =M56*L56 -> 149 | U56: =SUM(O56:T56) -> 0 | V56: =U56*0.18 -> 0 | X56: =Job_Cards[[#This Row],[GST on Lobour]]+Job_Cards[[#This Row],[Total Labour]]+Job_Cards[[#This Row],[Part Value]] -> 149 | AA56: =DAY(B56) -> 6 | AB56: =MONTH(B56) -> 1 | AC56: =YEAR(B56) -> 2026
A57: 46204 | B57: 46038 | C57: 2067 | D57: Woek Hardt Foundation HFCL Ghazipur | E57: 6392824424 | F57: UP70FT9974 | G57: T3 | H57: Taxi | I57: Paid | J57: RUST OFF | K57: =_xlfn.XLOOKUP(Job_Cards[[#This Row],[Part Code Issued]],'Inventory Check'!$A$3:$A$3000,'Inventory Check'!$B$3:$B$3000,"WRONG Code",0) -> MECHENICAL SPRAY | L57: 1 | M57: 160 | N57: =M57*L57 -> 160 | O57: 3800 | P57: 900 | Q57: 5900 | U57: =SUM(O57:T57) -> 10600 | V57: =U57*0.18 -> 1908 | X57: =Job_Cards[[#This Row],[GST on Lobour]]+Job_Cards[[#This Row],[Total Labour]]+Job_Cards[[#This Row],[Part Value]] -> 12668 | AA57: =DAY(B57) -> 16 | AB57: =MONTH(B57) -> 1 | AC57: =YEAR(B57) -> 2026
B58: 46038 | I58: =IF(Job_Cards[[#This Row],[Customer Name]]="",I57,"") -> Paid | J58: T006865864130 | K58: =_xlfn.XLOOKUP(Job_Cards[[#This Row],[Part Code Issued]],'Inventory Check'!$A$3:$A$3000,'Inventory Check'!$B$3:$B$3000,"WRONG Code",0) -> KING PIN SET | L58: 1 | M58: 2438 | N58: =M58*L58 -> 2438 | U58: =SUM(O58:T58) -> 0 | V58: =U58*0.18 -> 0 | X58: =Job_Cards[[#This Row],[GST on Lobour]]+Job_Cards[[#This Row],[Total Labour]]+Job_Cards[[#This Row],[Part Value]] -> 2438 | AA58: =DAY(B58) -> 16 | AB58: =MONTH(B58) -> 1 | AC58: =YEAR(B58) -> 2026
B59: 46038 | I59: =IF(Job_Cards[[#This Row],[Customer Name]]="",I58,"") -> Paid | J59: T006869810405 | K59: =_xlfn.XLOOKUP(Job_Cards[[#This Row],[Part Code Issued]],'Inventory Check'!$A$3:$A$3000,'Inventory Check'!$B$3:$B$3000,"WRONG Code",0) -> T R BEARING | L59: 1 | M59: 527 | N59: =M59*L59 -> 527 | U59: =SUM(O59:T59) -> 0 | V59: =U59*0.18 -> 0 | X59: =Job_Cards[[#This Row],[GST on Lobour]]+Job_Cards[[#This Row],[Total Labour]]+Job_Cards[[#This Row],[Part Value]] -> 527 | AA59: =DAY(B59) -> 16 | AB59: =MONTH(B59) -> 1 | AC59: =YEAR(B59) -> 2026
B60: 46038 | I60: =IF(Job_Cards[[#This Row],[Customer Name]]="",I59,"") -> Paid | J60: T006869810505 | K60: =_xlfn.XLOOKUP(Job_Cards[[#This Row],[Part Code Issued]],'Inventory Check'!$A$3:$A$3000,'Inventory Check'!$B$3:$B$3000,"WRONG Code",0) -> Taper Roller Bearing | L60: 1 | M60: 405 | N60: =M60*L60 -> 405 | U60: =SUM(O60:T60) -> 0 | V60: =U60*0.18 -> 0 | X60: =Job_Cards[[#This Row],[GST on Lobour]]+Job_Cards[[#This Row],[Total Labour]]+Job_Cards[[#This Row],[Part Value]] -> 405 | AA60: =DAY(B60) -> 16 | AB60: =MONTH(B60) -> 1 | AC60: =YEAR(B60) -> 2026
B61: 46038 | I61: =IF(Job_Cards[[#This Row],[Customer Name]]="",I60,"") -> Paid | J61: T006865864330 | K61: =_xlfn.XLOOKUP(Job_Cards[[#This Row],[Part Code Issued]],'Inventory Check'!$A$3:$A$3000,'Inventory Check'!$B$3:$B$3000,"WRONG Code",0) -> OIL SEAL KIT | L61: 1 | M61: 453 | N61: =M61*L61 -> 453 | U61: =SUM(O61:T61) -> 0 | V61: =U61*0.18 -> 0 | X61: =Job_Cards[[#This Row],[GST on Lobour]]+Job_Cards[[#This Row],[Total Labour]]+Job_Cards[[#This Row],[Part Value]] -> 453 | AA61: =DAY(B61) -> 16 | AB61: =MONTH(B61) -> 1 | AC61: =YEAR(B61) -> 2026
B62: 46038 | I62: =IF(Job_Cards[[#This Row],[Customer Name]]="",I61,"") -> Paid | J62: GREASE | K62: =_xlfn.XLOOKUP(Job_Cards[[#This Row],[Part Code Issued]],'Inventory Check'!$A$3:$A$3000,'Inventory Check'!$B$3:$B$3000,"WRONG Code",0) -> GREASE | L62: 1 | M62: 288 | N62: =M62*L62 -> 288 | U62: =SUM(O62:T62) -> 0 | V62: =U62*0.18 -> 0 | X62: =Job_Cards[[#This Row],[GST on Lobour]]+Job_Cards[[#This Row],[Total Labour]]+Job_Cards[[#This Row],[Part Value]] -> 288 | AA62: =DAY(B62) -> 16 | AB62: =MONTH(B62) -> 1 | AC62: =YEAR(B62) -> 2026
B63: 46038 | I63: =IF(Job_Cards[[#This Row],[Customer Name]]="",I62,"") -> Paid | J63: Dot- 4 | K63: =_xlfn.XLOOKUP(Job_Cards[[#This Row],[Part Code Issued]],'Inventory Check'!$A$3:$A$3000,'Inventory Check'!$B$3:$B$3000,"WRONG Code",0) -> Brake Oil | L63: 1 | M63: 149 | N63: =M63*L63 -> 149 | U63: =SUM(O63:T63) -> 0 | V63: =U63*0.18 -> 0 | X63: =Job_Cards[[#This Row],[GST on Lobour]]+Job_Cards[[#This Row],[Total Labour]]+Job_Cards[[#This Row],[Part Value]] -> 149 | AA63: =DAY(B63) -> 16 | AB63: =MONTH(B63) -> 1 | AC63: =YEAR(B63) -> 2026
B64: 46038 | I64: =IF(Job_Cards[[#This Row],[Customer Name]]="",I63,"") -> Paid | J64: A000053060162 | K64: =_xlfn.XLOOKUP(Job_Cards[[#This Row],[Part Code Issued]],'Inventory Check'!$A$3:$A$3000,'Inventory Check'!$B$3:$B$3000,"WRONG Code",0) -> Rubber Seal | L64: 4 | M64: 45 | N64: =M64*L64 -> 180 | U64: =SUM(O64:T64) -> 0 | V64: =U64*0.18 -> 0 | X64: =Job_Cards[[#This Row],[GST on Lobour]]+Job_Cards[[#This Row],[Total Labour]]+Job_Cards[[#This Row],[Part Value]] -> 180 | AA64: =DAY(B64) -> 16 | AB64: =MONTH(B64) -> 1 | AC64: =YEAR(B64) -> 2026
B65: 46038 | I65: =IF(Job_Cards[[#This Row],[Customer Name]]="",I64,"") -> Paid | J65: SHOCKAR BUSH 19 NO. | K65: =_xlfn.XLOOKUP(Job_Cards[[#This Row],[Part Code Issued]],'Inventory Check'!$A$3:$A$3000,'Inventory Check'!$B$3:$B$3000,"WRONG Code",0) -> SHOCKAR BUSH 19 NO. | L65: 2 | M65: 90 | N65: =M65*L65 -> 180 | U65: =SUM(O65:T65) -> 0 | V65: =U65*0.18 -> 0 | X65: =Job_Cards[[#This Row],[GST on Lobour]]+Job_Cards[[#This Row],[Total Labour]]+Job_Cards[[#This Row],[Part Value]] -> 180 | AA65: =DAY(B65) -> 16 | AB65: =MONTH(B65) -> 1 | AC65: =YEAR(B65) -> 2026
B66: 46038 | I66: =IF(Job_Cards[[#This Row],[Customer Name]]="",I65,"") -> Paid | J66: BALANCING BUSH 19 NO. | K66: =_xlfn.XLOOKUP(Job_Cards[[#This Row],[Part Code Issued]],'Inventory Check'!$A$3:$A$3000,'Inventory Check'!$B$3:$B$3000,"WRONG Code",0) -> BALANCING BUSH 19 NO. | L66: 2 | M66: 90 | N66: =M66*L66 -> 180 | U66: =SUM(O66:T66) -> 0 | V66: =U66*0.18 -> 0 | X66: =Job_Cards[[#This Row],[GST on Lobour]]+Job_Cards[[#This Row],[Total Labour]]+Job_Cards[[#This Row],[Part Value]] -> 180 | AA66: =DAY(B66) -> 16 | AB66: =MONTH(B66) -> 1 | AC66: =YEAR(B66) -> 2026
B67: 46038 | I67: =IF(Job_Cards[[#This Row],[Customer Name]]="",I66,"") -> Paid | J67: CHIRA PIN BIG | K67: =_xlfn.XLOOKUP(Job_Cards[[#This Row],[Part Code Issued]],'Inventory Check'!$A$3:$A$3000,'Inventory Check'!$B$3:$B$3000,"WRONG Code",0) -> BIG | L67: 3 | M67: 25 | N67: =M67*L67 -> 75 | U67: =SUM(O67:T67) -> 0 | V67: =U67*0.18 -> 0 | X67: =Job_Cards[[#This Row],[GST on Lobour]]+Job_Cards[[#This Row],[Total Labour]]+Job_Cards[[#This Row],[Part Value]] -> 75 | AA67: =DAY(B67) -> 16 | AB67: =MONTH(B67) -> 1 | AC67: =YEAR(B67) -> 2026
B68: 46038 | I68: =IF(Job_Cards[[#This Row],[Customer Name]]="",I67,"") -> Paid | J68: ENGINE OIL | K68: =_xlfn.XLOOKUP(Job_Cards[[#This Row],[Part Code Issued]],'Inventory Check'!$A$3:$A$3000,'Inventory Check'!$B$3:$B$3000,"WRONG Code",0) -> ENGINE OIL | L68: 1 | M68: 2288 | N68: =M68*L68 -> 2288 | U68: =SUM(O68:T68) -> 0 | V68: =U68*0.18 -> 0 | X68: =Job_Cards[[#This Row],[GST on Lobour]]+Job_Cards[[#This Row],[Total Labour]]+Job_Cards[[#This Row],[Part Value]] -> 2288 | AA68: =DAY(B68) -> 16 | AB68: =MONTH(B68) -> 1 | AC68: =YEAR(B68) -> 2026
B69: 46038 | I69: =IF(Job_Cards[[#This Row],[Customer Name]]="",I68,"") -> Paid | J69: T006860940080 | K69: =_xlfn.XLOOKUP(Job_Cards[[#This Row],[Part Code Issued]],'Inventory Check'!$A$3:$A$3000,'Inventory Check'!$B$3:$B$3000,"WRONG Code",0) -> AIR FILTER | L69: 1 | M69: 693 | N69: =M69*L69 -> 693 | U69: =SUM(O69:T69) -> 0 | V69: =U69*0.18 -> 0 | X69: =Job_Cards[[#This Row],[GST on Lobour]]+Job_Cards[[#This Row],[Total Labour]]+Job_Cards[[#This Row],[Part Value]] -> 693 | AA69: =DAY(B69) -> 16 | AB69: =MONTH(B69) -> 1 | AC69: =YEAR(B69) -> 2026
... B74: 46038 | I74: =IF(Job_Cards[[#This Row],[Customer Name]]="",I73,"") -> Paid | J74: Wire 04mm | K74: =_xlfn.XLOOKUP(Job_Cards[[#This Row],[Part Code Issued]],'Inventory Check'!$A$3:$A$3000,'Inventory Check'!$B$3:$B$3000,"WRONG Code",0) -> Wire 04mm | L74: 3 | M74: 20 | N74: =M74*L74 -> 60 | U74: =SUM(O74:T74) -> 0 | V74: =U74*0.18 -> 0 | X74: =Job_Cards[[#This Row],[GST on Lobour]]+Job_Cards[[#This Row],[Total Labour]]+Job_Cards[[#This Row],[Part Value]] -> 60 | AA74: =DAY(B74) -> 16 | AB74: =MONTH(B74) -> 1 | AC74: =YEAR(B74) -> 2026
A75: 46266 | B75: 46031 | C75: 2069 | D75: Devbhumi Public School Gopalpur Ghazipur | G75: T1 | H75: School | I75: Counter Sale | J75: B008545402524 | K75: =_xlfn.XLOOKUP(Job_Cards[[#This Row],[Part Code Issued]],'Inventory Check'!$A$3:$A$3000,'Inventory Check'!$B$3:$B$3000,"WRONG Code",0) -> WRONG Code | L75: 1 | M75: 1537 | N75: =M75*L75 -> 1537 | U75: =SUM(O75:T75) -> 0 | V75: =U75*0.18 -> 0 | X75: =Job_Cards[[#This Row],[GST on Lobour]]+Job_Cards[[#This Row],[Total Labour]]+Job_Cards[[#This Row],[Part Value]] -> 1537 | AA75: =DAY(B75) -> 9 | AB75: =MONTH(B75) -> 1 | AC75: =YEAR(B75) -> 2026
A76: 46266 | B76: 46031 | C76: 2070 | D76: Dinapur Public School Dinapur Ghazipur | H76: School | I76: Counter Sale | J76: Pipe Returning discol | K76: =_xlfn.XLOOKUP(Job_Cards[[#This Row],[Part Code Issued]],'Inventory Check'!$A$3:$A$3000,'Inventory Check'!$B$3:$B$3000,"WRONG Code",0) -> WRONG Code | L76: 1 | M76: 175 | N76: =M76*L76 -> 175 | U76: =SUM(O76:T76) -> 0 | V76: =U76*0.18 -> 0 | X76: =Job_Cards[[#This Row],[GST on Lobour]]+Job_Cards[[#This Row],[Total Labour]]+Job_Cards[[#This Row],[Part Value]] -> 175 | AA76: =DAY(B76) -> 9 | AB76: =MONTH(B76) -> 1 | AC76: =YEAR(B76) -> 2026
A77: 46327 | B77: 46033 | C77: 2071 | D77: Sunbeem School Dildarnagar Ghazipur | E77: 8545824480 | F77: UP61BT6932 | G77: T1 | H77: School | I77: Paid | J77: 80W90 | K77: =_xlfn.XLOOKUP(Job_Cards[[#This Row],[Part Code Issued]],'Inventory Check'!$A$3:$A$3000,'Inventory Check'!$B$3:$B$3000,"WRONG Code",0) -> Gear Oil XP 80W90 HP 1Ltr | L77: 3 | M77: 470 | N77: =M77*L77 -> 1410 | O77: 1000 | P77: 120 | U77: =SUM(O77:T77) -> 1120 | V77: =U77*0.18 -> 201.6 | X77: =Job_Cards[[#This Row],[GST on Lobour]]+Job_Cards[[#This Row],[Total Labour]]+Job_Cards[[#This Row],[Part Value]] -> 2731.6 | AA77: =DAY(B77) -> 11 | AB77: =MONTH(B77) -> 1 | AC77: =YEAR(B77) -> 2026
B78: 46033 | I78: =IF(Job_Cards[[#This Row],[Customer Name]]="",I77,"") -> Paid | J78: T006865862431 | K78: =_xlfn.XLOOKUP(Job_Cards[[#This Row],[Part Code Issued]],'Inventory Check'!$A$3:$A$3000,'Inventory Check'!$B$3:$B$3000,"WRONG Code",0) -> SHIFTING DOM KIT | L78: 1 | M78: 15335 | N78: =M78*L78 -> 15335 | U78: =SUM(O78:T78) -> 0 | V78: =U78*0.18 -> 0 | X78: =Job_Cards[[#This Row],[GST on Lobour]]+Job_Cards[[#This Row],[Total Labour]]+Job_Cards[[#This Row],[Part Value]] -> 15335 | AA78: =DAY(B78) -> 11 | AB78: =MONTH(B78) -> 1 | AC78: =YEAR(B78) -> 2026
A79: 46357 | B79: 46034 | C79: 2072 | D79: Sunbeem School Dildarnagar Ghazipur | E79: 8545824480 | G79: T1 | H79: School | I79: Counter Sale | J79: Gulf Force AdBlue (20 L) | K79: =_xlfn.XLOOKUP(Job_Cards[[#This Row],[Part Code Issued]],'Inventory Check'!$A$3:$A$3000,'Inventory Check'!$B$3:$B$3000,"WRONG Code",0) -> Gulf Force AdBlue (20 L) | L79: 5 | M79: 1480 | N79: =M79*L79 -> 7400 | U79: =SUM(O79:T79) -> 0 | V79: =U79*0.18 -> 0 | X79: =Job_Cards[[#This Row],[GST on Lobour]]+Job_Cards[[#This Row],[Total Labour]]+Job_Cards[[#This Row],[Part Value]] -> 7400 | AA79: =DAY(B79) -> 12 | AB79: =MONTH(B79) -> 1 | AC79: =YEAR(B79) -> 2026
B80: 46034 | I80: =IF(Job_Cards[[#This Row],[Customer Name]]="",I79,"") -> Counter Sale | J80: Force Motors Antifreeze Coolant 1 L | K80: =_xlfn.XLOOKUP(Job_Cards[[#This Row],[Part Code Issued]],'Inventory Check'!$A$3:$A$3000,'Inventory Check'!$B$3:$B$3000,"WRONG Code",0) -> Force Motors Antifreeze Coolant 1 L | L80: 1 | M80: 325 | N80: =M80*L80 -> 325 | U80: =SUM(O80:T80) -> 0 | V80: =U80*0.18 -> 0 | X80: =Job_Cards[[#This Row],[GST on Lobour]]+Job_Cards[[#This Row],[Total Labour]]+Job_Cards[[#This Row],[Part Value]] -> 325 | AA80: =DAY(B80) -> 12 | AB80: =MONTH(B80) -> 1 | AC80: =YEAR(B80) -> 2026
A81: 13/1/2026 | B81: 46035 | C81: 2073 | D81: Sai Ram Techno pvt ltd Ghazipur | E81: 9889377772 | F81: MP17DA0784 | G81: T1 | H81: Others | I81: Paid | J81: DOT- 4 | K81: =_xlfn.XLOOKUP(Job_Cards[[#This Row],[Part Code Issued]],'Inventory Check'!$A$3:$A$3000,'Inventory Check'!$B$3:$B$3000,"WRONG Code",0) -> Brake Oil | L81: 1 | M81: 298 | N81: =M81*L81 -> 298 | O81: 250 | U81: =SUM(O81:T81) -> 250 | V81: =U81*0.18 -> 45 | X81: =Job_Cards[[#This Row],[GST on Lobour]]+Job_Cards[[#This Row],[Total Labour]]+Job_Cards[[#This Row],[Part Value]] -> 593 | AA81: =DAY(B81) -> 13 | AB81: =MONTH(B81) -> 1 | AC81: =YEAR(B81) -> 2026
A82: 13/01/2026 | B82: 46035 | C82: 2074 | D82: Evergreen Public School | E82: 7379606363 | F82: UP61AT5027 | G82: T1 | H82: School | I82: Paid | J82: T006860940080 | K82: =_xlfn.XLOOKUP(Job_Cards[[#This Row],[Part Code Issued]],'Inventory Check'!$A$3:$A$3000,'Inventory Check'!$B$3:$B$3000,"WRONG Code",0) -> AIR FILTER | L82: 1 | M82: 693 | N82: =M82*L82 -> 693 | O82: 500 | U82: =SUM(O82:T82) -> 500 | V82: =U82*0.18 -> 90 | X82: =Job_Cards[[#This Row],[GST on Lobour]]+Job_Cards[[#This Row],[Total Labour]]+Job_Cards[[#This Row],[Part Value]] -> 1283 | AA82: =DAY(B82) -> 13 | AB82: =MONTH(B82) -> 1 | AC82: =YEAR(B82) -> 2026
B83: 46035 | I83: =IF(Job_Cards[[#This Row],[Customer Name]]="",I82,"") -> Paid | J83: Dot- 4 | K83: =_xlfn.XLOOKUP(Job_Cards[[#This Row],[Part Code Issued]],'Inventory Check'!$A$3:$A$3000,'Inventory Check'!$B$3:$B$3000,"WRONG Code",0) -> Brake Oil | L83: 1 | M83: 149 | N83: =M83*L83 -> 149 | U83: =SUM(O83:T83) -> 0 | V83: =U83*0.18 -> 0 | X83: =Job_Cards[[#This Row],[GST on Lobour]]+Job_Cards[[#This Row],[Total Labour]]+Job_Cards[[#This Row],[Part Value]] -> 149 | AA83: =DAY(B83) -> 13 | AB83: =MONTH(B83) -> 1 | AC83: =YEAR(B83) -> 2026
B84: 46035 | I84: =IF(Job_Cards[[#This Row],[Customer Name]]="",I83,"") -> Paid | J84: T006865860342 | K84: =_xlfn.XLOOKUP(Job_Cards[[#This Row],[Part Code Issued]],'Inventory Check'!$A$3:$A$3000,'Inventory Check'!$B$3:$B$3000,"WRONG Code",0) -> BRAKE SEAL KIT | L84: 1 | M84: 3398 | N84: =M84*L84 -> 3398 | U84: =SUM(O84:T84) -> 0 | V84: =U84*0.18 -> 0 | X84: =Job_Cards[[#This Row],[GST on Lobour]]+Job_Cards[[#This Row],[Total Labour]]+Job_Cards[[#This Row],[Part Value]] -> 3398 | AA84: =DAY(B84) -> 13 | AB84: =MONTH(B84) -> 1 | AC84: =YEAR(B84) -> 2026
B85: 46035 | I85: =IF(Job_Cards[[#This Row],[Customer Name]]="",I84,"") -> Paid | J85: RUST OFF | K85: =_xlfn.XLOOKUP(Job_Cards[[#This Row],[Part Code Issued]],'Inventory Check'!$A$3:$A$3000,'Inventory Check'!$B$3:$B$3000,"WRONG Code",0) -> MECHENICAL SPRAY | L85: 1 | M85: 160 | N85: =M85*L85 -> 160 | U85: =SUM(O85:T85) -> 0 | V85: =U85*0.18 -> 0 | X85: =Job_Cards[[#This Row],[GST on Lobour]]+Job_Cards[[#This Row],[Total Labour]]+Job_Cards[[#This Row],[Part Value]] -> 160 | AA85: =DAY(B85) -> 13 | AB85: =MONTH(B85) -> 1 | AC85: =YEAR(B85) -> 2026
A86: 13/01/2026 | B86: 46035 | C86: 2075 | D86: Dinapur Public School Dinapur Ghazipur | G86: T1 | H86: School | I86: Counter Sale | J86: Gulf Force AdBlue (10) | K86: =_xlfn.XLOOKUP(Job_Cards[[#This Row],[Part Code Issued]],'Inventory Check'!$A$3:$A$3000,'Inventory Check'!$B$3:$B$3000,"WRONG Code",0) -> Gulf Force AdBlue (10) | L86: 1 | M86: 770 | N86: =M86*L86 -> 770 | U86: =SUM(O86:T86) -> 0 | V86: =U86*0.18 -> 0 | X86: =Job_Cards[[#This Row],[GST on Lobour]]+Job_Cards[[#This Row],[Total Labour]]+Job_Cards[[#This Row],[Part Value]] -> 770 | AA86: =DAY(B86) -> 13 | AB86: =MONTH(B86) -> 1 | AC86: =YEAR(B86) -> 2026
A87: 13/01/2026 | B87: 46035 | C87: 2076 | D87: Oxford English School Dulahpur Ghazipur | E87: 7800773499 | F87: UP61CT4018 | G87: T2 | H87: School | I87: Free Service | J87: Gulf Force BS VI (6.5L) | K87: =_xlfn.XLOOKUP(Job_Cards[[#This Row],[Part Code Issued]],'Inventory Check'!$A$3:$A$3000,'Inventory Check'!$B$3:$B$3000,"WRONG Code",0) -> Gulf Force BS VI (6.5L) | L87: 1 | M87: 2080 | N87: =M87*L87 -> 2080 | U87: =SUM(O87:T87) -> 0 | V87: =U87*0.18 -> 0 | X87: =Job_Cards[[#This Row],[GST on Lobour]]+Job_Cards[[#This Row],[Total Labour]]+Job_Cards[[#This Row],[Part Value]] -> 2080 | AA87: =DAY(B87) -> 13 | AB87: =MONTH(B87) -> 1 | AC87: =YEAR(B87) -> 2026
B88: 46035 | I88: =IF(Job_Cards[[#This Row],[Customer Name]]="",I87,"") -> Free Service | J88: B008081803210 | K88: =_xlfn.XLOOKUP(Job_Cards[[#This Row],[Part Code Issued]],'Inventory Check'!$A$3:$A$3000,'Inventory Check'!$B$3:$B$3000,"WRONG Code",0) -> Oil Filter | L88: 1 | M88: 359 | N88: =M88*L88 -> 359 | U88: =SUM(O88:T88) -> 0 | V88: =U88*0.18 -> 0 | X88: =Job_Cards[[#This Row],[GST on Lobour]]+Job_Cards[[#This Row],[Total Labour]]+Job_Cards[[#This Row],[Part Value]] -> 359 | AA88: =DAY(B88) -> 13 | AB88: =MONTH(B88) -> 1 | AC88: =YEAR(B88) -> 2026
A89: 13/01/2026 | B89: 46035 | C89: 2077 | D89: Nagina Goeer Jakhaniya Ghazipur | E89: 9506882184 | F89: UP61CT2281 | G89: T2 | H89: Others | I89: Free Service | J89: Gulf Force BS VI (6.5L) | K89: =_xlfn.XLOOKUP(Job_Cards[[#This Row],[Part Code Issued]],'Inventory Check'!$A$3:$A$3000,'Inventory Check'!$B$3:$B$3000,"WRONG Code",0) -> Gulf Force BS VI (6.5L) | L89: 1 | M89: 2080 | N89: =M89*L89 -> 2080 | U89: =SUM(O89:T89) -> 0 | V89: =U89*0.18 -> 0 | X89: =Job_Cards[[#This Row],[GST on Lobour]]+Job_Cards[[#This Row],[Total Labour]]+Job_Cards[[#This Row],[Part Value]] -> 2080 | AA89: =DAY(B89) -> 13 | AB89: =MONTH(B89) -> 1 | AC89: =YEAR(B89) -> 2026
B90: 46035 | I90: =IF(Job_Cards[[#This Row],[Customer Name]]="",I89,"") -> Free Service | J90: B008081803210 | K90: =_xlfn.XLOOKUP(Job_Cards[[#This Row],[Part Code Issued]],'Inventory Check'!$A$3:$A$3000,'Inventory Check'!$B$3:$B$3000,"WRONG Code",0) -> Oil Filter | L90: 1 | M90: 359 | N90: =M90*L90 -> 359 | U90: =SUM(O90:T90) -> 0 | V90: =U90*0.18 -> 0 | X90: =Job_Cards[[#This Row],[GST on Lobour]]+Job_Cards[[#This Row],[Total Labour]]+Job_Cards[[#This Row],[Part Value]] -> 359 | AA90: =DAY(B90) -> 13 | AB90: =MONTH(B90) -> 1 | AC90: =YEAR(B90) -> 2026
A91: 13/01/2026 | B91: 46035 | C91: 2078 | D91: Little Blosome MT School Bahariyabad Ghazipur | F91: UP61BT8236 | G91: T1 | H91: School | I91: Free Service | J91: Gulf Force BS VI (6.5L) | K91: =_xlfn.XLOOKUP(Job_Cards[[#This Row],[Part Code Issued]],'Inventory Check'!$A$3:$A$3000,'Inventory Check'!$B$3:$B$3000,"WRONG Code",0) -> Gulf Force BS VI (6.5L) | L91: 1 | M91: 2080 | N91: =M91*L91 -> 2080 | U91: =SUM(O91:T91) -> 0 | V91: =U91*0.18 -> 0 | X91: =Job_Cards[[#This Row],[GST on Lobour]]+Job_Cards[[#This Row],[Total Labour]]+Job_Cards[[#This Row],[Part Value]] -> 2080 | AA91: =DAY(B91) -> 13 | AB91: =MONTH(B91) -> 1 | AC91: =YEAR(B91) -> 2026
B92: 46035 | I92: =IF(Job_Cards[[#This Row],[Customer Name]]="",I91,"") -> Free Service | J92: B008081803210 | K92: =_xlfn.XLOOKUP(Job_Cards[[#This Row],[Part Code Issued]],'Inventory Check'!$A$3:$A$3000,'Inventory Check'!$B$3:$B$3000,"WRONG Code",0) -> Oil Filter | L92: 1 | M92: 359 | N92: =M92*L92 -> 359 | U92: =SUM(O92:T92) -> 0 | V92: =U92*0.18 -> 0 | X92: =Job_Cards[[#This Row],[GST on Lobour]]+Job_Cards[[#This Row],[Total Labour]]+Job_Cards[[#This Row],[Part Value]] -> 359 | AA92: =DAY(B92) -> 13 | AB92: =MONTH(B92) -> 1 | AC92: =YEAR(B92) -> 2026
B93: 46035 | I93: =IF(Job_Cards[[#This Row],[Customer Name]]="",I92,"") -> Free Service | J93: B008080900252 | K93: =_xlfn.XLOOKUP(Job_Cards[[#This Row],[Part Code Issued]],'Inventory Check'!$A$3:$A$3000,'Inventory Check'!$B$3:$B$3000,"WRONG Code",0) -> FUEL FILTER | L93: 1 | M93: 1575 | N93: =M93*L93 -> 1575 | U93: =SUM(O93:T93) -> 0 | V93: =U93*0.18 -> 0 | X93: =Job_Cards[[#This Row],[GST on Lobour]]+Job_Cards[[#This Row],[Total Labour]]+Job_Cards[[#This Row],[Part Value]] -> 1575 | AA93: =DAY(B93) -> 13 | AB93: =MONTH(B93) -> 1 | AC93: =YEAR(B93) -> 2026
B94: 46035 | I94: =IF(Job_Cards[[#This Row],[Customer Name]]="",I93,"") -> Free Service | J94: DOT- 4 | K94: =_xlfn.XLOOKUP(Job_Cards[[#This Row],[Part Code Issued]],'Inventory Check'!$A$3:$A$3000,'Inventory Check'!$B$3:$B$3000,"WRONG Code",0) -> Brake Oil | L94: 1 | M94: 149 | N94: =M94*L94 -> 149 | U94: =SUM(O94:T94) -> 0 | V94: =U94*0.18 -> 0 | X94: =Job_Cards[[#This Row],[GST on Lobour]]+Job_Cards[[#This Row],[Total Labour]]+Job_Cards[[#This Row],[Part Value]] -> 149 | AA94: =DAY(B94) -> 13 | AB94: =MONTH(B94) -> 1 | AC94: =YEAR(B94) -> 2026
B95: 46035 | I95: =IF(Job_Cards[[#This Row],[Customer Name]]="",I94,"") -> Free Service | J95: Force Motors Antifreeze Coolant 1 L | K95: =_xlfn.XLOOKUP(Job_Cards[[#This Row],[Part Code Issued]],'Inventory Check'!$A$3:$A$3000,'Inventory Check'!$B$3:$B$3000,"WRONG Code",0) -> Force Motors Antifreeze Coolant 1 L | L95: 1 | M95: 325 | N95: =M95*L95 -> 325 | U95: =SUM(O95:T95) -> 0 | V95: =U95*0.18 -> 0 | X95: =Job_Cards[[#This Row],[GST on Lobour]]+Job_Cards[[#This Row],[Total Labour]]+Job_Cards[[#This Row],[Part Value]] -> 325 | AA95: =DAY(B95) -> 13 | AB95: =MONTH(B95) -> 1 | AC95: =YEAR(B95) -> 2026
B96: 46035 | I96: =IF(Job_Cards[[#This Row],[Customer Name]]="",I95,"") -> Free Service | J96: Gulf Force AdBlue (20 L) | K96: =_xlfn.XLOOKUP(Job_Cards[[#This Row],[Part Code Issued]],'Inventory Check'!$A$3:$A$3000,'Inventory Check'!$B$3:$B$3000,"WRONG Code",0) -> Gulf Force AdBlue (20 L) | L96: 1 | M96: 1480 | N96: =M96*L96 -> 1480 | U96: =SUM(O96:T96) -> 0 | V96: =U96*0.18 -> 0 | X96: =Job_Cards[[#This Row],[GST on Lobour]]+Job_Cards[[#This Row],[Total Labour]]+Job_Cards[[#This Row],[Part Value]] -> 1480 | AA96: =DAY(B96) -> 13 | AB96: =MONTH(B96) -> 1 | AC96: =YEAR(B96) -> 2026
A97: 13/01/2026 | B97: 46035 | C97: 2079 | D97: Pramod Kushwaha J.K. Memorial School | F97: UP61CT1473 | G97: T1 | H97: School | I97: Paid | J97: Gulf Force BS VI (6.5L) | K97: =_xlfn.XLOOKUP(Job_Cards[[#This Row],[Part Code Issued]],'Inventory Check'!$A$3:$A$3000,'Inventory Check'!$B$3:$B$3000,"WRONG Code",0) -> Gulf Force BS VI (6.5L) | L97: 1 | M97: 2080 | N97: =M97*L97 -> 2080 | O97: 650 | U97: =SUM(O97:T97) -> 650 | V97: =U97*0.18 -> 117 | X97: =Job_Cards[[#This Row],[GST on Lobour]]+Job_Cards[[#This Row],[Total Labour]]+Job_Cards[[#This Row],[Part Value]] -> 2847 | AA97: =DAY(B97) -> 13 | AB97: =MONTH(B97) -> 1 | AC97: =YEAR(B97) -> 2026
B98: 46035 | I98: =IF(Job_Cards[[#This Row],[Customer Name]]="",I97,"") -> Paid | J98: B008081803210 | K98: =_xlfn.XLOOKUP(Job_Cards[[#This Row],[Part Code Issued]],'Inventory Check'!$A$3:$A$3000,'Inventory Check'!$B$3:$B$3000,"WRONG Code",0) -> Oil Filter | L98: 1 | M98: 359 | N98: =M98*L98 -> 359 | U98: =SUM(O98:T98) -> 0 | V98: =U98*0.18 -> 0 | X98: =Job_Cards[[#This Row],[GST on Lobour]]+Job_Cards[[#This Row],[Total Labour]]+Job_Cards[[#This Row],[Part Value]] -> 359 | AA98: =DAY(B98) -> 13 | AB98: =MONTH(B98) -> 1 | AC98: =YEAR(B98) -> 2026
B99: 46035 | I99: =IF(Job_Cards[[#This Row],[Customer Name]]="",I98,"") -> Paid | J99: Force Motors Antifreeze Coolant 1 L | K99: =_xlfn.XLOOKUP(Job_Cards[[#This Row],[Part Code Issued]],'Inventory Check'!$A$3:$A$3000,'Inventory Check'!$B$3:$B$3000,"WRONG Code",0) -> Force Motors Antifreeze Coolant 1 L | L99: 1 | M99: 325 | N99: =M99*L99 -> 325 | U99: =SUM(O99:T99) -> 0 | V99: =U99*0.18 -> 0 | X99: =Job_Cards[[#This Row],[GST on Lobour]]+Job_Cards[[#This Row],[Total Labour]]+Job_Cards[[#This Row],[Part Value]] -> 325 | AA99: =DAY(B99) -> 13 | AB99: =MONTH(B99) -> 1 | AC99: =YEAR(B99) -> 2026
B100: 46035 | I100: =IF(Job_Cards[[#This Row],[Customer Name]]="",I99,"") -> Paid | J100: B008041840125 | K100: =_xlfn.XLOOKUP(Job_Cards[[#This Row],[Part Code Issued]],'Inventory Check'!$A$3:$A$3000,'Inventory Check'!$B$3:$B$3000,"WRONG Code",0) -> FUEL FILTER | L100: 1 | M100: 711 | N100: =M100*L100 -> 711 | U100: =SUM(O100:T100) -> 0 | V100: =U100*0.18 -> 0 | X100: =Job_Cards[[#This Row],[GST on Lobour]]+Job_Cards[[#This Row],[Total Labour]]+Job_Cards[[#This Row],[Part Value]] -> 711 | AA100: =DAY(B100) -> 13 | AB100: =MONTH(B100) -> 1 | AC100: =YEAR(B100) -> 2026
B101: 46035 | I101: =IF(Job_Cards[[#This Row],[Customer Name]]="",I100,"") -> Paid | J101: B008041840025 | K101: =_xlfn.XLOOKUP(Job_Cards[[#This Row],[Part Code Issued]],'Inventory Check'!$A$3:$A$3000,'Inventory Check'!$B$3:$B$3000,"WRONG Code",0) -> FUEL FILTER | L101: 1 | M101: 1060 | N101: =M101*L101 -> 1060 | U101: =SUM(O101:T101) -> 0 | V101: =U101*0.18 -> 0 | X101: =Job_Cards[[#This Row],[GST on Lobour]]+Job_Cards[[#This Row],[Total Labour]]+Job_Cards[[#This Row],[Part Value]] -> 1060 | AA101: =DAY(B101) -> 13 | AB101: =MONTH(B101) -> 1 | AC101: =YEAR(B101) -> 2026
A102: 14/01/2026 | B102: 46036 | C102: 2080 | D102: Swami Vivekanand School Nandganj Ghazipur | G102: T2 | H102: School | I102: Counter Sale | J102: Force Motors Antifreeze Coolant 5 L | K102: =_xlfn.XLOOKUP(Job_Cards[[#This Row],[Part Code Issued]],'Inventory Check'!$A$3:$A$3000,'Inventory Check'!$B$3:$B$3000,"WRONG Code",0) -> Force Motors Antifreeze Coolant 5 L | L102: 1 | M102: 1425 | N102: =M102*L102 -> 1425 | U102: =SUM(O102:T102) -> 0 | V102: =U102*0.18 -> 0 | X102: =Job_Cards[[#This Row],[GST on Lobour]]+Job_Cards[[#This Row],[Total Labour]]+Job_Cards[[#This Row],[Part Value]] -> 1425 | AA102: =DAY(B102) -> 14 | AB102: =MONTH(B102) -> 1 | AC102: =YEAR(B102) -> 2026
B103: 46036 | I103: =IF(Job_Cards[[#This Row],[Customer Name]]="",I102,"") -> Counter Sale | J103: B001809931010 | K103: =_xlfn.XLOOKUP(Job_Cards[[#This Row],[Part Code Issued]],'Inventory Check'!$A$3:$A$3000,'Inventory Check'!$B$3:$B$3000,"WRONG Code",0) -> CLUTCH SPRING | L103: 1 | M103: 25 | N103: =M103*L103 -> 25 | U103: =SUM(O103:T103) -> 0 | V103: =U103*0.18 -> 0 | X103: =Job_Cards[[#This Row],[GST on Lobour]]+Job_Cards[[#This Row],[Total Labour]]+Job_Cards[[#This Row],[Part Value]] -> 25 | AA103: =DAY(B103) -> 14 | AB103: =MONTH(B103) -> 1 | AC103: =YEAR(B103) -> 2026
A104: 15/01/2026 | B104: 46037 | C104: 2081 | D104: Santosh Kushwaha Hansipara Ghazipur | E104: 8922834478 | G104: T2 | H104: Others | I104: Counter Sale | J104: Gulf Force BS VI (6.5L) | K104: =_xlfn.XLOOKUP(Job_Cards[[#This Row],[Part Code Issued]],'Inventory Check'!$A$3:$A$3000,'Inventory Check'!$B$3:$B$3000,"WRONG Code",0) -> Gulf Force BS VI (6.5L) | L104: 1 | M104: 2080 | N104: =M104*L104 -> 2080 | U104: =SUM(O104:T104) -> 0 | V104: =U104*0.18 -> 0 | X104: =Job_Cards[[#This Row],[GST on Lobour]]+Job_Cards[[#This Row],[Total Labour]]+Job_Cards[[#This Row],[Part Value]] -> 2080 | AA104: =DAY(B104) -> 15 | AB104: =MONTH(B104) -> 1 | AC104: =YEAR(B104) -> 2026
...

Sheet Daily report
A3: Parts PURCHASED
A5: Year | B5: 2026
A7: Sum of MRP | B7: Month
A8: Purchase from | B8: 1 | C8: 2 | D8: 3 | E8: 4 | F8: 5 | G8: 6 | H8: 7
A9: VNS.GAPL | B9: 40182 | C9: 77364 | D9: 157695 | E9: 340208 | F9: 43321 | G9: 72808 | H9: 52759
A10: Sanjay Panday | B10: 28376
A11: Purchase Gzp | B11: 65 | D11: 100 | F11: 95 | G11: 360 | H11: 330
A12: GZP. SWB | F12: 580 | G12: 65 | H12: 1475
A13: Grand Total | B13: 68623 | C13: 77364 | D13: 157795 | E13: 340208 | F13: 43996 | G13: 73233 | H13: 54564
A17: Parts SOLD
A20: Year | B20: (Multiple Items)
A22: Sum of Part Value | B22: Month
A23: Type Of Service | B23: 1 | C23: 12 | D23: 2 | E23: 6 | F23: 4 | G23: 7 | H23: 3 | I23: 5
A24: Free Service | B24: 55753 | C24: 63346 | D24: 89603 | E24: 72013 | F24: 88245 | G24: 22977 | H24: 138820 | I24: 38451
A25: Paid | B25: 70002 | C25: 38305 | D25: 109639.5 | E25: 286380 | F25: 105091 | G25: 94023 | H25: 121786 | I25: 125242
A26: Counter Sale | B26: 40062 | C26: 2409 | D26: 18088 | E26: 28732 | F26: 37856 | G26: 30532 | H26: 37780 | I26: 11160
A27: Breakdown | F27: 3876
A28: Grand Total | B28: 165817 | C28: 104060 | D28: 217330.5 | E28: 387125 | F28: 235068 | G28: 147532 | H28: 298386 | I28: 174853
A32: Daily Report
A34: Year | B34: 2026
A36: Count of Customer Name | B36: Month
A37: Type Of Service | B37: 4 | C37: 5 | D37: 6 | E37: Grand Total
A38: Free Service | B38: 19 | C38: 13 | D38: 18 | E38: 50
A39: Paid | B39: 25 | C39: 30 | D39: 39 | E39: 94
A40: Counter Sale | B40: 15 | C40: 10 | D40: 18 | E40: 43
A41: Breakdown | B41: 3 | E41: 3
A42: Grand Total | B42: 62 | C42: 53 | D42: 75 | E42: 190

Sheet Spare Part IN
A1: Purchase from | B1: Date In | C1: Challan/Invoice Number | D1: Part Code | E1: Part Description | F1: Qty In | G1: Rack No | H1: MRP | I1: Stock Value | J1: Month | K1: Year
I2: =Parts_Purchase[[#This Row],[Qty In]]*Parts_Purchase[[#This Row],[MRP]] -> 0
A3: VNS.GAPL | B3: 46000 | D3: T006868101716 | E3: Side Miror RH | F3: 1 | G3: 46 | H3: 2936 | I3: =Parts_Purchase[[#This Row],[Qty In]]*Parts_Purchase[[#This Row],[MRP]] -> 2936 | J3: =MONTH(B3) -> 12 | K3: =YEAR(B3) -> 2025
A4: VNS.GAPL | B4: 46000 | D4: T006865862431 | E4: SHIFTING DOM KIT | F4: 1 | G4: 39 | H4: 8339 | I4: =Parts_Purchase[[#This Row],[Qty In]]*Parts_Purchase[[#This Row],[MRP]] -> 8339 | J4: =MONTH(B4) -> 12 | K4: =YEAR(B4) -> 2025
A5: VNS.GAPL | B5: 46000 | D5: B001809931010 | E5: CLUTCH SPRING | F5: 2 | G5: 63 | H5: 17 | I5: =Parts_Purchase[[#This Row],[Qty In]]*Parts_Purchase[[#This Row],[MRP]] -> 34 | J5: =MONTH(B5) -> 12 | K5: =YEAR(B5) -> 2025
A6: VNS.GAPL | B6: 46000 | D6: B006017400335 | E6: REAR DOOR LOCK (TRAVELLER) | F6: 1 | G6: 55C | H6: 643 | I6: =Parts_Purchase[[#This Row],[Qty In]]*Parts_Purchase[[#This Row],[MRP]] -> 643 | J6: =MONTH(B6) -> 12 | K6: =YEAR(B6) -> 2025
A7: VNS.GAPL | B7: 46000 | D7: B006017202035 | E7: Cab Door Latch Assembly RH | F7: 2 | G7: 55C | H7: 592 | I7: =Parts_Purchase[[#This Row],[Qty In]]*Parts_Purchase[[#This Row],[MRP]] -> 1184 | J7: =MONTH(B7) -> 12 | K7: =YEAR(B7) -> 2025 | L7: *
A8: VNS.GAPL | B8: 46000 | D8: T006867500184 | E8: BONNET LATCH ASSY | F8: 1 | G8: 55C | H8: 268 | I8: =Parts_Purchase[[#This Row],[Qty In]]*Parts_Purchase[[#This Row],[MRP]] -> 268 | J8: =MONTH(B8) -> 12 | K8: =YEAR(B8) -> 2025
A9: VNS.GAPL | B9: 46000 | D9: B008081803210 | E9: Oil Filter | F9: 26 | G9: 18 | H9: 359 | I9: =Parts_Purchase[[#This Row],[Qty In]]*Parts_Purchase[[#This Row],[MRP]] -> 9334 | J9: =MONTH(B9) -> 12 | K9: =YEAR(B9) -> 2025
A10: VNS.GAPL | B10: 46000 | D10: B00868470000210 | E10: SPIN-ON FILTER | F10: 30 | G10: 13 | H10: 655 | I10: =Parts_Purchase[[#This Row],[Qty In]]*Parts_Purchase[[#This Row],[MRP]] -> 19650 | J10: =MONTH(B10) -> 12 | K10: =YEAR(B10) -> 2025
A11: VNS.GAPL | B11: 46000 | D11: Gulf Force BS VI (6.5L) | E11: Gulf Force BS VI (6.5L) | F11: 18 | G11: 1 | H11: 2080 | I11: =Parts_Purchase[[#This Row],[Qty In]]*Parts_Purchase[[#This Row],[MRP]] -> 37440 | J11: =MONTH(B11) -> 12 | K11: =YEAR(B11) -> 2025 | L11: *
A12: VNS.GAPL | B12: 46000 | D12: Suletion Tap | E12: Suletion Tap | F12: 2 | G12: 28 | H12: 25 | I12: =Parts_Purchase[[#This Row],[Qty In]]*Parts_Purchase[[#This Row],[MRP]] -> 50 | J12: =MONTH(B12) -> 12 | K12: =YEAR(B12) -> 2025
A13: VNS.GAPL | B13: 46000 | D13: BALANCING BUSH 19 NO. | E13: BALANCING BUSH 19 NO. | F13: 4 | G13: 29B | H13: 50 | I13: =Parts_Purchase[[#This Row],[Qty In]]*Parts_Purchase[[#This Row],[MRP]] -> 200 | J13: =MONTH(B13) -> 12 | K13: =YEAR(B13) -> 2025
A14: VNS.GAPL | B14: 46000 | D14: BALANCING BUSH 22 NO. | E14: BALANCING BUSH 22 NO. | F14: 4 | G14: 29C | H14: 50 | I14: =Parts_Purchase[[#This Row],[Qty In]]*Parts_Purchase[[#This Row],[MRP]] -> 200 | J14: =MONTH(B14) -> 12 | K14: =YEAR(B14) -> 2025
A15: VNS.GAPL | B15: 46000 | D15: SHOCKAR BUSH 19 NO. | E15: SHOCKAR BUSH 19 NO. | F15: 4 | G15: 29A | H15: 50 | I15: =Parts_Purchase[[#This Row],[Qty In]]*Parts_Purchase[[#This Row],[MRP]] -> 200 | J15: =MONTH(B15) -> 12 | K15: =YEAR(B15) -> 2025
A16: VNS.GAPL | B16: 46000 | D16: SHOCKAR BUSH 22 NO. | E16: SHOCKAR BUSH 22 NO. | F16: 2 | G16: 29C | H16: 50 | I16: =Parts_Purchase[[#This Row],[Qty In]]*Parts_Purchase[[#This Row],[MRP]] -> 100 | J16: =MONTH(B16) -> 12 | K16: =YEAR(B16) -> 2025 | L16: *
A17: VNS.GAPL | B17: 46006 | D17: B008081803210 | E17: Oil Filter | F17: 5 | G17: 18 | H17: 359 | I17: =Parts_Purchase[[#This Row],[Qty In]]*Parts_Purchase[[#This Row],[MRP]] -> 1795 | J17: =MONTH(B17) -> 12 | K17: =YEAR(B17) -> 2025
A18: VNS.GAPL | B18: 46006 | D18: B008080900252 | E18: FUEL FILTER | F18: 5 | G18: 12 | H18: 1575 | I18: =Parts_Purchase[[#This Row],[Qty In]]*Parts_Purchase[[#This Row],[MRP]] -> 7875 | J18: =MONTH(B18) -> 12 | K18: =YEAR(B18) -> 2025
A19: VNS.GAPL | B19: 46006 | D19: B008041840025 | E19: FUEL FILTER | F19: 6 | G19: 14 | H19: 1060 | I19: =Parts_Purchase[[#This Row],[Qty In]]*Parts_Purchase[[#This Row],[MRP]] -> 6360 | J19: =MONTH(B19) -> 12 | K19: =YEAR(B19) -> 2025
A20: VNS.GAPL | B20: 46006 | D20: B008041840125 | E20: FUEL FILTER | F20: 5 | G20: 14 | H20: 711 | I20: =Parts_Purchase[[#This Row],[Qty In]]*Parts_Purchase[[#This Row],[MRP]] -> 3555 | J20: =MONTH(B20) -> 12 | K20: =YEAR(B20) -> 2025 | L20: *
A21: VNS.GAPL | B21: 46006 | D21: T006860940280 | E21: AIR FILTER | F21: 4 | G21: 6 | H21: 1388 | I21: =Parts_Purchase[[#This Row],[Qty In]]*Parts_Purchase[[#This Row],[MRP]] -> 5552 | J21: =MONTH(B21) -> 12 | K21: =YEAR(B21) -> 2025
A22: VNS.GAPL | B22: 46006 | D22: T006860940080 | E22: AIR FILTER | F22: 5 | G22: 11 | H22: 693 | I22: =Parts_Purchase[[#This Row],[Qty In]]*Parts_Purchase[[#This Row],[MRP]] -> 3465 | J22: =MONTH(B22) -> 12 | K22: =YEAR(B22) -> 2025
A23: VNS.GAPL | B23: 46006 | D23: B008540940304 | E23: AIR FILTER | F23: 8 | G23: 21 | H23: 994 | I23: =Parts_Purchase[[#This Row],[Qty In]]*Parts_Purchase[[#This Row],[MRP]] -> 7952 | J23: =MONTH(B23) -> 12 | K23: =YEAR(B23) -> 2025 | L23: *
A24: VNS.GAPL | B24: 46006 | D24: B008680940080 | E24: AIR FILTER | F24: 2 | G24: 6 | H24: 1138 | I24: =Parts_Purchase[[#This Row],[Qty In]]*Parts_Purchase[[#This Row],[MRP]] -> 2276 | J24: =MONTH(B24) -> 12 | K24: =YEAR(B24) -> 2025
A25: VNS.GAPL | B25: 46006 | D25: B008090500011 | E25: Tensioner Assly | F25: 1 | G25: 43 | H25: 1413 | I25: =Parts_Purchase[[#This Row],[Qty In]]*Parts_Purchase[[#This Row],[MRP]] -> 1413 | J25: =MONTH(B25) -> 12 | K25: =YEAR(B25) -> 2025
A26: VNS.GAPL | B26: 46006 | D26: B008089970795 | E26: Poly V Belt 5 Pk 1549 | F26: 3 | G26: 23A | H26: 623 | I26: =Parts_Purchase[[#This Row],[Qty In]]*Parts_Purchase[[#This Row],[MRP]] -> 1869 | J26: =MONTH(B26) -> 12 | K26: =YEAR(B26) -> 2025 | L26: *
A27: VNS.GAPL | B27: 46006 | D27: B008545861843 | E27: KIT LINING SET | F27: 1 | G27: 49 | H27: 1215 | I27: =Parts_Purchase[[#This Row],[Qty In]]*Parts_Purchase[[#This Row],[MRP]] -> 1215 | J27: =MONTH(B27) -> 12 | K27: =YEAR(B27) -> 2025 | L27: *
A28: VNS.GAPL | B28: 46006 | D28: T006865860242 | E28: BRAKE PISTON KIT | F28: 2 | G28: 38 | H28: 2824 | I28: =Parts_Purchase[[#This Row],[Qty In]]*Parts_Purchase[[#This Row],[MRP]] -> 5648 | J28: =MONTH(B28) -> 12 | K28: =YEAR(B28) -> 2025
A29: VNS.GAPL | B29: 46006 | D29: T006865860342 | E29: BRAKE SEAL KIT | F29: 1 | G29: 35C | H29: 3398 | I29: =Parts_Purchase[[#This Row],[Qty In]]*Parts_Purchase[[#This Row],[MRP]] -> 3398 | J29: =MONTH(B29) -> 12 | K29: =YEAR(B29) -> 2025
A30: VNS.GAPL | B30: 46006 | D30: T006865868030 | E30: BRAKE PAD | F30: 5 | G30: 44 | H30: 2296 | I30: =Parts_Purchase[[#This Row],[Qty In]]*Parts_Purchase[[#This Row],[MRP]] -> 11480 | J30: =MONTH(B30) -> 12 | K30: =YEAR(B30) -> 2025
A31: VNS.GAPL | B31: 46006 | D31: B008553200030 | E31: FRONT SHOKER | F31: 1 | G31: 58 | H31: 1000 | I31: =Parts_Purchase[[#This Row],[Qty In]]*Parts_Purchase[[#This Row],[MRP]] -> 1000 | J31: =MONTH(B31) -> 12 | K31: =YEAR(B31) -> 2025
A32: VNS.GAPL | B32: 46006 | D32: T006869810505 | E32: Taper Roller Bearing | F32: 4 | G32: 50 | H32: 405 | I32: =Parts_Purchase[[#This Row],[Qty In]]*Parts_Purchase[[#This Row],[MRP]] -> 1620 | J32: =MONTH(B32) -> 12 | K32: =YEAR(B32) -> 2025
A33: VNS.GAPL | B33: 46006 | D33: B008543210050 | E33: Bimetal Bush with Oil-Groove | F33: 4 | G33: 43 | H33: 295 | I33: =Parts_Purchase[[#This Row],[Qty In]]*Parts_Purchase[[#This Row],[MRP]] -> 1180 | J33: =MONTH(B33) -> 12 | K33: =YEAR(B33) -> 2025 | L33: *
A34: VNS.GAPL | B34: 46006 | D34: A000023022372 | E34: Wheel Joint assly | F34: 4 | G34: 38 | H34: 641 | I34: =Parts_Purchase[[#This Row],[Qty In]]*Parts_Purchase[[#This Row],[MRP]] -> 2564 | J34: =MONTH(B34) -> 12 | K34: =YEAR(B34) -> 2025 | L34: *
A35: VNS.GAPL | B35: 46006 | D35: A000023016982 | E35: Silent Block | F35: 4 | G35: 35S | H35: 113 | I35: =Parts_Purchase[[#This Row],[Qty In]]*Parts_Purchase[[#This Row],[MRP]] -> 452 | J35: =MONTH(B35) -> 12 | K35: =YEAR(B35) -> 2025
A36: VNS.GAPL | B36: 46006 | D36: B008544600005 | E36: Drag Link Assembly (Greaserless TALBROS) | F36: 2 | G36: 34C | H36: 1203 | I36: =Parts_Purchase[[#This Row],[Qty In]]*Parts_Purchase[[#This Row],[MRP]] -> 2406 | J36: =MONTH(B36) -> 12 | K36: =YEAR(B36) -> 2025
A37: VNS.GAPL | B37: 46006 | D37: A000023062902 | E37: Track Rod Assly. (Talbros-Greaserless) | F37: 2 | G37: 34C | H37: 1211 | I37: =Parts_Purchase[[#This Row],[Qty In]]*Parts_Purchase[[#This Row],[MRP]] -> 2422 | J37: =MONTH(B37) -> 12 | K37: =YEAR(B37) -> 2025
A38: VNS.GAPL | B38: 46006 | D38: B008554600006 | E38: Connecting Link (Judo DLX) | F38: 1 | G38: 29 | H38: 1259 | I38: =Parts_Purchase[[#This Row],[Qty In]]*Parts_Purchase[[#This Row],[MRP]] -> 1259 | J38: =MONTH(B38) -> 12 | K38: =YEAR(B38) -> 2025 | L38: *
A39: VNS.GAPL | B39: 46006 | D39: A000053060792 | E39: Bearing Bushes | F39: 2 | G39: 29C | H39: 368 | I39: =Parts_Purchase[[#This Row],[Qty In]]*Parts_Purchase[[#This Row],[MRP]] -> 736 | J39: =MONTH(B39) -> 12 | K39: =YEAR(B39) -> 2025
A40: VNS.GAPL | B40: 46006 | D40: A000053060162 | E40: Rubber Seal | F40: 17 | G40: 35 o | H40: 9 | I40: =Parts_Purchase[[#This Row],[Qty In]]*Parts_Purchase[[#This Row],[MRP]] -> 153 | J40: =MONTH(B40) -> 12 | K40: =YEAR(B40) -> 2025 | L40: *
A41: VNS.GAPL | B41: 46006 | D41: B008548200542 | E41: Wiper Motar | F41: 1 | G41: 38 | H41: 2134 | I41: =Parts_Purchase[[#This Row],[Qty In]]*Parts_Purchase[[#This Row],[MRP]] -> 2134 | J41: =MONTH(B41) -> 12 | K41: =YEAR(B41) -> 2025
A42: VNS.GAPL | B42: 46006 | D42: B008548200145 | E42: Wiper Blade | F42: 8 | G42: 24A | H42: 176 | I42: =Parts_Purchase[[#This Row],[Qty In]]*Parts_Purchase[[#This Row],[MRP]] -> 1408 | J42: =MONTH(B42) -> 12 | K42: =YEAR(B42) -> 2025 | L42: *
A43: VNS.GAPL | B43: 46006 | D43: B008545420307 | E43: SPEEDOMETER CABLE WITH NYLON | F43: 2 | G43: 24B | H43: 436 | I43: =Parts_Purchase[[#This Row],[Qty In]]*Parts_Purchase[[#This Row],[MRP]] -> 872 | J43: =MONTH(B43) -> 12 | K43: =YEAR(B43) -> 2025
A44: VNS.GAPL | B44: 46006 | D44: B008558100451 | E44: Rear View Mirror LH | F44: 1 | G44: 42 | H44: 268 | I44: =Parts_Purchase[[#This Row],[Qty In]]*Parts_Purchase[[#This Row],[MRP]] -> 268 | J44: =MONTH(B44) -> 12 | K44: =YEAR(B44) -> 2025 | L44: *
A45: VNS.GAPL | B45: 46006 | D45: B008557300035 | E45: Latch assly with link LH ( Side door) | F45: 1 | G45: 55A | H45: 309 | I45: =Parts_Purchase[[#This Row],[Qty In]]*Parts_Purchase[[#This Row],[MRP]] -> 309 | J45: =MONTH(B45) -> 12 | K45: =YEAR(B45) -> 2025
A46: VNS.GAPL | B46: 46006 | D46: B008557300135 | E46: Latch assly with link RH ( side door) | F46: 1 | G46: 55A | H46: 309 | I46: =Parts_Purchase[[#This Row],[Qty In]]*Parts_Purchase[[#This Row],[MRP]] -> 309 | J46: =MONTH(B46) -> 12 | K46: =YEAR(B46) -> 2025
A47: VNS.GAPL | B47: 46006 | D47: B008528200920 | E47: Tail Lamp Assembly LH | F47: 2 | G47: 48 | H47: 388 | I47: =Parts_Purchase[[#This Row],[Qty In]]*Parts_Purchase[[#This Row],[MRP]] -> 776 | J47: =MONTH(B47) -> 12 | K47: =YEAR(B47) -> 2025
A48: VNS.GAPL | B48: 46006 | D48: B008528201020 | E48: Tail Lamp Assembly RH | F48: 2 | G48: 48 | H48: 388 | I48: =Parts_Purchase[[#This Row],[Qty In]]*Parts_Purchase[[#This Row],[MRP]] -> 776 | J48: =MONTH(B48) -> 12 | K48: =YEAR(B48) -> 2025
A49: VNS.GAPL | B49: 46006 | D49: B008563200089 | E49: Link for anti roll bar | F49: 4 | G49: 34C | H49: 334 | I49: =Parts_Purchase[[#This Row],[Qty In]]*Parts_Purchase[[#This Row],[MRP]] -> 1336 | J49: =MONTH(B49) -> 12 | K49: =YEAR(B49) -> 2025 | L49: *
A50: VNS.GAPL | B50: 46006 | D50: A000023022372 | E50: Wheel Joint assly | F50: 4 | G50: 38 | H50: 641 | I50: =Parts_Purchase[[#This Row],[Qty In]]*Parts_Purchase[[#This Row],[MRP]] -> 2564 | J50: =MONTH(B50) -> 12 | K50: =YEAR(B50) -> 2025 | L50: *
A51: VNS.GAPL | B51: 46006 | D51: B008563210052 | E51: Cup washer upper link | F51: 2 | G51: 35S | H51: 11 | I51: =Parts_Purchase[[#This Row],[Qty In]]*Parts_Purchase[[#This Row],[MRP]] -> 22 | J51: =MONTH(B51) -> 12 | K51: =YEAR(B51) -> 2025
A52: VNS.GAPL | B52: 46006 | D52: B008543201031 | E52: Rear Shock Absorber | F52: 2 | G52: 58 | H52: 1194 | I52: =Parts_Purchase[[#This Row],[Qty In]]*Parts_Purchase[[#This Row],[MRP]] -> 2388 | J52: =MONTH(B52) -> 12 | K52: =YEAR(B52) -> 2025
A53: VNS.GAPL | B53: 46006 | D53: B008557301935 | E53: Side Door Latch Assembly LH | F53: 1 | G53: 44 | H53: 1286 | I53: =Parts_Purchase[[#This Row],[Qty In]]*Parts_Purchase[[#This Row],[MRP]] -> 1286 | J53: =MONTH(B53) -> 12 | K53: =YEAR(B53) -> 2025
A54: VNS.GAPL | B54: 46006 | D54: B008557201935 | E54: Cab Door Latch Assembly LH | F54: 1 | G54: 53 | H54: 1272 | I54: =Parts_Purchase[[#This Row],[Qty In]]*Parts_Purchase[[#This Row],[MRP]] -> 1272 | J54: =MONTH(B54) -> 12 | K54: =YEAR(B54) -> 2025 | L54: *
A55: VNS.GAPL | B55: 46006 | D55: B008557202035 | E55: Cab Door Latch Assembly RH | F55: 1 | G55: 37 | H55: 1417 | I55: =Parts_Purchase[[#This Row],[Qty In]]*Parts_Purchase[[#This Row],[MRP]] -> 1417 | J55: =MONTH(B55) -> 12 | K55: =YEAR(B55) -> 2025
A56: VNS.GAPL | B56: 46006 | D56: B008558101751 | E56: Rear View Mirror RH | F56: 3 | G56: 37 | H56: 250 | I56: =Parts_Purchase[[#This Row],[Qty In]]*Parts_Purchase[[#This Row],[MRP]] -> 750 | J56: =MONTH(B56) -> 12 | K56: =YEAR(B56) -> 2025 | L56: *
A57: VNS.GAPL | B57: 46006 | D57: B008557600259 | E57: Door Handle Outer | F57: 2 | G57: 55B | H57: 291 | I57: =Parts_Purchase[[#This Row],[Qty In]]*Parts_Purchase[[#This Row],[MRP]] -> 582 | J57: =MONTH(B57) -> 12 | K57: =YEAR(B57) -> 2025 | L57: *
A58: VNS.GAPL | B58: 46006 | D58: B008557600359 | E58: DOOR HANDLE OUTER RH | F58: 4 | G58: 55B | H58: 268 | I58: =Parts_Purchase[[#This Row],[Qty In]]*Parts_Purchase[[#This Row],[MRP]] -> 1072 | J58: =MONTH(B58) -> 12 | K58: =YEAR(B58) -> 2025 | L58: *
A59: VNS.GAPL | B59: 46006 | D59: B008548200620 | E59: Tail Lamp Assembly. LH With Bulb | F59: 3 | G59: 52 | H59: 1060 | I59: =Parts_Purchase[[#This Row],[Qty In]]*Parts_Purchase[[#This Row],[MRP]] -> 3180 | J59: =MONTH(B59) -> 12 | K59: =YEAR(B59) -> 2025 | L59: *
A60: VNS.GAPL | B60: 46006 | D60: B008548200761 | E60: Head Lamp Assembly LH | F60: 3 | G60: 51 | H60: 3498 | I60: =Parts_Purchase[[#This Row],[Qty In]]*Parts_Purchase[[#This Row],[MRP]] -> 10494 | J60: =MONTH(B60) -> 12 | K60: =YEAR(B60) -> 2025 | L60: *
A61: VNS.GAPL | B61: 46006 | D61: B008548200861 | E61: Head Lamp Assembly RH | F61: 3 | G61: 51 | H61: 3498 | I61: =Parts_Purchase[[#This Row],[Qty In]]*Parts_Purchase[[#This Row],[MRP]] -> 10494 | J61: =MONTH(B61) -> 12 | K61: =YEAR(B61) -> 2025 | L61: *
A62: VNS.GAPL | B62: 46006 | D62: B008548200720 | E62: Tail Lamp Assembly. RH With Bulb | F62: 2 | G62: 52 | H62: 1126 | I62: =Parts_Purchase[[#This Row],[Qty In]]*Parts_Purchase[[#This Row],[MRP]] -> 2252 | J62: =MONTH(B62) -> 12 | K62: =YEAR(B62) -> 2025 | L62: *
A63: VNS.GAPL | B63: 46006 | D63: B008558200145 | E63: Wiper Blade Assembly (Trax RFR) | F63: 2 | G63: 24A | H63: 204 | I63: =Parts_Purchase[[#This Row],[Qty In]]*Parts_Purchase[[#This Row],[MRP]] -> 408 | J63: =MONTH(B63) -> 12 | K63: =YEAR(B63) -> 2025 | L63: *
A64: VNS.GAPL | B64: 46006 | D64: B008089970895 | E64: Poly V Belt 5 Pk Strech 937 | F64: 3 | G64: 23A | H64: 574 | I64: =Parts_Purchase[[#This Row],[Qty In]]*Parts_Purchase[[#This Row],[MRP]] -> 1722 | J64: =MONTH(B64) -> 12 | K64: =YEAR(B64) -> 2025 | L64: *
A65: VNS.GAPL | B65: 46006 | D65: B008089971695 | E65: Poly V-Belt 6 Pk 1159 (AC + PS) | F65: 1 | G65: 23A | H65: 517 | I65: =Parts_Purchase[[#This Row],[Qty In]]*Parts_Purchase[[#This Row],[MRP]] -> 517 | J65: =MONTH(B65) -> 12 | K65: =YEAR(B65) -> 2025
A66: VNS.GAPL | B66: 46010 | D66: Gulf Force AdBlue (20 L) | E66: Gulf Force AdBlue (20 L) | F66: 33 | G66: 1 | H66: 1480 | I66: =Parts_Purchase[[#This Row],[Qty In]]*Parts_Purchase[[#This Row],[MRP]] -> 48840 | J66: =MONTH(B66) -> 12 | K66: =YEAR(B66) -> 2025 | L66: *
A67: VNS.GAPL | B67: 46011 | D67: Gulf Force AdBlue (10) | E67: Gulf Force AdBlue (10) | F67: 33 | G67: 1 | H67: 770 | I67: =Parts_Purchase[[#This Row],[Qty In]]*Parts_Purchase[[#This Row],[MRP]] -> 25410 | J67: =MONTH(B67) -> 12 | K67: =YEAR(B67) -> 2025 | L67: *
A68: VNS.GAPL | B68: 46011 | D68: Gulf Force BS VI (6.5L) | E68: Gulf Force BS VI (6.5L) | F68: 50 | G68: 1 | H68: 2080 | I68: =Parts_Purchase[[#This Row],[Qty In]]*Parts_Purchase[[#This Row],[MRP]] -> 104000 | J68: =MONTH(B68) -> 12 | K68: =YEAR(B68) -> 2025
A69: VNS.GAPL | B69: 46014 | D69: Force Motors Antifreeze Coolant 1 L | E69: Force Motors Antifreeze Coolant 1 L | F69: 70 | G69: 7 | H69: 325 | I69: =Parts_Purchase[[#This Row],[Qty In]]*Parts_Purchase[[#This Row],[MRP]] -> 22750 | J69: =MONTH(B69) -> 12 | K69: =YEAR(B69) -> 2025
A70: VNS.GAPL | B70: 46014 | D70: Force Motors Antifreeze Coolant 5 L | E70: Force Motors Antifreeze Coolant 5 L | F70: 28 | G70: 10 | H70: 1425 | I70: =Parts_Purchase[[#This Row],[Qty In]]*Parts_Purchase[[#This Row],[MRP]] -> 39900 | J70: =MONTH(B70) -> 12 | K70: =YEAR(B70) -> 2025
A71: VNS.GAPL | B71: 46019 | D71: T006860940080 | E71: AIR FILTER | F71: 4 | G71: 11 | H71: 693 | I71: =Parts_Purchase[[#This Row],[Qty In]]*Parts_Purchase[[#This Row],[MRP]] -> 2772 | J71: =MONTH(B71) -> 12 | K71: =YEAR(B71) -> 2025
A72: VNS.GAPL | B72: 46019 | D72: B008089970795 | E72: Poly V Belt 5 Pk 1549 | F72: 4 | G72: 23A | H72: 623 | I72: =Parts_Purchase[[#This Row],[Qty In]]*Parts_Purchase[[#This Row],[MRP]] -> 2492 | J72: =MONTH(B72) -> 12 | K72: =YEAR(B72) -> 2025 | L72: *
A73: VNS.GAPL | B73: 46019 | D73: B008553200030 | E73: FRONT SHOKER | F73: 1 | G73: 58 | H73: 1000 | I73: =Parts_Purchase[[#This Row],[Qty In]]*Parts_Purchase[[#This Row],[MRP]] -> 1000 | J73: =MONTH(B73) -> 12 | K73: =YEAR(B73) -> 2025
A74: VNS.GAPL | B74: 46019 | D74: B008554600006 | E74: Connecting Link (Judo DLX) | F74: 1 | G74: 29 | H74: 1259 | I74: =Parts_Purchase[[#This Row],[Qty In]]*Parts_Purchase[[#This Row],[MRP]] -> 1259 | J74: =MONTH(B74) -> 12 | K74: =YEAR(B74) -> 2025
A75: VNS.GAPL | B75: 46019 | D75: B008545420307 | E75: SPEEDOMETER CABLE WITH NYLON | F75: 2 | G75: 24B | H75: 436 | I75: =Parts_Purchase[[#This Row],[Qty In]]*Parts_Purchase[[#This Row],[MRP]] -> 872 | J75: =MONTH(B75) -> 12 | K75: =YEAR(B75) -> 2025
A76: VNS.GAPL | B76: 46019 | D76: B008557600059 | E76: New type DOOR HANDLE LH | F76: 4 | G76: 55B | H76: 306 | I76: =Parts_Purchase[[#This Row],[Qty In]]*Parts_Purchase[[#This Row],[MRP]] -> 1224 | J76: =MONTH(B76) -> 12 | K76: =YEAR(B76) -> 2025 | L76: *
A77: VNS.GAPL | B77: 46019 | D77: B008557600159 | E77: New type DOOR HANDLE RH | F77: 4 | G77: 55B | H77: 306 | I77: =Parts_Purchase[[#This Row],[Qty In]]*Parts_Purchase[[#This Row],[MRP]] -> 1224 | J77: =MONTH(B77) -> 12 | K77: =YEAR(B77) -> 2025 | L77: *
A78: VNS.GAPL | B78: 46019 | D78: B008563200089 | E78: Link for anti roll bar | F78: 2 | G78: 34C | H78: 334 | I78: =Parts_Purchase[[#This Row],[Qty In]]*Parts_Purchase[[#This Row],[MRP]] -> 668 | J78: =MONTH(B78) -> 12 | K78: =YEAR(B78) -> 2025
A79: VNS.GAPL | B79: 46019 | D79: B008543201031 | E79: Rear Shock Absorber | F79: 2 | G79: 58 | H79: 1194 | I79: =Parts_Purchase[[#This Row],[Qty In]]*Parts_Purchase[[#This Row],[MRP]] -> 2388 | J79: =MONTH(B79) -> 12 | K79: =YEAR(B79) -> 2025
A80: VNS.GAPL | B80: 46019 | D80: B008557202035 | E80: Cab Door Latch Assembly RH | F80: 1 | G80: 37 | H80: 1417 | I80: =Parts_Purchase[[#This Row],[Qty In]]*Parts_Purchase[[#This Row],[MRP]] -> 1417 | J80: =MONTH(B80) -> 12 | K80: =YEAR(B80) -> 2025 | L80: *
A81: VNS.GAPL | B81: 46019 | D81: B008557600359 | E81: DOOR HANDLE OUTER RH | F81: 4 | G81: 55B | H81: 268 | I81: =Parts_Purchase[[#This Row],[Qty In]]*Parts_Purchase[[#This Row],[MRP]] -> 1072 | J81: =MONTH(B81) -> 12 | K81: =YEAR(B81) -> 2025
A82: VNS.GAPL | B82: 46019 | D82: B008558200145 | E82: Wiper Blade Assembly (Trax RFR) | F82: 4 | G82: 24A | H82: 204 | I82: =Parts_Purchase[[#This Row],[Qty In]]*Parts_Purchase[[#This Row],[MRP]] -> 816 | J82: =MONTH(B82) -> 12 | K82: =YEAR(B82) -> 2025
A83: VNS.GAPL | B83: 46019 | D83: B008089970895 | E83: Poly V Belt 5 Pk Strech 937 | F83: 2 | G83: 23A | H83: 574 | I83: =Parts_Purchase[[#This Row],[Qty In]]*Parts_Purchase[[#This Row],[MRP]] -> 1148 | J83: =MONTH(B83) -> 12 | K83: =YEAR(B83) -> 2025
A84: VNS.GAPL | B84: 46019 | D84: B008080500711 | E84: Tensioner Assembly | F84: 2 | G84: 43 | H84: 2913 | I84: =Parts_Purchase[[#This Row],[Qty In]]*Parts_Purchase[[#This Row],[MRP]] -> 5826 | J84: =MONTH(B84) -> 12 | K84: =YEAR(B84) -> 2025
A85: VNS.GAPL | B85: 46019 | D85: T006869810405 | E85: T R BEARING | F85: 3 | G85: 50B | H85: 527 | I85: =Parts_Purchase[[#This Row],[Qty In]]*Parts_Purchase[[#This Row],[MRP]] -> 1581 | J85: =MONTH(B85) -> 12 | K85: =YEAR(B85) -> 2025 | L85: *
A86: VNS.GAPL | B86: 46019 | D86: T006869810205 | E86: T R BEARING | F86: 5 | G86: 50B | H86: 369 | I86: =Parts_Purchase[[#This Row],[Qty In]]*Parts_Purchase[[#This Row],[MRP]] -> 1845 | J86: =MONTH(B86) -> 12 | K86: =YEAR(B86) -> 2025 | L86: *
A87: VNS.GAPL | B87: 46019 | D87: T006868200145 | E87: WIPER BLADE | F87: 10 | G87: 24A | H87: 155 | I87: =Parts_Purchase[[#This Row],[Qty In]]*Parts_Purchase[[#This Row],[MRP]] -> 1550 | J87: =MONTH(B87) -> 12 | K87: =YEAR(B87) -> 2025 | L87: *
A88: VNS.GAPL | B88: 46019 | D88: T006866260112 | E88: MUD DIFLECTOR RH | F88: 4 | G88: 36 | H88: 1093 | I88: =Parts_Purchase[[#This Row],[Qty In]]*Parts_Purchase[[#This Row],[MRP]] -> 4372 | J88: =MONTH(B88) -> 12 | K88: =YEAR(B88) -> 2025
A89: VNS.GAPL | B89: 46019 | D89: T006866260012 | E89: MUD DIFLECTOR LH | F89: 4 | G89: 36 | H89: 1093 | I89: =Parts_Purchase[[#This Row],[Qty In]]*Parts_Purchase[[#This Row],[MRP]] -> 4372 | J89: =MONTH(B89) -> 12 | K89: =YEAR(B89) -> 2025
A90: VNS.GAPL | B90: 46019 | D90: B008081533228 | E90: Engine speed sensor | F90: 2 | G90: 42 | H90: 2102 | I90: =Parts_Purchase[[#This Row],[Qty In]]*Parts_Purchase[[#This Row],[MRP]] -> 4204 | J90: =MONTH(B90) -> 12 | K90: =YEAR(B90) -> 2025 | L90: *
A91: VNS.GAPL | B91: 46019 | D91: B008085420717 | E91: Oil Pressure Switch | F91: 7 | G91: 35 o | H91: 110 | I91: =Parts_Purchase[[#This Row],[Qty In]]*Parts_Purchase[[#This Row],[MRP]] -> 770 | J91: =MONTH(B91) -> 12 | K91: =YEAR(B91) -> 2025 | L91: *
A92: VNS.GAPL | B92: 46019 | D92: B008085420617 | E92: Temp Sensor | F92: 3 | G92: 35 S | H92: 717 | I92: =Parts_Purchase[[#This Row],[Qty In]]*Parts_Purchase[[#This Row],[MRP]] -> 2151 | J92: =MONTH(B92) -> 12 | K92: =YEAR(B92) -> 2025 | L92: *
A93: VNS.GAPL | B93: 46019 | D93: T006865425818 | E93: ENVIROMENTAL TEMPERATURE SENSOR | F93: 3 | G93: 35 S | H93: 310 | I93: =Parts_Purchase[[#This Row],[Qty In]]*Parts_Purchase[[#This Row],[MRP]] -> 930 | J93: =MONTH(B93) -> 12 | K93: =YEAR(B93) -> 2025 | L93: *
A94: VNS.GAPL | B94: 46019 | D94: T006862600530 | E94: CLUTCH RELEASE FORK T26 3250 CRDI | F94: 3 | G94: 50D | H94: 1045 | I94: =Parts_Purchase[[#This Row],[Qty In]]*Parts_Purchase[[#This Row],[MRP]] -> 3135 | J94: =MONTH(B94) -> 12 | K94: =YEAR(B94) -> 2025 | L94: *
A95: VNS.GAPL | B95: 46019 | D95: T006862602264 | E95: ShiftIng Cable | F95: 2 | G95: 25B | H95: 1036 | I95: =Parts_Purchase[[#This Row],[Qty In]]*Parts_Purchase[[#This Row],[MRP]] -> 2072 | J95: =MONTH(B95) -> 12 | K95: =YEAR(B95) -> 2025 | L95: *
A96: VNS.GAPL | B96: 46019 | D96: T006862602164 | E96: Gear Select Cable | F96: 2 | G96: 25B | H96: 972 | I96: =Parts_Purchase[[#This Row],[Qty In]]*Parts_Purchase[[#This Row],[MRP]] -> 1944 | J96: =MONTH(B96) -> 12 | K96: =YEAR(B96) -> 2025 | L96: *
A97: VNS.GAPL | B97: 46019 | D97: B006017202035 | E97: Cab Door Latch Assembly RH | F97: 3 | G97: 55C | H97: 592 | I97: =Parts_Purchase[[#This Row],[Qty In]]*Parts_Purchase[[#This Row],[MRP]] -> 1776 | J97: =MONTH(B97) -> 12 | K97: =YEAR(B97) -> 2025
A98: VNS.GAPL | B98: 46019 | D98: A000053060162 | E98: Rubber Seal | F98: 12 | G98: 35 o | H98: 9 | I98: =Parts_Purchase[[#This Row],[Qty In]]*Parts_Purchase[[#This Row],[MRP]] -> 108 | J98: =MONTH(B98) -> 12 | K98: =YEAR(B98) -> 2025 | L98: *
A99: VNS.GAPL | B99: 46019 | D99: B008081803210 | E99: Oil Filter | F99: 5 | G99: 18 | H99: 359 | I99: =Parts_Purchase[[#This Row],[Qty In]]*Parts_Purchase[[#This Row],[MRP]] -> 1795 | J99: =MONTH(B99) -> 12 | K99: =YEAR(B99) -> 2025
A100: VNS.GAPL | B100: 46019 | D100: B008080900252 | E100: FUEL FILTER | F100: 5 | G100: 12 | H100: 1575 | I100: =Parts_Purchase[[#This Row],[Qty In]]*Parts_Purchase[[#This Row],[MRP]] -> 7875 | J100: =MONTH(B100) -> 12 | K100: =YEAR(B100) -> 2025
...

Sheet Inventory Check
A2: Stock Value | B2: =SUM(Table3[[#All],[Stock Value]]) -> 1200553
A3: Part Code | B3: Part Description | C3: Rack No | D3: MRP | E3: Sum of Stock Value | F3: Total Purchased | G3: Total SOLD | H3: In Stock | I3: Stock Value
A4: (blank) | B4: (blank) | C4: (blank) | D4: (blank) | E4: 0 | F4: =SUMIF(Parts_Purchase[[#All],[Part Code]],'Inventory Check'!A4,Parts_Purchase[[#All],[Qty In]]) -> 0 | G4: =SUMIF(Job_Cards[[#All],[Part Code Issued]],'Inventory Check'!A4,Job_Cards[[#All],[Part Qty]]) -> 0 | H4: =F4-G4 -> 0 | I4: =IFERROR(H4*D4,0) -> 0
A5: 01 Inch | B5: Steel Pench | C5: 35 E | D5: 3 | E5: 87 | F5: =SUMIF(Parts_Purchase[[#All],[Part Code]],'Inventory Check'!A5,Parts_Purchase[[#All],[Qty In]]) -> 29 | G5: =SUMIF(Job_Cards[[#All],[Part Code Issued]],'Inventory Check'!A5,Job_Cards[[#All],[Part Qty]]) -> 0 | H5: =F5-G5 -> 29 | I5: =IFERROR(H5*D5,0) -> 87
A6: 22 No. Lock Nut | B6: 22 No. Lock Nut | C6: 35S | D6: 8 | E6: 8 | F6: =SUMIF(Parts_Purchase[[#All],[Part Code]],'Inventory Check'!A6,Parts_Purchase[[#All],[Qty In]]) -> 1 | G6: =SUMIF(Job_Cards[[#All],[Part Code Issued]],'Inventory Check'!A6,Job_Cards[[#All],[Part Qty]]) -> 0 | H6: =F6-G6 -> 1 | I6: =IFERROR(H6*D6,0) -> 8
A7: 22 No. Plain Washer | B7: 22 No. Plain Washer | C7: 35S | D7: 6 | E7: 120 | F7: =SUMIF(Parts_Purchase[[#All],[Part Code]],'Inventory Check'!A7,Parts_Purchase[[#All],[Qty In]]) -> 20 | G7: =SUMIF(Job_Cards[[#All],[Part Code Issued]],'Inventory Check'!A7,Job_Cards[[#All],[Part Qty]]) -> 0 | H7: =F7-G7 -> 20 | I7: =IFERROR(H7*D7,0) -> 120
A8: 5 no. LN key Bolt | B8: 5 no. LN key Bolt | C8: 62 | D8: 30 | E8: 30 | F8: =SUMIF(Parts_Purchase[[#All],[Part Code]],'Inventory Check'!A8,Parts_Purchase[[#All],[Qty In]]) -> 1 | G8: =SUMIF(Job_Cards[[#All],[Part Code Issued]],'Inventory Check'!A8,Job_Cards[[#All],[Part Qty]]) -> 1 | H8: =F8-G8 -> 0 | I8: =IFERROR(H8*D8,0) -> 0
A9: 80W90 | B9: Gear Oil XP 80W90 HP 1Ltr | C9: 9 | D9: 470 | E9: 23500 | F9: =SUMIF(Parts_Purchase[[#All],[Part Code]],'Inventory Check'!A9,Parts_Purchase[[#All],[Qty In]]) -> 50 | G9: =SUMIF(Job_Cards[[#All],[Part Code Issued]],'Inventory Check'!A9,Job_Cards[[#All],[Part Qty]]) -> 27.5 | H9: =F9-G9 -> 22.5 | I9: =IFERROR(H9*D9,0) -> 10575
A10: 80w90 HP 5Ltr | B10: Gear Oil XP 80W90 HP 5Ltr | C10: 10 | D10: 1909 | E10: 3818 | F10: =SUMIF(Parts_Purchase[[#All],[Part Code]],'Inventory Check'!A10,Parts_Purchase[[#All],[Qty In]]) -> 2 | G10: =SUMIF(Job_Cards[[#All],[Part Code Issued]],'Inventory Check'!A10,Job_Cards[[#All],[Part Qty]]) -> 0 | H10: =F10-G10 -> 2 | I10: =IFERROR(H10*D10,0) -> 3818
A11: 85W140 | B11: Gear Oil XP 85W140 HP 1Ltr | C11: 9 | D11: 475 | E11: 14250 | F11: =SUMIF(Parts_Purchase[[#All],[Part Code]],'Inventory Check'!A11,Parts_Purchase[[#All],[Qty In]]) -> 30 | G11: =SUMIF(Job_Cards[[#All],[Part Code Issued]],'Inventory Check'!A11,Job_Cards[[#All],[Part Qty]]) -> 11 | H11: =F11-G11 -> 19 | I11: =IFERROR(H11*D11,0) -> 9025
A12: A000020140142 | B12: Filter Element | C12: 12 | D12: 115 | E12: 1150 | F12: =SUMIF(Parts_Purchase[[#All],[Part Code]],'Inventory Check'!A12,Parts_Purchase[[#All],[Qty In]]) -> 10 | G12: =SUMIF(Job_Cards[[#All],[Part Code Issued]],'Inventory Check'!A12,Job_Cards[[#All],[Part Qty]]) -> 8 | H12: =F12-G12 -> 2 | I12: =IFERROR(H12*D12,0) -> 230
A13: A000023016982 | B13: Silent Block | C13: 35S | D13: 113 | E13: 3164 | F13: =SUMIF(Parts_Purchase[[#All],[Part Code]],'Inventory Check'!A13,Parts_Purchase[[#All],[Qty In]]) -> 28 | G13: =SUMIF(Job_Cards[[#All],[Part Code Issued]],'Inventory Check'!A13,Job_Cards[[#All],[Part Qty]]) -> 24 | H13: =F13-G13 -> 4 | I13: =IFERROR(H13*D13,0) -> 452
A14: A000023020236 | B14: COVER RING | C14: 35G | D14: 11 | E14: 88 | F14: =SUMIF(Parts_Purchase[[#All],[Part Code]],'Inventory Check'!A14,Parts_Purchase[[#All],[Qty In]]) -> 8 | G14: =SUMIF(Job_Cards[[#All],[Part Code Issued]],'Inventory Check'!A14,Job_Cards[[#All],[Part Qty]]) -> 0 | H14: =F14-G14 -> 8 | I14: =IFERROR(H14*D14,0) -> 88
A15: A000023020512 | B15: Thrust Washer | C15: 50B | D15: 236 | E15: 472 | F15: =SUMIF(Parts_Purchase[[#All],[Part Code]],'Inventory Check'!A15,Parts_Purchase[[#All],[Qty In]]) -> 2 | G15: =SUMIF(Job_Cards[[#All],[Part Code Issued]],'Inventory Check'!A15,Job_Cards[[#All],[Part Qty]]) -> 0 | H15: =F15-G15 -> 2 | I15: =IFERROR(H15*D15,0) -> 472
A16: A000023022372 | B16: Wheel Joint assly | C16: 38 | D16: 641 | E16: 25640 | F16: =SUMIF(Parts_Purchase[[#All],[Part Code]],'Inventory Check'!A16,Parts_Purchase[[#All],[Qty In]]) -> 40 | G16: =SUMIF(Job_Cards[[#All],[Part Code Issued]],'Inventory Check'!A16,Job_Cards[[#All],[Part Qty]]) -> 28 | H16: =F16-G16 -> 12 | I16: =IFERROR(H16*D16,0) -> 7692
... A216: ENGINE OIL | B216: ENGINE OIL | C216: 1 | D216: 2288 | E216: 100672 | F216: =SUMIF(Parts_Purchase[[#All],[Part Code]],'Inventory Check'!A216,Parts_Purchase[[#All],[Qty In]]) -> 94 | G216: =SUMIF(Job_Cards[[#All],[Part Code Issued]],'Inventory Check'!A216,Job_Cards[[#All],[Part Qty]]) -> 35 | H216: =F216-G216 -> 59 | I216: =IFERROR(H216*D216,0) -> 134992
D217: 2400 | E217: 120000 | F217: =SUMIF(Parts_Purchase[[#All],[Part Code]],'Inventory Check'!A217,Parts_Purchase[[#All],[Qty In]]) -> 0 | G217: =SUMIF(Job_Cards[[#All],[Part Code Issued]],'Inventory Check'!A217,Job_Cards[[#All],[Part Qty]]) -> 0 | H217: =F217-G217 -> 0 | I217: =IFERROR(H217*D217,0) -> 0
A218: Force Motors Antifreeze Coolant 1 L | B218: Force Motors Antifreeze Coolant 1 L | C218: 7 | D218: 325 | E218: 29250 | F218: =SUMIF(Parts_Purchase[[#All],[Part Code]],'Inventory Check'!A218,Parts_Purchase[[#All],[Qty In]]) -> 90 | G218: =SUMIF(Job_Cards[[#All],[Part Code Issued]],'Inventory Check'!A218,Job_Cards[[#All],[Part Qty]]) -> 56 | H218: =F218-G218 -> 34 | I218: =IFERROR(H218*D218,0) -> 11050
A219: Force Motors Antifreeze Coolant 5 L | B219: Force Motors Antifreeze Coolant 5 L | C219: 10 | D219: 1425 | E219: 39900 | F219: =SUMIF(Parts_Purchase[[#All],[Part Code]],'Inventory Check'!A219,Parts_Purchase[[#All],[Qty In]]) -> 28 | G219: =SUMIF(Job_Cards[[#All],[Part Code Issued]],'Inventory Check'!A219,Job_Cards[[#All],[Part Qty]]) -> 14 | H219: =F219-G219 -> 14 | I219: =IFERROR(H219*D219,0) -> 19950
A220: Fuse | B220: Electric Fuse | C220: 28 | D220: 10 | E220: 80 | F220: =SUMIF(Parts_Purchase[[#All],[Part Code]],'Inventory Check'!A220,Parts_Purchase[[#All],[Qty In]]) -> 8 | G220: =SUMIF(Job_Cards[[#All],[Part Code Issued]],'Inventory Check'!A220,Job_Cards[[#All],[Part Qty]]) -> 8 | H220: =F220-G220 -> 0 | I220: =IFERROR(H220*D220,0) -> 0
A221: Fuse 10 Amp | B221: Fuse 10 Amp | C221: 27 | D221: 5 | E221: 1000 | F221: =SUMIF(Parts_Purchase[[#All],[Part Code]],'Inventory Check'!A221,Parts_Purchase[[#All],[Qty In]]) -> 200 | G221: =SUMIF(Job_Cards[[#All],[Part Code Issued]],'Inventory Check'!A221,Job_Cards[[#All],[Part Qty]]) -> 10 | H221: =F221-G221 -> 190 | I221: =IFERROR(H221*D221,0) -> 950
A222: Fuse 15 Amp | B222: Fuse 15 Amp | C222: 27 | D222: 5 | E222: 1000 | F222: =SUMIF(Parts_Purchase[[#All],[Part Code]],'Inventory Check'!A222,Parts_Purchase[[#All],[Qty In]]) -> 200 | G222: =SUMIF(Job_Cards[[#All],[Part Code Issued]],'Inventory Check'!A222,Job_Cards[[#All],[Part Qty]]) -> 4 | H222: =F222-G222 -> 196 | I222: =IFERROR(H222*D222,0) -> 980
A223: Fuse 20 Amp | B223: Fuse 20 Amp | C223: 27 | D223: 7 | E223: 1400 | F223: =SUMIF(Parts_Purchase[[#All],[Part Code]],'Inventory Check'!A223,Parts_Purchase[[#All],[Qty In]]) -> 200 | G223: =SUMIF(Job_Cards[[#All],[Part Code Issued]],'Inventory Check'!A223,Job_Cards[[#All],[Part Qty]]) -> 12 | H223: =F223-G223 -> 188 | I223: =IFERROR(H223*D223,0) -> 1316
A224: Fuse 25 Amp | B224: Fuse 25 Amp | C224: 27 | D224: 7 | E224: 1400 | F224: =SUMIF(Parts_Purchase[[#All],[Part Code]],'Inventory Check'!A224,Parts_Purchase[[#All],[Qty In]]) -> 200 | G224: =SUMIF(Job_Cards[[#All],[Part Code Issued]],'Inventory Check'!A224,Job_Cards[[#All],[Part Qty]]) -> 5 | H224: =F224-G224 -> 195 | I224: =IFERROR(H224*D224,0) -> 1365
A225: Fuse 30 Amp | B225: Fuse 30 Amp | C225: 27 | D225: 7 | E225: 1400 | F225: =SUMIF(Parts_Purchase[[#All],[Part Code]],'Inventory Check'!A225,Parts_Purchase[[#All],[Qty In]]) -> 200 | G225: =SUMIF(Job_Cards[[#All],[Part Code Issued]],'Inventory Check'!A225,Job_Cards[[#All],[Part Qty]]) -> 0 | H225: =F225-G225 -> 200 | I225: =IFERROR(H225*D225,0) -> 1400
A226: Fuse 60 Amp | B226: Fuse 60 Amp | C226: 28 | D226: 50 | E226: 200 | F226: =SUMIF(Parts_Purchase[[#All],[Part Code]],'Inventory Check'!A226,Parts_Purchase[[#All],[Qty In]]) -> 4 | G226: =SUMIF(Job_Cards[[#All],[Part Code Issued]],'Inventory Check'!A226,Job_Cards[[#All],[Part Qty]]) -> 0 | H226: =F226-G226 -> 4 | I226: =IFERROR(H226*D226,0) -> 200
A227: Fuse Wire | B227: Fuse Wire | C227: 28 | D227: 18 | E227: 360 | F227: =SUMIF(Parts_Purchase[[#All],[Part Code]],'Inventory Check'!A227,Parts_Purchase[[#All],[Qty In]]) -> 20 | G227: =SUMIF(Job_Cards[[#All],[Part Code Issued]],'Inventory Check'!A227,Job_Cards[[#All],[Part Qty]]) -> 0 | H227: =F227-G227 -> 20 | I227: =IFERROR(H227*D227,0) -> 360
A228: Gear Lever Minor Kit | B228: Gear Lever Minor Kit | C228: 1 | D228: 200 | E228: 200 | F228: =SUMIF(Parts_Purchase[[#All],[Part Code]],'Inventory Check'!A228,Parts_Purchase[[#All],[Qty In]]) -> 1 | G228: =SUMIF(Job_Cards[[#All],[Part Code Issued]],'Inventory Check'!A228,Job_Cards[[#All],[Part Qty]]) -> 0 | H228: =F228-G228 -> 1 | I228: =IFERROR(H228*D228,0) -> 200
A229: Gittak Washar | B229: Gittak Washar | C229: 69A | D229: 10 | E229: 660 | F229: =SUMIF(Parts_Purchase[[#All],[Part Code]],'Inventory Check'!A229,Parts_Purchase[[#All],[Qty In]]) -> 66 | G229: =SUMIF(Job_Cards[[#All],[Part Code Issued]],'Inventory Check'!A229,Job_Cards[[#All],[Part Qty]]) -> 21 | H229: =F229-G229 -> 45 | I229: =IFERROR(H229*D229,0) -> 450
... A234: Gulf Force AdBlue (10) | B234: Gulf Force AdBlue (10) | C234: 1 | D234: 770 | E234: 33110 | F234: =SUMIF(Parts_Purchase[[#All],[Part Code]],'Inventory Check'!A234,Parts_Purchase[[#All],[Qty In]]) -> 93 | G234: =SUMIF(Job_Cards[[#All],[Part Code Issued]],'Inventory Check'!A234,Job_Cards[[#All],[Part Qty]]) -> 36 | H234: =F234-G234 -> 57 | I234: =IFERROR(H234*D234,0) -> 43890
D235: 990 | E235: 49500 | F235: =SUMIF(Parts_Purchase[[#All],[Part Code]],'Inventory Check'!A235,Parts_Purchase[[#All],[Qty In]]) -> 0 | G235: =SUMIF(Job_Cards[[#All],[Part Code Issued]],'Inventory Check'!A235,Job_Cards[[#All],[Part Qty]]) -> 0 | H235: =F235-G235 -> 0 | I235: =IFERROR(H235*D235,0) -> 0
A236: Gulf Force AdBlue (20 L) | B236: Gulf Force AdBlue (20 L) | C236: 1 | D236: 1480 | E236: 79920 | F236: =SUMIF(Parts_Purchase[[#All],[Part Code]],'Inventory Check'!A236,Parts_Purchase[[#All],[Qty In]]) -> 104 | G236: =SUMIF(Job_Cards[[#All],[Part Code Issued]],'Inventory Check'!A236,Job_Cards[[#All],[Part Qty]]) -> 64 | H236: =F236-G236 -> 40 | I236: =IFERROR(H236*D236,0) -> 59200
D237: 1920 | E237: 96000 | F237: =SUMIF(Parts_Purchase[[#All],[Part Code]],'Inventory Check'!A237,Parts_Purchase[[#All],[Qty In]]) -> 0 | G237: =SUMIF(Job_Cards[[#All],[Part Code Issued]],'Inventory Check'!A237,Job_Cards[[#All],[Part Qty]]) -> 0 | H237: =F237-G237 -> 0 | I237: =IFERROR(H237*D237,0) -> 0
A238: Gulf Force BS VI (6.5L) | B238: Gulf Force BS VI (6.5L) | C238: 1 | D238: 2080 | E238: 447200 | F238: =SUMIF(Parts_Purchase[[#All],[Part Code]],'Inventory Check'!A238,Parts_Purchase[[#All],[Qty In]]) -> 285 | G238: =SUMIF(Job_Cards[[#All],[Part Code Issued]],'Inventory Check'!A238,Job_Cards[[#All],[Part Qty]]) -> 218 | H238: =F238-G238 -> 67 | I238: =IFERROR(H238*D238,0) -> 139360
D239: 2243 | E239: 157010 | F239: =SUMIF(Parts_Purchase[[#All],[Part Code]],'Inventory Check'!A239,Parts_Purchase[[#All],[Qty In]]) -> 0 | G239: =SUMIF(Job_Cards[[#All],[Part Code Issued]],'Inventory Check'!A239,Job_Cards[[#All],[Part Qty]]) -> 0 | H239: =F239-G239 -> 0 | I239: =IFERROR(H239*D239,0) -> 0
A240: H-1 | B240: Head Light Bulb Force | C240: 28 | D240: 100 | E240: 1000 | F240: =SUMIF(Parts_Purchase[[#All],[Part Code]],'Inventory Check'!A240,Parts_Purchase[[#All],[Qty In]]) -> 10 | G240: =SUMIF(Job_Cards[[#All],[Part Code Issued]],'Inventory Check'!A240,Job_Cards[[#All],[Part Qty]]) -> 1 | H240: =F240-G240 -> 9 | I240: =IFERROR(H240*D240,0) -> 900
A241: H-4 | B241: Bulb 12V 90/100W | C241: 28 | D241: 245 | E241: 2450 | F241: =SUMIF(Parts_Purchase[[#All],[Part Code]],'Inventory Check'!A241,Parts_Purchase[[#All],[Qty In]]) -> 10 | G241: =SUMIF(Job_Cards[[#All],[Part Code Issued]],'Inventory Check'!A241,Job_Cards[[#All],[Part Qty]]) -> 1 | H241: =F241-G241 -> 9 | I241: =IFERROR(H241*D241,0) -> 2205
A242: H-7 | B242: Head Light Bulb | C242: 28 | D242: 210 | E242: 2100 | F242: =SUMIF(Parts_Purchase[[#All],[Part Code]],'Inventory Check'!A242,Parts_Purchase[[#All],[Qty In]]) -> 10 | G242: =SUMIF(Job_Cards[[#All],[Part Code Issued]],'Inventory Check'!A242,Job_Cards[[#All],[Part Qty]]) -> 2 | H242: =F242-G242 -> 8 | I242: =IFERROR(H242*D242,0) -> 1680
A243: Horn Clip | B243: Horn Clip | C243: 28 | D243: 9 | E243: 900 | F243: =SUMIF(Parts_Purchase[[#All],[Part Code]],'Inventory Check'!A243,Parts_Purchase[[#All],[Qty In]]) -> 100 | G243: =SUMIF(Job_Cards[[#All],[Part Code Issued]],'Inventory Check'!A243,Job_Cards[[#All],[Part Qty]]) -> 14 | H243: =F243-G243 -> 86 | I243: =IFERROR(H243*D243,0) -> 774
A244: Hose Clip 02 Inch | B244: Hose Clip 02 Inch | C244: 40 | D244: 25 | E244: 250 | F244: =SUMIF(Parts_Purchase[[#All],[Part Code]],'Inventory Check'!A244,Parts_Purchase[[#All],[Qty In]]) -> 10 | G244: =SUMIF(Job_Cards[[#All],[Part Code Issued]],'Inventory Check'!A244,Job_Cards[[#All],[Part Qty]]) -> 0 | H244: =F244-G244 -> 10 | I244: =IFERROR(H244*D244,0) -> 250
A245: Hose Clip 03 inch | B245: Hose Clip 03 inch | C245: 40 | D245: 30 | E245: 300 | F245: =SUMIF(Parts_Purchase[[#All],[Part Code]],'Inventory Check'!A245,Parts_Purchase[[#All],[Qty In]]) -> 10 | G245: =SUMIF(Job_Cards[[#All],[Part Code Issued]],'Inventory Check'!A245,Job_Cards[[#All],[Part Qty]]) -> 1 | H245: =F245-G245 -> 9 | I245: =IFERROR(H245*D245,0) -> 270
A246: Hose Clip 04 inch | B246: Hose Clip 04 inch | C246: 40 | D246: 40 | E246: 120 | F246: =SUMIF(Parts_Purchase[[#All],[Part Code]],'Inventory Check'!A246,Parts_Purchase[[#All],[Qty In]]) -> 3 | G246: =SUMIF(Job_Cards[[#All],[Part Code Issued]],'Inventory Check'!A246,Job_Cards[[#All],[Part Qty]]) -> 2 | H246: =F246-G246 -> 1 | I246: =IFERROR(H246*D246,0) -> 40
A247: Hose Clip 1.5 inch | B247: Hose Clip 1.5 inch | C247: 40 | D247: 20 | E247: 60 | F247: =SUMIF(Parts_Purchase[[#All],[Part Code]],'Inventory Check'!A247,Parts_Purchase[[#All],[Qty In]]) -> 3 | G247: =SUMIF(Job_Cards[[#All],[Part Code Issued]],'Inventory Check'!A247,Job_Cards[[#All],[Part Qty]]) -> 0 | H247: =F247-G247 -> 3 | I247: =IFERROR(H247*D247,0) -> 60
A248: Indicater Bulb | B248: Indicater Bulb | C248: 28 | D248: 20 | E248: 20 | F248: =SUMIF(Parts_Purchase[[#All],[Part Code]],'Inventory Check'!A248,Parts_Purchase[[#All],[Qty In]]) -> 1 | G248: =SUMIF(Job_Cards[[#All],[Part Code Issued]],'Inventory Check'!A248,Job_Cards[[#All],[Part Qty]]) -> 1 | H248: =F248-G248 -> 0 | I248: =IFERROR(H248*D248,0) -> 0
A249: Indicator Fuse Clip | B249: Indicator Fuse Clip | C249: 1 | D249: 65 | E249: 65 | F249: =SUMIF(Parts_Purchase[[#All],[Part Code]],'Inventory Check'!A249,Parts_Purchase[[#All],[Qty In]]) -> 1 | G249: =SUMIF(Job_Cards[[#All],[Part Code Issued]],'Inventory Check'!A249,Job_Cards[[#All],[Part Qty]]) -> 1 | H249: =F249-G249 -> 0 | I249: =IFERROR(H249*D249,0) -> 0
A250: Joka 19 No. | B250: Joka 19 No. | C250: 1 | D250: 110 | E250: 440 | F250: =SUMIF(Parts_Purchase[[#All],[Part Code]],'Inventory Check'!A250,Parts_Purchase[[#All],[Qty In]]) -> 4 | G250: =SUMIF(Job_Cards[[#All],[Part Code Issued]],'Inventory Check'!A250,Job_Cards[[#All],[Part Qty]]) -> 4 | H250: =F250-G250 -> 0 | I250: =IFERROR(H250*D250,0) -> 0
A251: Lock Nut | B251: Nut 17 No. | C251: 35J | D251: 8 | E251: 552 | F251: =SUMIF(Parts_Purchase[[#All],[Part Code]],'Inventory Check'!A251,Parts_Purchase[[#All],[Qty In]]) -> 62 | G251: =SUMIF(Job_Cards[[#All],[Part Code Issued]],'Inventory Check'!A251,Job_Cards[[#All],[Part Qty]]) -> 16 | H251: =F251-G251 -> 46 | I251: =IFERROR(H251*D251,0) -> 368
... A391: Yoke & Teeth Spicer | B391: Yoke & Teeth Spicer | C391: 28 | D391: 2550 | E391: 5100 | F391: =SUMIF(Parts_Purchase[[#All],[Part Code]],'Inventory Check'!A391,Parts_Purchase[[#All],[Qty In]]) -> 2 | G391: =SUMIF(Job_Cards[[#All],[Part Code Issued]],'Inventory Check'!A391,Job_Cards[[#All],[Part Qty]]) -> 1 | H391: =F391-G391 -> 1 | I391: =IFERROR(H391*D391,0) -> 2550
A392: Grand Total | E392: 2873765 | F392: =SUMIF(Parts_Purchase[[#All],[Part Code]],'Inventory Check'!A392,Parts_Purchase[[#All],[Qty In]]) -> 0 | G392: =SUMIF(Job_Cards[[#All],[Part Code Issued]],'Inventory Check'!A392,Job_Cards[[#All],[Part Qty]]) -> 0 | H392: =F392-G392 -> 0 | I392: =IFERROR(H392*D392,0) -> 0
F393: =SUMIF(Parts_Purchase[[#All],[Part Code]],'Inventory Check'!A393,Parts_Purchase[[#All],[Qty In]]) -> 0 | G393: =SUMIF(Job_Cards[[#All],[Part Code Issued]],'Inventory Check'!A393,Job_Cards[[#All],[Part Qty]]) -> 0 | H393: =F393-G393 -> 0 | I393: =IFERROR(H393*D393,0) -> 0

Sheet Service Coupon
A1: Free Service Coupon Claim
A3: Workshop Name | B3: Location | C3: Coupon Number | D3: Service Date | E3: Service KMS/Hrs | F3: Vehicle Model | G3: Customer Name | H3: Chassis No | I3: Date for Handover to Varanasi Workshop | J3: Claim Value | K3: Claim Status | L3: Month | M3: Year
A4: Goenka force Ghazipur | B4: Ghazipur | C4: 796369 | D4: 46089 | E4: 69094 | F4: T1 | G4: GVK | H4: P083558 | I4: 46094 | J4: 500 | L4: =MONTH(FSC_Coupon[[#This Row],[Service Date]]) -> 3 | M4: =YEAR(FSC_Coupon[[#This Row],[Service Date]]) -> 2026
A5: Goenka force Ghazipur | B5: Ghazipur | C5: 796158 | D5: 46089 | E5: 71528 | F5: T1 | G5: GVK | H5: P083884 | I5: 46094 | J5: 500 | L5: =MONTH(FSC_Coupon[[#This Row],[Service Date]]) -> 3 | M5: =YEAR(FSC_Coupon[[#This Row],[Service Date]]) -> 2026
A6: Goenka force Ghazipur | B6: Ghazipur | C6: 331201 | D6: 46089 | E6: 2972 | F6: Trax | G6: Inder Singh Kushwaha Sayar Gzp | H6: P001653 | I6: 46094 | J6: 500 | L6: =MONTH(FSC_Coupon[[#This Row],[Service Date]]) -> 3 | M6: =YEAR(FSC_Coupon[[#This Row],[Service Date]]) -> 2026
A7: Goenka force Ghazipur | B7: Ghazipur | C7: 807899 | D7: 46089 | E7: 4098 | F7: T3 | G7: Asha PG College Shikhari Gzp | H7: P003023 | I7: 46094 | J7: 500 | L7: =MONTH(FSC_Coupon[[#This Row],[Service Date]]) -> 3 | M7: =YEAR(FSC_Coupon[[#This Row],[Service Date]]) -> 2026
A8: Goenka force Ghazipur | B8: Ghazipur | C8: 780906 | D8: 46092 | E8: 70324 | F8: T1 | G8: GVK | H8: P083639 | I8: 46094 | J8: 500 | L8: =MONTH(FSC_Coupon[[#This Row],[Service Date]]) -> 3 | M8: =YEAR(FSC_Coupon[[#This Row],[Service Date]]) -> 2026
A9: Goenka force Ghazipur | B9: Ghazipur | C9: 768237 | D9: 46093 | E9: 21761 | F9: T1 | G9: Maa Sharda Children Collage Jalalabad Gzp | H9: P022977 | I9: 46094 | J9: 500 | L9: =MONTH(FSC_Coupon[[#This Row],[Service Date]]) -> 3 | M9: =YEAR(FSC_Coupon[[#This Row],[Service Date]]) -> 2026
A10: Goenka force Ghazipur | B10: Ghazipur | C10: 796539 | D10: 46096 | E10: 72459 | F10: T1 | G10: GVK | H10: P083396 | I10: 46104 | J10: 500 | L10: =MONTH(FSC_Coupon[[#This Row],[Service Date]]) -> 3 | M10: =YEAR(FSC_Coupon[[#This Row],[Service Date]]) -> 2026
A11: Goenka force Ghazipur | B11: Ghazipur | C11: 796598 | D11: 46096 | E11: 71797 | F11: T1 | G11: GVK | H11: P084266 | I11: 46104 | J11: 500 | L11: =MONTH(FSC_Coupon[[#This Row],[Service Date]]) -> 3 | M11: =YEAR(FSC_Coupon[[#This Row],[Service Date]]) -> 2026
A12: Goenka force Ghazipur | B12: Ghazipur | C12: 797756 | D12: 46096 | E12: 73885 | F12: T1 | G12: GVK | H12: P085416 | I12: 46104 | J12: 500 | L12: =MONTH(FSC_Coupon[[#This Row],[Service Date]]) -> 3 | M12: =YEAR(FSC_Coupon[[#This Row],[Service Date]]) -> 2026
A13: Goenka force Ghazipur | B13: Ghazipur | C13: 328544 | D13: 46097 | E13: 8670 | F13: Trax | G13: OM Sai Pb School Kasimabad Gzp | H13: P108712 | I13: 46104 | J13: 500 | L13: =MONTH(FSC_Coupon[[#This Row],[Service Date]]) -> 3 | M13: =YEAR(FSC_Coupon[[#This Row],[Service Date]]) -> 2026
A14: Goenka force Ghazipur | B14: Ghazipur | C14: 796676 | D14: 46099 | E14: 16304 | F14: T1 | G14: Dalims Sunbeem School Jakhania Gzp | H14: P056341 | I14: 46104 | J14: 500 | L14: =MONTH(FSC_Coupon[[#This Row],[Service Date]]) -> 3 | M14: =YEAR(FSC_Coupon[[#This Row],[Service Date]]) -> 2026
A15: Goenka force Ghazipur | B15: Ghazipur | C15: 796557 | D15: 46103 | E15: 71685 | F15: T1 | G15: GVK | H15: P083692 | I15: 46104 | J15: 500 | L15: =MONTH(FSC_Coupon[[#This Row],[Service Date]]) -> 3 | M15: =YEAR(FSC_Coupon[[#This Row],[Service Date]]) -> 2026
... A34: Goenka force Ghazipur | B34: Ghazipur | C34: 780910 | D34: 46112 | E34: 72375 | F34: T1 | G34: GVK | H34: P083890 | I34: 46117 | J34: 500 | L34: =MONTH(FSC_Coupon[[#This Row],[Service Date]]) -> 3 | M34: =YEAR(FSC_Coupon[[#This Row],[Service Date]]) -> 2026
A35: Goenka force Ghazipur | B35: Ghazipur | C35: 333021 | D35: 46117 | E35: 3786 | F35: Trax | G35: International Pb School Sarhula Gzp | H35: P111559 | I35: 14/04/2026 | J35: 500 | L35: =MONTH(FSC_Coupon[[#This Row],[Service Date]]) -> 4 | M35: =YEAR(FSC_Coupon[[#This Row],[Service Date]]) -> 2026
A36: Goenka force Ghazipur | B36: Ghazipur | C36: 798543 | D36: 46117 | E36: 72288 | F36: T1 | G36: GVK | H36: P083308 | I36: 14/04/2026 | J36: 500 | L36: =MONTH(FSC_Coupon[[#This Row],[Service Date]]) -> 4 | M36: =YEAR(FSC_Coupon[[#This Row],[Service Date]]) -> 2026
A37: Goenka force Ghazipur | B37: Ghazipur | C37: 796315 | D37: 46117 | E37: 72150 | F37: T1 | G37: GVK | H37: P083498 | I37: 14/04/2026 | J37: 500 | L37: =MONTH(FSC_Coupon[[#This Row],[Service Date]]) -> 4 | M37: =YEAR(FSC_Coupon[[#This Row],[Service Date]]) -> 2026
A38: Goenka force Ghazipur | B38: Ghazipur | C38: 796523 | D38: 46117 | E38: 70968 | F38: T1 | G38: GVK | H38: P083659 | I38: 14/04/2026 | J38: 500 | L38: =MONTH(FSC_Coupon[[#This Row],[Service Date]]) -> 4 | M38: =YEAR(FSC_Coupon[[#This Row],[Service Date]]) -> 2026
A39: Goenka force Ghazipur | B39: Ghazipur | C39: 334179 | D39: 46117 | E39: 2185 | F39: Trax | G39: City Monteshari School Bhadoura Gzp | H39: P113022 | I39: 14/04/2026 | J39: 500 | L39: =MONTH(FSC_Coupon[[#This Row],[Service Date]]) -> 4 | M39: =YEAR(FSC_Coupon[[#This Row],[Service Date]]) -> 2026
A40: Goenka force Ghazipur | B40: Ghazipur | C40: 795680 | D40: 46122 | E40: 73233 | F40: T1 | G40: GVK | H40: P085503 | I40: 14/04/2026 | J40: 500 | L40: =MONTH(FSC_Coupon[[#This Row],[Service Date]]) -> 4 | M40: =YEAR(FSC_Coupon[[#This Row],[Service Date]]) -> 2026
A41: Goenka force Ghazipur | B41: Ghazipur | C41: 327825 | D41: 46124 | E41: 7791 | F41: Trax | G41: Rameshwaram Gurukulam Medinipur Gzp | H41: P107109 | I41: 14/04/2026 | J41: 0 | L41: =MONTH(FSC_Coupon[[#This Row],[Service Date]]) -> 4 | M41: =YEAR(FSC_Coupon[[#This Row],[Service Date]]) -> 2026
A42: Goenka force Ghazipur | B42: Ghazipur | C42: 331892 | D42: 46124 | E42: 5239 | F42: Trax | G42: Little Blosam Int. School Larpur Gzp | H42: P109874 | I42: 14/04/2026 | J42: 500 | L42: =MONTH(FSC_Coupon[[#This Row],[Service Date]]) -> 4 | M42: =YEAR(FSC_Coupon[[#This Row],[Service Date]]) -> 2026
A43: Goenka force Ghazipur | B43: Ghazipur | C43: 797752 | D43: 46124 | E43: 69310 | F43: T1 | G43: GVK | H43: P085459 | I43: 14/04/2026 | J43: 500 | L43: =MONTH(FSC_Coupon[[#This Row],[Service Date]]) -> 4 | M43: =YEAR(FSC_Coupon[[#This Row],[Service Date]]) -> 2026
A44: Goenka force Ghazipur | B44: Ghazipur | C44: 797320 | D44: 46124 | E44: 70480 | F44: T1 | G44: GVK | H44: P086153 | I44: 14/04/2026 | J44: 500 | L44: =MONTH(FSC_Coupon[[#This Row],[Service Date]]) -> 4 | M44: =YEAR(FSC_Coupon[[#This Row],[Service Date]]) -> 2026
A45: Goenka force Ghazipur | B45: Ghazipur | C45: 796350 | D45: 46124 | E45: 73915 | F45: T1 | G45: GVK | H45: P083460 | I45: 14/04/2026 | J45: 500 | L45: =MONTH(FSC_Coupon[[#This Row],[Service Date]]) -> 4 | M45: =YEAR(FSC_Coupon[[#This Row],[Service Date]]) -> 2026
A46: Goenka force Ghazipur | B46: Ghazipur | C46: 796366 | D46: 46124 | E46: 73055 | F46: T1 | G46: GVK | H46: P083386 | I46: 14/04/2026 | J46: 500 | L46: =MONTH(FSC_Coupon[[#This Row],[Service Date]]) -> 4 | M46: =YEAR(FSC_Coupon[[#This Row],[Service Date]]) -> 2026
... A52: Goenka force Ghazipur | B52: Ghazipur | C52: 328807 | D52: 46132 | E52: 11980 | F52: Trax | G52: BRD Pb School Bikapur Gzp | H52: P001625 | I52: 22/04/2026 | J52: 0 | L52: =MONTH(FSC_Coupon[[#This Row],[Service Date]]) -> 4 | M52: =YEAR(FSC_Coupon[[#This Row],[Service Date]]) -> 2026
A53: Goenka force Ghazipur | B53: Ghazipur | C53: 771339 | D53: 46135 | E53: 14665 | F53: T1 | G53: BRD Pb School Bikapur Gzp | H53: P052689 | I53: 46027 | J53: 500 | L53: =MONTH(FSC_Coupon[[#This Row],[Service Date]]) -> 4 | M53: =YEAR(FSC_Coupon[[#This Row],[Service Date]]) -> 2026
A54: Goenka force Ghazipur | B54: Ghazipur | C54: 807350 | D54: 46136 | E54: 5378 | F54: T1 | G54: S.S. International School Goura Makhadumpur Gzp | H54: P058454 | I54: 46027 | J54: 500 | L54: =MONTH(FSC_Coupon[[#This Row],[Service Date]]) -> 4 | M54: =YEAR(FSC_Coupon[[#This Row],[Service Date]]) -> 2026
A55: Goenka force Ghazipur | B55: Ghazipur | C55: 803683 | D55: 46138 | E55: 8854 | F55: T1 | G55: A.H.M. Pb School Sadiabad Gzp | H55: P057388 | I55: 46027 | J55: 500 | L55: =MONTH(FSC_Coupon[[#This Row],[Service Date]]) -> 4 | M55: =YEAR(FSC_Coupon[[#This Row],[Service Date]]) -> 2026
A56: Goenka force Ghazipur | B56: Ghazipur | C56: 331537 | D56: 46138 | E56: 12185 | F56: Trax | G56: Jagmani Devi Pb School Bhadoura Gzp | H56: P110608 | I56: 46027 | J56: 500 | L56: =MONTH(FSC_Coupon[[#This Row],[Service Date]]) -> 4 | M56: =YEAR(FSC_Coupon[[#This Row],[Service Date]]) -> 2026
A57: Goenka force Ghazipur | B57: Ghazipur | C57: 331201 | D57: 46140 | E57: 4949 | F57: Trax | G57: Inder Singh Kushwaha Sayar Gzp | H57: P001653 | I57: 46027 | J57: 0 | L57: =MONTH(FSC_Coupon[[#This Row],[Service Date]]) -> 4 | M57: =YEAR(FSC_Coupon[[#This Row],[Service Date]]) -> 2026
A58: Goenka force Ghazipur | B58: Ghazipur | C58: 327226 | D58: 46143 | E58: 28699 | F58: Trax | G58: Dalims Sunbeem School Gandhinagar Gzp | H58: P107009 | I58: 13/05/2026 | J58: 0 | L58: =MONTH(FSC_Coupon[[#This Row],[Service Date]]) -> 5 | M58: =YEAR(FSC_Coupon[[#This Row],[Service Date]]) -> 2026
A59: Goenka force Ghazipur | B59: Ghazipur | C59: 327227 | D59: 46143 | E59: 26224 | F59: Trax | G59: Dalims Sunbeem School Gandhinagar Gzp | H59: P107003 | I59: 13/05/2026 | J59: 0 | L59: =MONTH(FSC_Coupon[[#This Row],[Service Date]]) -> 5 | M59: =YEAR(FSC_Coupon[[#This Row],[Service Date]]) -> 2026
A60: Goenka force Ghazipur | B60: Ghazipur | C60: 334264 | D60: 46150 | E60: 2652 | F60: Trax | G60: Jagriti Pb School Yusufpur Ghazipur | H60: P114946 | I60: 13/05/2026 | J60: 500 | L60: =MONTH(FSC_Coupon[[#This Row],[Service Date]]) -> 5 | M60: =YEAR(FSC_Coupon[[#This Row],[Service Date]]) -> 2026
A61: Goenka force Ghazipur | B61: Ghazipur | C61: 336010 | D61: 46150 | E61: 3520 | F61: Trax | G61: Rajan Kumar Dhanvata Zamania Gzp | H61: P001690 | I61: 13/05/2026 | J61: 500 | L61: =MONTH(FSC_Coupon[[#This Row],[Service Date]]) -> 5 | M61: =YEAR(FSC_Coupon[[#This Row],[Service Date]]) -> 2026
A62: Goenka force Ghazipur | B62: Ghazipur | C62: 798838 | D62: 46150 | E62: 40691 | F62: T1 | G62: Raghunadan Kishundev Narsing College Devchandpur Gzp | H62: P055929 | I62: 28/05/2026 | J62: 0 | L62: =MONTH(FSC_Coupon[[#This Row],[Service Date]]) -> 5 | M62: =YEAR(FSC_Coupon[[#This Row],[Service Date]]) -> 2026
A63: Goenka force Ghazipur | B63: Ghazipur | C63: 328366 | D63: 46152 | E63: 19124 | F63: Trax | G63: Pramod Kumar Kushwaha Gahmar Gzp | H63: P001633 | I63: 28/05/2026 | J63: 500 | L63: =MONTH(FSC_Coupon[[#This Row],[Service Date]]) -> 5 | M63: =YEAR(FSC_Coupon[[#This Row],[Service Date]]) -> 2026
A64: Goenka force Ghazipur | B64: Ghazipur | C64: 333775 | D64: 46152 | E64: 3269 | F64: Trax | G64: Maa Parvati Shiksha Niketan Nonara Gzp | H64: P112926 | I64: 28/05/2026 | J64: 500 | L64: =MONTH(FSC_Coupon[[#This Row],[Service Date]]) -> 5 | M64: =YEAR(FSC_Coupon[[#This Row],[Service Date]]) -> 2026
A65: Goenka force Ghazipur | B65: Ghazipur | C65: 780782 | D65: 46152 | E65: 20332 | F65: T1 | G65: Gurukul Int. Convent School Zamania Gzp | H65: P053277 | I65: 28/05/2026 | J65: 500 | L65: =MONTH(FSC_Coupon[[#This Row],[Service Date]]) -> 5 | M65: =YEAR(FSC_Coupon[[#This Row],[Service Date]]) -> 2026
A66: Goenka force Ghazipur | B66: Ghazipur | C66: 334102 | D66: 46153 | E66: 3226 | F66: Trax | G66: Gurukul Int. Convent School Zamania Gzp | H66: P114154 | I66: 28/05/2026 | J66: 500 | L66: =MONTH(FSC_Coupon[[#This Row],[Service Date]]) -> 5 | M66: =YEAR(FSC_Coupon[[#This Row],[Service Date]]) -> 2026
A67: Goenka force Ghazipur | B67: Ghazipur | C67: 806496 | D67: 46154 | E67: 19272 | F67: T1 | G67: Nagina Gour Zakhania Ghazipur | H67: P023730 | I67: 28/05/2026 | J67: 500 | L67: =MONTH(FSC_Coupon[[#This Row],[Service Date]]) -> 5 | M67: =YEAR(FSC_Coupon[[#This Row],[Service Date]]) -> 2026
A68: Goenka force Ghazipur | B68: Ghazipur | C68: 334265 | D68: 46157 | E68: 3839 | F68: Trax | G68: Arsh Public School Dullahpur Gzp | H68: P114982 | I68: 28/05/2026 | J68: 500 | L68: =MONTH(FSC_Coupon[[#This Row],[Service Date]]) -> 5 | M68: =YEAR(FSC_Coupon[[#This Row],[Service Date]]) -> 2026
A69: Goenka force Ghazipur | B69: Ghazipur | C69: 334270 | D69: 46161 | E69: 2699 | F69: Trax | G69: R.S. Convent School Barachawer Gzp | H69: P114970 | I69: 28/05/2026 | J69: 500 | L69: =MONTH(FSC_Coupon[[#This Row],[Service Date]]) -> 5 | M69: =YEAR(FSC_Coupon[[#This Row],[Service Date]]) -> 2026
... A72: Goenka force Ghazipur | B72: Ghazipur | C72: 334227 | D72: 46164 | E72: 3507 | F72: Trax | G72: U.S. Pb School Hainsipara Gzp | H72: P114220 | I72: 28/05/2026 | J72: 500 | L72: =MONTH(FSC_Coupon[[#This Row],[Service Date]]) -> 5 | M72: =YEAR(FSC_Coupon[[#This Row],[Service Date]]) -> 2026
A73: Goenka force Ghazipur | B73: Ghazipur | C73: 771435 | D73: 46166 | E73: 37851 | F73: T1 | G73: Sumbeam School Dewal Dildarnagar Gzp | H73: P011971 | I73: 46118 | J73: 0 | L73: =MONTH(FSC_Coupon[[#This Row],[Service Date]]) -> 5 | M73: =YEAR(FSC_Coupon[[#This Row],[Service Date]]) -> 2026
A74: Goenka force Ghazipur | B74: Ghazipur | C74: 796920 | D74: 46167 | E74: 12820 | F74: T1 | G74: Uma Shankar Pb School Haisipara Gzp | H74: P055953 | I74: 46118 | J74: 500 | L74: =MONTH(FSC_Coupon[[#This Row],[Service Date]]) -> 5 | M74: =YEAR(FSC_Coupon[[#This Row],[Service Date]]) -> 2026
A75: Goenka force Ghazipur | B75: Ghazipur | C75: 784964 | D75: 46173 | E75: 5759 | F75: T2 | G75: Divine Heart Pb School Augusta Gzp | H75: P023218 | I75: 46118 | J75: 500 | L75: =MONTH(FSC_Coupon[[#This Row],[Service Date]]) -> 5 | M75: =YEAR(FSC_Coupon[[#This Row],[Service Date]]) -> 2026
A76: Goenka force Ghazipur | B76: Ghazipur | C76: 803926 | D76: 46178 | E76: 12815 | F76: T1 | G76: Sun Rise Public School Dharmarpur Karanda Gzp | H76: P058183 | I76: 24/06/2026 | J76: 500 | L76: =MONTH(FSC_Coupon[[#This Row],[Service Date]]) -> 6 | M76: =YEAR(FSC_Coupon[[#This Row],[Service Date]]) -> 2026
A77: Goenka force Ghazipur | B77: Ghazipur | C77: 807227 | D77: 46180 | E77: 49787 | F77: T1 | G77: Ashok Kumar Rai Jeevpur Ghazipur | H77: P057564 | I77: 24/06/2026 | J77: 500 | L77: =MONTH(FSC_Coupon[[#This Row],[Service Date]]) -> 6 | M77: =YEAR(FSC_Coupon[[#This Row],[Service Date]]) -> 2026
A78: Goenka force Ghazipur | B78: Ghazipur | C78: 770481 | D78: 46181 | E78: 30464 | F78: T1 | G78: S.S. Pb School Newada Lawa Gzp | H78: P050684 | I78: 24/06/2026 | J78: 0 | L78: =MONTH(FSC_Coupon[[#This Row],[Service Date]]) -> 6 | M78: =YEAR(FSC_Coupon[[#This Row],[Service Date]]) -> 2026
A79: Goenka force Ghazipur | B79: Ghazipur | C79: 770413 | D79: 46181 | E79: 28443 | F79: T1 | G79: S.S. Pb School Newada Lawa Gzp | H79: P050373 | I79: 24/06/2026 | J79: 0 | L79: =MONTH(FSC_Coupon[[#This Row],[Service Date]]) -> 6 | M79: =YEAR(FSC_Coupon[[#This Row],[Service Date]]) -> 2026
A80: Goenka force Ghazipur | B80: Ghazipur | C80: 784731 | D80: 46183 | E80: 5977 | F80: T2 | G80: Sun Shine Pb School Zamania Gzp | H80: P022334 | I80: 24/06/2026 | J80: 500 | L80: =MONTH(FSC_Coupon[[#This Row],[Service Date]]) -> 6 | M80: =YEAR(FSC_Coupon[[#This Row],[Service Date]]) -> 2026
A81: Goenka force Ghazipur | B81: Ghazipur | C81: 795278 | D81: 46183 | E81: 11042 | F81: T2 | G81: Sun Shine Pb School Zamania Gzp | H81: P056040 | I81: 24/06/2026 | J81: 500 | L81: =MONTH(FSC_Coupon[[#This Row],[Service Date]]) -> 6 | M81: =YEAR(FSC_Coupon[[#This Row],[Service Date]]) -> 2026
A82: Goenka force Ghazipur | B82: Ghazipur | C82: 334191 | D82: 46185 | E82: 4037 | F82: Trax | G82: S.S. Dev Pb School Hetimpur Zamania Gzp | H82: P114986 | I82: 24/06/2026 | J82: 500 | L82: =MONTH(FSC_Coupon[[#This Row],[Service Date]]) -> 6 | M82: =YEAR(FSC_Coupon[[#This Row],[Service Date]]) -> 2026
A83: Goenka force Ghazipur | B83: Ghazipur | C83: 782778 | D83: 46187 | E83: 15622 | F83: T1 | G83: Sri Sumer Gopal Inter college Dhurehra Gzp | H83: P054145 | I83: 24/06/2026 | J83: 500 | L83: =MONTH(FSC_Coupon[[#This Row],[Service Date]]) -> 6 | M83: =YEAR(FSC_Coupon[[#This Row],[Service Date]]) -> 2026
A84: Goenka force Ghazipur | B84: Ghazipur | C84: 333021 | D84: 46187 | E84: 5764 | F84: Trax | G84: International Pb School Sarhula Gzp | H84: P111559 | I84: 24/06/2026 | J84: 0 | L84: =MONTH(FSC_Coupon[[#This Row],[Service Date]]) -> 6 | M84: =YEAR(FSC_Coupon[[#This Row],[Service Date]]) -> 2026
A85: Goenka force Ghazipur | B85: Ghazipur | C85: 771412 | D85: 46187 | E85: 26121 | F85: T1 | G85: P.N.S. Pb School Kashimabad Gzp | H85: P051942 | I85: 24/06/2026 | J85: 0 | L85: =MONTH(FSC_Coupon[[#This Row],[Service Date]]) -> 6 | M85: =YEAR(FSC_Coupon[[#This Row],[Service Date]]) -> 2026
A86: Goenka force Ghazipur | B86: Ghazipur | C86: 803982 | D86: 46188 | E86: 16667 | F86: T1 | G86: P.R. Int. School Karimdinpur Gzp | H86: P058152 | I86: 24/06/2026 | J86: 0 | L86: =MONTH(FSC_Coupon[[#This Row],[Service Date]]) -> 6 | M86: =YEAR(FSC_Coupon[[#This Row],[Service Date]]) -> 2026
A87: Goenka force Ghazipur | B87: Ghazipur | C87: 804641 | D87: 46192 | E87: 12265 | F87: T1 | G87: M.K.D. Pb School Bauri Ghazipur | H87: P058107 | I87: 24/06/2026 | J87: 500 | L87: =MONTH(FSC_Coupon[[#This Row],[Service Date]]) -> 6 | M87: =YEAR(FSC_Coupon[[#This Row],[Service Date]]) -> 2026
... A90: Goenka force Ghazipur | B90: Ghazipur | C90: 326401 | D90: 46195 | E90: 15030 | F90: Trax | G90: S.S.Dev Pb School Hetimpur Zamania Gzp | H90: P105865 | I90: 24/06/2026 | J90: 500 | L90: =MONTH(FSC_Coupon[[#This Row],[Service Date]]) -> 6 | M90: =YEAR(FSC_Coupon[[#This Row],[Service Date]]) -> 2026
A91: Goenka force Ghazipur | B91: Ghazipur | C91: 780143 | D91: 46197 | E91: 36154 | F91: T1 | G91: Broadway Global School Malikpura Gzp | H91: P053691 | I91: 46241 | J91: 500 | L91: =MONTH(FSC_Coupon[[#This Row],[Service Date]]) -> 6 | M91: =YEAR(FSC_Coupon[[#This Row],[Service Date]]) -> 2026
A92: Goenka force Ghazipur | B92: Ghazipur | C92: 807558 | D92: 46197 | E92: 13366 | F92: T3 | G92: Swami Vivekanand Int. School Nandganj Gzp | H92: P002940 | I92: 46241 | J92: 500 | L92: =MONTH(FSC_Coupon[[#This Row],[Service Date]]) -> 6 | M92: =YEAR(FSC_Coupon[[#This Row],[Service Date]]) -> 2026
A93: Goenka force Ghazipur | B93: Ghazipur | C93: 334195 | D93: 46198 | E93: 3819 | F93: Trax | G93: Swami Vivekanand Int. School Nandganj Gzp | H93: P114998 | I93: 46241 | J93: 500 | L93: =MONTH(FSC_Coupon[[#This Row],[Service Date]]) -> 6 | M93: =YEAR(FSC_Coupon[[#This Row],[Service Date]]) -> 2026
A94: Goenka force Ghazipur | B94: Ghazipur | C94: 328544 | D94: 46198 | E94: 10863 | F94: Trax | G94: OM Sai Pb School Kasimabad Gzp | H94: P108712 | I94: 46241 | J94: 0 | L94: =MONTH(FSC_Coupon[[#This Row],[Service Date]]) -> 6 | M94: =YEAR(FSC_Coupon[[#This Row],[Service Date]]) -> 2026
A95: Goenka force Ghazipur | B95: Ghazipur | C95: 333672 | D95: 46198 | E95: 9788 | F95: Trax | G95: Oxford English school Deva Dullahpur Gzp | H95: P110725 | I95: 46241 | J95: 0 | L95: =MONTH(FSC_Coupon[[#This Row],[Service Date]]) -> 6 | M95: =YEAR(FSC_Coupon[[#This Row],[Service Date]]) -> 2026
A96: Goenka force Ghazipur | B96: Ghazipur | C96: 803751 | D96: 46201 | E96: 22710 | F96: T2 | G96: Sunbeem School Dewal Dildarnagar Gzp | H96: P058193 | I96: 46241 | J96: 500 | L96: =MONTH(FSC_Coupon[[#This Row],[Service Date]]) -> 6 | M96: =YEAR(FSC_Coupon[[#This Row],[Service Date]]) -> 2026
A97: Goenka force Ghazipur | B97: Ghazipur | C97: 324356 | D97: 46202 | E97: 12621 | F97: Trax | G97: Hariom Singh Malikpura Gzp | H97: P001576 | I97: 46241 | J97: 500 | L97: =MONTH(FSC_Coupon[[#This Row],[Service Date]]) -> 6 | M97: =YEAR(FSC_Coupon[[#This Row],[Service Date]]) -> 2026
A98: Goenka force Ghazipur | B98: Ghazipur | C98: 782169 | D98: 46203 | E98: 36881 | F98: T1 | G98: St. Xaveirs sr. Sec School Ghoshi Mau | H98: P054031 | I98: 46241 | J98: 500 | L98: =MONTH(FSC_Coupon[[#This Row],[Service Date]]) -> 6 | M98: =YEAR(FSC_Coupon[[#This Row],[Service Date]]) -> 2026
A99: Goenka force Ghazipur | B99: Ghazipur | C99: 782168 | D99: 46203 | E99: 25631 | F99: T1 | G99: St. Xaveirs sr. Sec School Ghoshi Mau | H99: P054030 | I99: 46241 | J99: 500 | L99: =MONTH(FSC_Coupon[[#This Row],[Service Date]]) -> 6 | M99: =YEAR(FSC_Coupon[[#This Row],[Service Date]]) -> 2026
A100: Goenka force Ghazipur | B100: Ghazipur | C100: 780026 | D100: 46203 | E100: 31416 | F100: T1 | G100: St. Xaveirs High School Mau | H100: P054043 | I100: 46241 | J100: 500 | L100: =MONTH(FSC_Coupon[[#This Row],[Service Date]]) -> 6 | M100: =YEAR(FSC_Coupon[[#This Row],[Service Date]]) -> 2026
A101: Goenka force Ghazipur | B101: Ghazipur | C101: 782167 | D101: 46203 | E101: 32307 | F101: T1 | G101: St. Xaveirs High School Mau | H101: P054042 | I101: 46241 | J101: 500 | L101: =MONTH(FSC_Coupon[[#This Row],[Service Date]]) -> 6 | M101: =YEAR(FSC_Coupon[[#This Row],[Service Date]]) -> 2026
A102: Goenka force Ghazipur | B102: Ghazipur | C102: 328366 | D102: 46208 | E102: 21736 | F102: Trax | G102: Pramod Kumar Kushwaha Gahmar Gzp | H102: P001633 | J102: 0 | L102: =MONTH(FSC_Coupon[[#This Row],[Service Date]]) -> 7 | M102: =YEAR(FSC_Coupon[[#This Row],[Service Date]]) -> 2026
A103: Goenka force Ghazipur | B103: Ghazipur | C103: 339473 | D103: 46211 | E103: 1900 | F103: Trax | G103: Dr. Ram Manohar Lohia PG College Jhotari Gzp | H103: P116484 | J103: 500 | L103: =MONTH(FSC_Coupon[[#This Row],[Service Date]]) -> 7 | M103: =YEAR(FSC_Coupon[[#This Row],[Service Date]]) -> 2026
A104: Goenka force Ghazipur | B104: Ghazipur | C104: 784170 | D104: 46215 | E104: 11366 | F104: T2 | G104: Swami Vivekanand Pb School Adarsh Bazar Gzp | H104: P023810 | J104: 500 | L104: =MONTH(FSC_Coupon[[#This Row],[Service Date]]) -> 7 | M104: =YEAR(FSC_Coupon[[#This Row],[Service Date]]) -> 2026
A105: Goenka force Ghazipur | B105: Ghazipur | C105: 807628 | D105: 46217 | E105: 7186 | F105: T1 | G105: Budh Janhit Purv Md Vidyalya Bhadura Gzp | H105: P010201 | J105: 500 | L105: =MONTH(FSC_Coupon[[#This Row],[Service Date]]) -> 7 | M105: =YEAR(FSC_Coupon[[#This Row],[Service Date]]) -> 2026
A106: Goenka force Ghazipur | B106: Ghazipur | C106: 798538 | D106: 46219 | E106: 6863 | F106: T1 | G106: A.W. Int. School Mahend Gzp | H106: P055813 | J106: 500 | L106: =MONTH(FSC_Coupon[[#This Row],[Service Date]]) -> 7 | M106: =YEAR(FSC_Coupon[[#This Row],[Service Date]]) -> 2026
A107: Goenka force Ghazipur | B107: Ghazipur | C107: 781824 | D107: 46219 | E107: 3284 | F107: T1 | G107: Chinmay Bharat Academy Lakhmipur Gzp | H107: P059601 | J107: 500 | L107: =MONTH(FSC_Coupon[[#This Row],[Service Date]]) -> 7 | M107: =YEAR(FSC_Coupon[[#This Row],[Service Date]]) -> 2026
L108: =MONTH(FSC_Coupon[[#This Row],[Service Date]]) -> 1 | M108: =YEAR(FSC_Coupon[[#This Row],[Service Date]]) -> 1900
L109: =MONTH(FSC_Coupon[[#This Row],[Service Date]]) -> 1 | M109: =YEAR(FSC_Coupon[[#This Row],[Service Date]]) -> 1900
L110: =MONTH(FSC_Coupon[[#This Row],[Service Date]]) -> 1 | M110: =YEAR(FSC_Coupon[[#This Row],[Service Date]]) -> 1900
L111: =MONTH(FSC_Coupon[[#This Row],[Service Date]]) -> 1 | M111: =YEAR(FSC_Coupon[[#This Row],[Service Date]]) -> 1900
L112: =MONTH(FSC_Coupon[[#This Row],[Service Date]]) -> 1 | M112: =YEAR(FSC_Coupon[[#This Row],[Service Date]]) -> 1900
L113: =MONTH(FSC_Coupon[[#This Row],[Service Date]]) -> 1 | M113: =YEAR(FSC_Coupon[[#This Row],[Service Date]]) -> 1900
L114: =MONTH(FSC_Coupon[[#This Row],[Service Date]]) -> 1 | M114: =YEAR(FSC_Coupon[[#This Row],[Service Date]]) -> 1900
L115: =MONTH(FSC_Coupon[[#This Row],[Service Date]]) -> 1 | M115: =YEAR(FSC_Coupon[[#This Row],[Service Date]]) -> 1900
L116: =MONTH(FSC_Coupon[[#This Row],[Service Date]]) -> 1 | M116: =YEAR(FSC_Coupon[[#This Row],[Service Date]]) -> 1900
L117: =MONTH(FSC_Coupon[[#This Row],[Service Date]]) -> 1 | M117: =YEAR(FSC_Coupon[[#This Row],[Service Date]]) -> 1900
L118: =MONTH(FSC_Coupon[[#This Row],[Service Date]]) -> 1 | M118: =YEAR(FSC_Coupon[[#This Row],[Service Date]]) -> 1900
L119: =MONTH(FSC_Coupon[[#This Row],[Service Date]]) -> 1 | M119: =YEAR(FSC_Coupon[[#This Row],[Service Date]]) -> 1900
... L400: =MONTH(FSC_Coupon[[#This Row],[Service Date]]) -> 1 | M400: =YEAR(FSC_Coupon[[#This Row],[Service Date]]) -> 1900

Sheet Warranty
A1: Free Service Coupon Claim
A3: Workshop Name | B3: Location | C3: Internal Warranty Claim Number | D3: Service Date | E3: Service KMS/Hrs | F3: Vehicle Model | G3: Customer Name | H3: Chassis No | I3: Date for Handover to Varanasi Workshop | J3: Claim Value | K3: Claim Status | L3: Month | M3: Year
L4: =MONTH(FSC_Coupon6[[#This Row],[Service Date]]) -> 1 | M4: =YEAR(FSC_Coupon6[[#This Row],[Service Date]]) -> 1900
L5: =MONTH(FSC_Coupon6[[#This Row],[Service Date]]) -> 1 | M5: =YEAR(FSC_Coupon6[[#This Row],[Service Date]]) -> 1900
L6: =MONTH(FSC_Coupon6[[#This Row],[Service Date]]) -> 1 | M6: =YEAR(FSC_Coupon6[[#This Row],[Service Date]]) -> 1900
L7: =MONTH(FSC_Coupon6[[#This Row],[Service Date]]) -> 1 | M7: =YEAR(FSC_Coupon6[[#This Row],[Service Date]]) -> 1900
L8: =MONTH(FSC_Coupon6[[#This Row],[Service Date]]) -> 1 | M8: =YEAR(FSC_Coupon6[[#This Row],[Service Date]]) -> 1900
L9: =MONTH(FSC_Coupon6[[#This Row],[Service Date]]) -> 1 | M9: =YEAR(FSC_Coupon6[[#This Row],[Service Date]]) -> 1900
L10: =MONTH(FSC_Coupon6[[#This Row],[Service Date]]) -> 1 | M10: =YEAR(FSC_Coupon6[[#This Row],[Service Date]]) -> 1900
L11: =MONTH(FSC_Coupon6[[#This Row],[Service Date]]) -> 1 | M11: =YEAR(FSC_Coupon6[[#This Row],[Service Date]]) -> 1900
L12: =MONTH(FSC_Coupon6[[#This Row],[Service Date]]) -> 1 | M12: =YEAR(FSC_Coupon6[[#This Row],[Service Date]]) -> 1900
L13: =MONTH(FSC_Coupon6[[#This Row],[Service Date]]) -> 1 | M13: =YEAR(FSC_Coupon6[[#This Row],[Service Date]]) -> 1900
L14: =MONTH(FSC_Coupon6[[#This Row],[Service Date]]) -> 1 | M14: =YEAR(FSC_Coupon6[[#This Row],[Service Date]]) -> 1900
L15: =MONTH(FSC_Coupon6[[#This Row],[Service Date]]) -> 1 | M15: =YEAR(FSC_Coupon6[[#This Row],[Service Date]]) -> 1900
... L400: =MONTH(FSC_Coupon6[[#This Row],[Service Date]]) -> 1 | M400: =YEAR(FSC_Coupon6[[#This Row],[Service Date]]) -> 1900
